image,width,height,fdi,x1,y1,x2,y2,caries,deep_caries,periapical,split,path
train_673.png,2744,1316,47,675.0,708.0,918.0,1008.0,1,0,0,val,/content/dentex_crops/val/train_673_47.png
train_673.png,2744,1316,33,1463.0,725.0,1561.0,1150.0,1,0,0,val,/content/dentex_crops/val/train_673_33.png
train_673.png,2744,1316,34,1536.0,753.0,1639.0,1134.0,1,0,0,val,/content/dentex_crops/val/train_673_34.png
train_673.png,2744,1316,35,1600.0,762.0,1722.0,1099.0,1,0,0,val,/content/dentex_crops/val/train_673_35.png
train_673.png,2744,1316,26,1701.0,371.0,1846.0,661.0,1,0,0,val,/content/dentex_crops/val/train_673_26.png
train_673.png,2744,1316,17,779.0,376.0,911.0,693.0,1,0,0,val,/content/dentex_crops/val/train_673_17.png
train_673.png,2744,1316,36,1667.0,723.0,1904.0,1079.0,1,0,0,val,/content/dentex_crops/val/train_673_36.png
train_673.png,2744,1316,37,1806.0,696.0,2043.0,1004.0,1,0,0,val,/content/dentex_crops/val/train_673_37.png
train_673.png,2744,1316,32,1405.1948051948052,724.6753246753246,1480.5194805194806,1077.922077922078,0,0,1,val,/content/dentex_crops/val/train_673_32.png
train_673.png,2744,1316,31,1344.155844155844,720.7792207792207,1422.077922077922,1106.4935064935064,0,0,1,val,/content/dentex_crops/val/train_673_31.png
train_673.png,2744,1316,41,1288.3116883116884,723.3766233766233,1350.6493506493507,1110.3896103896104,0,0,1,val,/content/dentex_crops/val/train_673_41.png
train_283.png,2872,1504,37,1824.0,995.0,2053.0,1250.0,1,0,0,train,/content/dentex_crops/train/train_283_37.png
train_283.png,2872,1504,26,1732.0,679.0,1872.0,931.0,1,0,0,train,/content/dentex_crops/train/train_283_26.png
train_95.png,2872,1504,47,843.0,838.0,1033.0,1163.0,1,0,0,train,/content/dentex_crops/train/train_95_47.png
train_95.png,2872,1504,46,1006.0,826.0,1183.0,1171.0,0,0,1,train,/content/dentex_crops/train/train_95_46.png
train_95.png,2872,1504,45,1142.0,816.0,1256.0,1149.0,1,0,0,train,/content/dentex_crops/train/train_95_45.png
train_95.png,2872,1504,44,1215.0,815.0,1347.0,1153.0,0,0,1,train,/content/dentex_crops/train/train_95_44.png
train_95.png,2872,1504,34,1649.0,791.0,1753.0,1120.0,1,0,0,train,/content/dentex_crops/train/train_95_34.png
train_95.png,2872,1504,37,1900.0,786.0,2143.0,1119.0,1,0,0,train,/content/dentex_crops/train/train_95_37.png
train_95.png,2872,1504,18,716.0,562.0,905.0,870.0,1,0,0,train,/content/dentex_crops/train/train_95_18.png
train_95.png,2872,1504,17,847.0,530.0,1044.0,860.0,1,0,0,train,/content/dentex_crops/train/train_95_17.png
train_95.png,2872,1504,22,1576.0,471.0,1660.0,800.0,1,0,0,train,/content/dentex_crops/train/train_95_22.png
train_95.png,2872,1504,25,1784.0,460.0,1902.0,808.0,1,0,0,train,/content/dentex_crops/train/train_95_25.png
train_95.png,2872,1504,26,1867.0,467.0,2043.0,812.0,1,0,0,train,/content/dentex_crops/train/train_95_26.png
train_95.png,2872,1504,35,1727.0,795.0,1829.0,1136.0,0,1,0,train,/content/dentex_crops/train/train_95_35.png
train_95.png,2872,1504,28,2151.6153846153848,515.6923076923076,2286.230769230769,786.8461538461538,0,1,0,train,/content/dentex_crops/train/train_95_28.png
train_95.png,2872,1504,27,2022.5806451612902,444.83870967741933,2159.6774193548385,790.0,1,0,0,train,/content/dentex_crops/train/train_95_27.png
train_475.png,2872,1504,44,1082.0,863.0,1191.0,1164.0,0,1,0,val,/content/dentex_crops/val/train_475_44.png
train_475.png,2872,1504,42,1211.0,891.0,1411.0,1189.0,0,0,1,val,/content/dentex_crops/val/train_475_42.png
train_62.png,2867,1316,15,1061.9565217391305,504.3478260869565,1165.2173913043478,803.2608695652174,1,0,0,train,/content/dentex_crops/train/train_62_15.png
train_62.png,2867,1316,18,761.9565217391304,464.1304347826087,921.7391304347826,704.3478260869565,0,1,0,train,/content/dentex_crops/train/train_62_18.png
train_62.png,2867,1316,28,1893.8144329896909,524.2268041237113,2077.8350515463917,770.1030927835052,1,0,0,train,/content/dentex_crops/train/train_62_28.png
train_62.png,2867,1316,45,1001.5463917525774,818.5567010309279,1158.7628865979382,1032.4742268041236,0,1,0,train,/content/dentex_crops/train/train_62_45.png
train_62.png,2867,1316,46,828.3505154639175,782.9896907216495,1024.2268041237114,967.5257731958764,0,1,0,train,/content/dentex_crops/train/train_62_46.png
train_62.png,2867,1316,25,1659.3861386138615,496.1782178217822,1749.4851485148515,693.2079207920792,0,1,0,train,/content/dentex_crops/train/train_62_25.png
train_637.png,3076,1536,26,1916.0,575.0,2082.0,774.0,0,1,0,train,/content/dentex_crops/train/train_637_26.png
train_637.png,3076,1536,18,812.0,519.0,966.0,771.0,0,1,0,train,/content/dentex_crops/train/train_637_18.png
train_637.png,3076,1536,44,1254.0,861.0,1356.0,1167.0,1,0,0,train,/content/dentex_crops/train/train_637_44.png
train_637.png,3076,1536,34,1682.0,853.0,1809.0,1163.0,1,0,0,train,/content/dentex_crops/train/train_637_34.png
train_637.png,3076,1536,47,858.0,841.0,1135.0,1147.0,1,0,0,train,/content/dentex_crops/train/train_637_47.png
train_637.png,3076,1536,15,1127.0,543.0,1236.0,791.0,1,0,0,train,/content/dentex_crops/train/train_637_15.png
train_187.png,2815,1316,35,1644.0,790.0,1807.0,1078.0,0,1,0,train,/content/dentex_crops/train/train_187_35.png
train_187.png,2815,1316,36,1737.0,776.0,1967.0,1080.0,1,0,1,train,/content/dentex_crops/train/train_187_36.png
train_187.png,2815,1316,37,1860.0,734.0,2074.0,987.0,1,0,0,train,/content/dentex_crops/train/train_187_37.png
train_187.png,2815,1316,25,1711.0,491.0,1822.0,782.0,0,1,0,train,/content/dentex_crops/train/train_187_25.png
train_187.png,2815,1316,16,883.0,469.0,1042.0,784.0,0,1,0,train,/content/dentex_crops/train/train_187_16.png
train_187.png,2815,1316,14,1093.3333333333333,522.0,1168.0,732.6666666666666,0,1,0,train,/content/dentex_crops/train/train_187_14.png
train_509.png,2928,1316,16,1001.5873015873016,471.42857142857144,1173.015873015873,787.3015873015873,1,0,0,train,/content/dentex_crops/train/train_509_16.png
train_509.png,2928,1316,15,1128.5714285714287,447.6190476190476,1253.968253968254,812.6984126984127,1,0,0,train,/content/dentex_crops/train/train_509_15.png
train_509.png,2928,1316,42,1345.5555555555554,840.6666666666666,1433.3333333333333,1125.0,0,0,1,train,/content/dentex_crops/train/train_509_42.png
train_509.png,2928,1316,44,1173.3333333333333,836.6666666666666,1284.4444444444443,1161.111111111111,0,1,0,train,/content/dentex_crops/train/train_509_44.png
train_509.png,2928,1316,45,1075.5555555555554,829.4444444444445,1177.7777777777778,1140.5555555555554,1,0,0,train,/content/dentex_crops/train/train_509_45.png
train_31.png,2872,1504,46,835.030303030303,796.0,1086.030303030303,1129.0,1,0,0,train,/content/dentex_crops/train/train_31_46.png
train_31.png,2872,1504,38,2018.0,800.0,2309.0,1069.0,1,0,0,train,/content/dentex_crops/train/train_31_38.png
train_31.png,2872,1504,36,1724.0,811.0,1993.0,1175.0,1,0,0,train,/content/dentex_crops/train/train_31_36.png
train_31.png,2872,1504,23,1579.0,413.0,1733.0,739.0,1,0,0,train,/content/dentex_crops/train/train_31_23.png
train_498.png,2910,1316,17,925.0,443.0,1147.0,697.0,1,0,0,train,/content/dentex_crops/train/train_498_17.png
train_498.png,2910,1316,16,1051.0,477.0,1232.0,742.0,1,0,0,train,/content/dentex_crops/train/train_498_16.png
train_498.png,2910,1316,47,819.0,663.0,1074.0,955.0,0,1,0,train,/content/dentex_crops/train/train_498_47.png
train_498.png,2910,1316,37,1900.0,673.0,2133.0,937.0,1,0,0,train,/content/dentex_crops/train/train_498_37.png
train_498.png,2910,1316,26,1825.0,429.0,1980.0,731.0,1,0,0,train,/content/dentex_crops/train/train_498_26.png
train_498.png,2910,1316,36,1780.0,735.0,2048.0,1036.0,1,0,0,train,/content/dentex_crops/train/train_498_36.png
train_498.png,2910,1316,44,1203.0,763.0,1318.0,1059.0,1,0,0,train,/content/dentex_crops/train/train_498_44.png
train_498.png,2910,1316,46,935.0,724.0,1191.0,1024.0,1,0,0,train,/content/dentex_crops/train/train_498_46.png
train_264.png,2866,1316,37,1853.0,745.0,2134.0,1032.0,1,0,0,train,/content/dentex_crops/train/train_264_37.png
train_264.png,2866,1316,46,919.0,729.0,1144.0,1070.0,1,0,0,train,/content/dentex_crops/train/train_264_46.png
train_264.png,2866,1316,34,1627.0,781.0,1728.0,1098.0,1,0,0,train,/content/dentex_crops/train/train_264_34.png
train_581.png,2788,1316,36,1702.0,597.0,1993.0,923.0,0,1,1,train,/content/dentex_crops/train/train_581_36.png
train_581.png,2788,1316,37,1822.837837837838,529.0,2123.0,811.0,1,0,0,train,/content/dentex_crops/train/train_581_37.png
train_581.png,2788,1316,46,793.0,618.7567567567568,1112.0,915.0,1,0,0,train,/content/dentex_crops/train/train_581_46.png
train_581.png,2788,1316,47,653.0,545.0,974.2432432432432,823.0,1,0,0,train,/content/dentex_crops/train/train_581_47.png
train_458.png,2868,1504,37,2080.0,829.0,2320.0,1124.0,1,0,0,train,/content/dentex_crops/train/train_458_37.png
train_458.png,2868,1504,17,733.0,575.0,900.0,851.0,0,1,0,train,/content/dentex_crops/train/train_458_17.png
train_458.png,2868,1504,47,716.0,810.0,914.0,1092.0,1,0,0,train,/content/dentex_crops/train/train_458_47.png
train_458.png,2868,1504,45,993.0,838.0,1136.0,1136.0,1,0,0,train,/content/dentex_crops/train/train_458_45.png
train_458.png,2868,1504,26,1976.0,605.0,2122.0,892.0,1,0,0,train,/content/dentex_crops/train/train_458_26.png
train_646.png,2830,1316,17,979.0,376.0,1145.0,638.0,0,1,0,val,/content/dentex_crops/val/train_646_17.png
train_646.png,2830,1316,18,864.0,320.0,987.0,612.0,1,0,0,val,/content/dentex_crops/val/train_646_18.png
train_646.png,2830,1316,37,1812.0,614.0,2051.0,884.0,1,0,0,val,/content/dentex_crops/val/train_646_37.png
train_646.png,2830,1316,28,1946.0,324.0,2093.0,588.0,0,1,0,val,/content/dentex_crops/val/train_646_28.png
train_646.png,2830,1316,27,1859.0,348.0,1982.0,616.0,0,1,0,val,/content/dentex_crops/val/train_646_27.png
train_12.png,2872,1504,47,789.0,805.0,1001.0,1101.0,1,0,0,test,/content/dentex_crops/test/train_12_47.png
train_12.png,2872,1504,46,942.0,802.0,1152.0,1119.0,1,0,0,test,/content/dentex_crops/test/train_12_46.png
train_12.png,2872,1504,16,928.0,508.0,1062.0,812.0,0,1,0,test,/content/dentex_crops/test/train_12_16.png
train_12.png,2872,1504,15,1042.0,530.0,1156.0,814.0,1,0,0,test,/content/dentex_crops/test/train_12_15.png
train_12.png,2872,1504,36,1867.0,811.0,2087.0,1109.0,0,1,0,test,/content/dentex_crops/test/train_12_36.png
train_12.png,2872,1504,27,2092.0,506.0,2241.0,812.0,1,0,0,test,/content/dentex_crops/test/train_12_27.png
train_12.png,2872,1504,37,2010.0,794.0,2245.0,1101.0,1,0,0,test,/content/dentex_crops/test/train_12_37.png
train_12.png,2872,1504,17,777.0,539.0,939.0,804.0,1,0,0,test,/content/dentex_crops/test/train_12_17.png
train_564.png,1976,976,17,515.75,302.0,619.5,507.0,1,0,0,val,/content/dentex_crops/val/train_564_17.png
train_564.png,1976,976,26,1208.25,318.25,1314.5,533.25,1,0,0,val,/content/dentex_crops/val/train_564_26.png
train_564.png,1976,976,36,1200.0,535.0,1355.75,773.25,0,1,0,val,/content/dentex_crops/val/train_564_36.png
train_564.png,1976,976,46,519.5,538.25,720.75,748.25,0,1,0,val,/content/dentex_crops/val/train_564_46.png
train_564.png,1976,976,47,480.75,525.75,629.5,712.0,0,1,0,val,/content/dentex_crops/val/train_564_47.png
train_564.png,1976,976,16,604.0,364.0,692.0,481.0,0,1,0,val,/content/dentex_crops/val/train_564_16.png
train_693.png,2827,1316,46,841.0,750.0,1084.0,1045.0,1,0,0,train,/content/dentex_crops/train/train_693_46.png
train_693.png,2827,1316,44,1105.0,777.0,1218.0,1093.0,1,0,0,train,/content/dentex_crops/train/train_693_44.png
train_693.png,2827,1316,11,1285.0,413.0,1419.0,771.0,0,0,1,train,/content/dentex_crops/train/train_693_11.png
train_693.png,2827,1316,21,1404.0,406.0,1511.0,766.0,0,0,1,train,/content/dentex_crops/train/train_693_21.png
train_693.png,2827,1316,22,1480.0,419.0,1589.0,735.0,0,0,1,train,/content/dentex_crops/train/train_693_22.png
train_693.png,2827,1316,36,1668.0,747.0,1942.0,1060.0,1,0,0,train,/content/dentex_crops/train/train_693_36.png
train_693.png,2827,1316,47,694.0,712.0,963.0,1004.0,1,0,0,train,/content/dentex_crops/train/train_693_47.png
train_324.png,2953,1316,44,1148.0,605.0,1269.0,901.0,0,0,1,val,/content/dentex_crops/val/train_324_44.png
train_136.png,2852,1316,17,850.0,441.0,995.0,728.0,0,1,0,train,/content/dentex_crops/train/train_136_17.png
train_136.png,2852,1316,47,782.0,715.0,1014.0,1004.0,0,1,0,train,/content/dentex_crops/train/train_136_47.png
train_136.png,2852,1316,16,962.0,455.0,1110.0,749.0,1,0,0,train,/content/dentex_crops/train/train_136_16.png
train_136.png,2852,1316,35,1720.0,748.0,1823.0,1062.0,0,1,0,train,/content/dentex_crops/train/train_136_35.png
train_136.png,2852,1316,34,1642.0,742.0,1740.0,1041.0,0,1,0,train,/content/dentex_crops/train/train_136_34.png
train_136.png,2852,1316,44,916.0,744.0,1095.0,1019.0,1,0,0,train,/content/dentex_crops/train/train_136_44.png
train_136.png,2852,1316,36,1792.0,763.0,1968.0,1043.0,1,0,0,train,/content/dentex_crops/train/train_136_36.png
train_305.png,2942,1316,36,1809.141414141414,690.9494949494949,2029.3434343434344,1052.5656565656566,0,1,0,train,/content/dentex_crops/train/train_305_36.png
train_305.png,2942,1316,37,1932.4343434343434,675.7878787878788,2167.787878787879,1004.070707070707,1,0,0,train,/content/dentex_crops/train/train_305_37.png
train_305.png,2942,1316,46,916.1616161616162,691.9191919191919,1136.3636363636363,1030.3030303030303,1,0,0,train,/content/dentex_crops/train/train_305_46.png
train_348.png,2872,1504,46,833.0,1023.0,1082.0,1354.0,1,0,0,train,/content/dentex_crops/train/train_348_46.png
train_348.png,2872,1504,26,1875.0,690.0,2038.0,969.0,1,0,0,train,/content/dentex_crops/train/train_348_26.png
train_348.png,2872,1504,16,893.0,688.0,1041.0,987.0,1,0,0,train,/content/dentex_crops/train/train_348_16.png
train_348.png,2872,1504,35,1782.0,998.0,1916.0,1316.0,1,0,0,train,/content/dentex_crops/train/train_348_35.png
train_348.png,2872,1504,13,1175.0,666.0,1295.0,985.0,1,0,0,train,/content/dentex_crops/train/train_348_13.png
train_348.png,2872,1504,36,1889.0,980.0,2125.0,1312.0,1,0,0,train,/content/dentex_crops/train/train_348_36.png
train_251.png,1976,976,14,711.0,297.6153846153846,777.1538461538461,520.0,1,0,0,train,/content/dentex_crops/train/train_251_14.png
train_251.png,1976,976,22,967.0,338.0,1051.2307692307693,527.0,1,0,0,train,/content/dentex_crops/train/train_251_22.png
train_251.png,1976,976,23,1023.3846153846152,271.0,1101.0,516.0,1,0,0,train,/content/dentex_crops/train/train_251_23.png
train_251.png,1976,976,26,1138.0,273.0,1265.6923076923076,466.0,1,0,0,train,/content/dentex_crops/train/train_251_26.png
train_251.png,1976,976,36,1120.923076923077,458.0,1329.0,673.0,1,0,0,train,/content/dentex_crops/train/train_251_36.png
train_251.png,1976,976,44,712.9230769230769,526.2307692307692,823.0,733.0,1,0,0,train,/content/dentex_crops/train/train_251_44.png
train_251.png,1976,976,45,590.3846153846154,493.0769230769231,765.0,709.0,1,0,0,train,/content/dentex_crops/train/train_251_45.png
train_176.png,2868,1504,36,1778.0,751.0,2006.0,1034.0,0,1,0,train,/content/dentex_crops/train/train_176_36.png
train_176.png,2868,1504,35,1704.9586776859505,779.3388429752066,1829.7520661157025,1063.6363636363637,0,1,0,train,/content/dentex_crops/train/train_176_35.png
train_176.png,2868,1504,16,985.1239669421487,481.8181818181818,1134.7107438016528,770.2479338842976,1,0,0,train,/content/dentex_crops/train/train_176_16.png
train_176.png,2868,1504,14,1190.0826446280992,518.1818181818182,1285.9504132231405,782.6446280991736,1,0,0,train,/content/dentex_crops/train/train_176_14.png
train_176.png,2868,1504,26,1802.1735537190084,433.3223140495868,1957.5454545454545,735.8016528925621,1,0,0,train,/content/dentex_crops/train/train_176_26.png
train_176.png,2868,1504,25,1717.0,447.0,1835.0,755.0,1,0,0,train,/content/dentex_crops/train/train_176_25.png
train_176.png,2868,1504,46,996.0,771.0,1209.0,1077.0,1,0,0,train,/content/dentex_crops/train/train_176_46.png
train_621.png,3004,1316,37,1912.0,611.0,2175.0,912.0,1,0,0,train,/content/dentex_crops/train/train_621_37.png
train_621.png,3004,1316,36,1845.6315789473683,729.0,2072.6315789473683,1002.0,0,1,0,train,/content/dentex_crops/train/train_621_36.png
train_621.png,3004,1316,35,1747.0,724.0,1884.0,1018.0,1,0,1,train,/content/dentex_crops/train/train_621_35.png
train_621.png,3004,1316,42,1394.0,763.0,1477.0,1017.0,1,0,0,train,/content/dentex_crops/train/train_621_42.png
train_621.png,3004,1316,17,1024.0,313.0,1212.0,618.0,0,1,0,train,/content/dentex_crops/train/train_621_17.png
train_621.png,3004,1316,27,1841.4141414141413,345.45454545454544,1942.4242424242425,577.7777777777778,0,1,0,train,/content/dentex_crops/train/train_621_27.png
train_453.png,2880,1504,38,2241.322314049587,797.5206611570248,2461.9834710743803,1068.595041322314,1,0,0,test,/content/dentex_crops/test/train_453_38.png
train_289.png,2868,1504,12,1303.0,497.0,1396.0,841.0,1,0,0,test,/content/dentex_crops/test/train_289_12.png
train_289.png,2868,1504,11,1390.0,505.0,1502.0,852.0,1,0,0,test,/content/dentex_crops/test/train_289_11.png
train_289.png,2868,1504,21,1497.0,497.0,1611.0,852.0,1,0,0,test,/content/dentex_crops/test/train_289_21.png
train_289.png,2868,1504,22,1585.0,486.0,1673.0,849.0,1,0,0,test,/content/dentex_crops/test/train_289_22.png
train_289.png,2868,1504,23,1669.0,488.0,1747.0,779.0,0,1,0,test,/content/dentex_crops/test/train_289_23.png
train_289.png,2868,1504,24,1728.0,476.0,1849.0,806.0,1,0,0,test,/content/dentex_crops/test/train_289_24.png
train_289.png,2868,1504,27,1911.0,499.0,2117.0,793.0,1,0,0,test,/content/dentex_crops/test/train_289_27.png
train_289.png,2868,1504,46,897.0,838.0,1110.0,1152.0,0,1,0,test,/content/dentex_crops/test/train_289_46.png
train_289.png,2868,1504,45,1082.0,833.0,1197.0,1142.0,1,0,0,test,/content/dentex_crops/test/train_289_45.png
train_289.png,2868,1504,38,2075.0,758.0,2324.0,993.0,1,0,0,test,/content/dentex_crops/test/train_289_38.png
train_289.png,2868,1504,28,2077.0,497.0,2202.0,757.0,0,1,0,test,/content/dentex_crops/test/train_289_28.png
train_289.png,2868,1504,35,1794.0,815.0,1931.0,1167.0,1,0,0,test,/content/dentex_crops/test/train_289_35.png
train_289.png,2868,1504,34,1706.0,830.0,1823.0,1174.0,1,0,0,test,/content/dentex_crops/test/train_289_34.png
train_229.png,2881,1316,28,2028.0,382.0,2144.0,699.0,1,0,0,test,/content/dentex_crops/test/train_229_28.png
train_499.png,2940,1316,26,1703.3333333333333,311.1111111111111,1860.0,697.7777777777777,0,1,0,test,/content/dentex_crops/test/train_499_26.png
train_499.png,2940,1316,27,1803.3333333333333,303.3333333333333,1967.7777777777778,643.3333333333334,1,0,0,test,/content/dentex_crops/test/train_499_27.png
train_499.png,2940,1316,46,928.8888888888889,745.5555555555555,1171.111111111111,1052.2222222222222,1,0,0,test,/content/dentex_crops/test/train_499_46.png
train_669.png,2984,1316,18,789.6470588235294,433.17647058823525,998.4705882352941,743.0,1,0,0,val,/content/dentex_crops/val/train_669_18.png
train_669.png,2984,1316,36,1719.0,740.0,1956.0,1041.0,1,0,0,val,/content/dentex_crops/val/train_669_36.png
train_290.png,2829,1316,16,876.0,515.0,1036.642857142857,793.642857142857,0,1,0,val,/content/dentex_crops/val/train_290_16.png
train_290.png,2829,1316,17,784.8571428571428,491.8571428571428,925.0,800.7857142857142,1,0,0,val,/content/dentex_crops/val/train_290_17.png
train_254.png,2876,1504,46,900.0,779.0,1132.0,1127.0,1,0,0,val,/content/dentex_crops/val/train_254_46.png
train_254.png,2876,1504,17,761.0,465.0,897.0,741.0,1,0,0,val,/content/dentex_crops/val/train_254_17.png
train_254.png,2876,1504,16,857.0,418.0,1048.0,761.0,1,0,0,val,/content/dentex_crops/val/train_254_16.png
train_254.png,2876,1504,24,1811.0,468.0,1930.0,739.0,0,1,0,val,/content/dentex_crops/val/train_254_24.png
train_254.png,2876,1504,36,1910.0,765.0,2163.0,1103.0,1,0,0,val,/content/dentex_crops/val/train_254_36.png
train_271.png,2982,1316,38,2006.0,658.0,2265.0,933.0,1,0,0,train,/content/dentex_crops/train/train_271_38.png
train_271.png,2982,1316,37,1894.0,700.0,2140.0,996.0,1,0,0,train,/content/dentex_crops/train/train_271_37.png
train_702.png,2886,1316,17,771.3636363636363,410.9090909090909,991.3636363636363,756.3636363636363,1,0,0,train,/content/dentex_crops/train/train_702_17.png
train_702.png,2886,1316,46,872.7272727272726,765.4545454545454,1085.4545454545453,1090.9090909090908,1,0,0,train,/content/dentex_crops/train/train_702_46.png
train_440.png,2750,1316,47,774.0,673.0,2062.0,974.0,1,1,0,train,/content/dentex_crops/train/train_440_47.png
train_440.png,2750,1316,27,1812.0,427.0,1939.0,681.0,0,1,0,train,/content/dentex_crops/train/train_440_27.png
train_61.png,2916,1316,28,1908.0,359.0,2046.0,600.0,1,0,0,train,/content/dentex_crops/train/train_61_28.png
train_61.png,2916,1316,46,1050.0,648.0,1208.0,908.0,0,1,0,train,/content/dentex_crops/train/train_61_46.png
train_61.png,2916,1316,36,1738.0,628.0,1926.0,907.0,1,0,0,train,/content/dentex_crops/train/train_61_36.png
train_41.png,1976,976,13,817.0,300.0,878.0769230769231,524.0,1,0,0,val,/content/dentex_crops/val/train_41_13.png
train_41.png,1976,976,15,737.0,295.0,793.0,505.0,0,1,1,val,/content/dentex_crops/val/train_41_15.png
train_41.png,1976,976,16,664.0,293.0,756.0,502.30769230769226,0,1,0,val,/content/dentex_crops/val/train_41_16.png
train_41.png,1976,976,17,580.0,282.0,685.7692307692307,471.46153846153845,1,0,0,val,/content/dentex_crops/val/train_41_17.png
train_41.png,1976,976,25,1124.0,266.6153846153846,1243.0,502.0,0,1,0,val,/content/dentex_crops/val/train_41_25.png
train_41.png,1976,976,27,1261.8461538461538,244.0,1387.0,419.7692307692307,1,0,0,val,/content/dentex_crops/val/train_41_27.png
train_41.png,1976,976,38,1277.0,421.0,1434.0,582.0,1,0,0,val,/content/dentex_crops/val/train_41_38.png
train_41.png,1976,976,47,498.0,479.53846153846155,707.0,659.0,1,0,0,val,/content/dentex_crops/val/train_41_47.png
train_383.png,2872,1504,46,986.0,871.0,1179.0,1208.0,1,0,0,train,/content/dentex_crops/train/train_383_46.png
train_383.png,2872,1504,27,1881.0,571.0,2102.0,907.0,1,0,0,train,/content/dentex_crops/train/train_383_27.png
train_383.png,2872,1504,36,1772.0,882.0,1947.0,1204.0,1,0,0,train,/content/dentex_crops/train/train_383_36.png
train_383.png,2872,1504,37,1900.0,893.0,2135.0,1180.0,1,0,0,train,/content/dentex_crops/train/train_383_37.png
train_383.png,2872,1504,18,816.0,582.0,1045.0,912.0,1,0,0,train,/content/dentex_crops/train/train_383_18.png
train_383.png,2872,1504,45,1165.0,897.0,1258.0,1175.0,1,0,0,train,/content/dentex_crops/train/train_383_45.png
train_383.png,2872,1504,44,1238.0,890.0,1323.0,1198.0,0,1,0,train,/content/dentex_crops/train/train_383_44.png
train_383.png,2872,1504,28,2033.0,588.0,2207.0,903.0,1,0,0,train,/content/dentex_crops/train/train_383_28.png
train_383.png,2872,1504,14,1170.0,637.0,1279.0,917.0,1,0,0,train,/content/dentex_crops/train/train_383_14.png
train_536.png,2900,1316,12,1267.5714285714284,472.0,1357.0,768.5714285714284,1,0,0,val,/content/dentex_crops/val/train_536_12.png
train_536.png,2900,1316,25,1774.2857142857142,459.9999999999999,1910.0,795.0,1,0,0,val,/content/dentex_crops/val/train_536_25.png
train_536.png,2900,1316,36,1799.0,802.0,1987.0,1115.0,1,0,0,val,/content/dentex_crops/val/train_536_36.png
train_536.png,2900,1316,46,937.0,815.2857142857142,1136.0,1127.0,1,0,0,val,/content/dentex_crops/val/train_536_46.png
train_536.png,2900,1316,26,1856.0,516.0,2025.0,817.0,1,0,0,val,/content/dentex_crops/val/train_536_26.png
train_700.png,3076,1536,17,945.0,413.0,1106.0,745.0,0,1,0,train,/content/dentex_crops/train/train_700_17.png
train_700.png,3076,1536,46,954.0,728.0,1175.0,1042.0,1,0,0,train,/content/dentex_crops/train/train_700_46.png
train_700.png,3076,1536,47,748.0,709.0,1021.0,985.0,1,0,0,train,/content/dentex_crops/train/train_700_47.png
train_700.png,3076,1536,42,1392.0,772.0,1487.0,1093.0,1,0,0,train,/content/dentex_crops/train/train_700_42.png
train_700.png,3076,1536,28,2080.0,446.0,2229.0,728.0,0,1,0,train,/content/dentex_crops/train/train_700_28.png
train_700.png,3076,1536,27,1978.0,435.0,2108.0,754.0,1,0,0,train,/content/dentex_crops/train/train_700_27.png
train_209.png,1976,976,16,616.75,282.0,715.5,483.25,1,0,0,train,/content/dentex_crops/train/train_209_16.png
train_209.png,1976,976,27,1248.75,223.75,1346.25,416.25,1,0,0,train,/content/dentex_crops/train/train_209_27.png
train_209.png,1976,976,36,1171.25,465.0,1333.75,663.75,1,0,0,train,/content/dentex_crops/train/train_209_36.png
train_209.png,1976,976,37,1250.0,420.0,1415.0,612.5,1,0,0,train,/content/dentex_crops/train/train_209_37.png
train_209.png,1976,976,48,475.0,420.0,635.0,593.75,1,0,0,train,/content/dentex_crops/train/train_209_48.png
train_682.png,2905,1316,28,2014.0,461.0,2140.0,698.0,0,1,0,val,/content/dentex_crops/val/train_682_28.png
train_682.png,2905,1316,17,923.1884057971014,430.4347826086956,1042.0289855072463,669.5652173913043,1,0,0,val,/content/dentex_crops/val/train_682_17.png
train_682.png,2905,1316,34,1683.0,750.0,1779.0,1025.0,0,1,0,val,/content/dentex_crops/val/train_682_34.png
train_682.png,2905,1316,45,1077.0,721.0,1228.0,998.0,0,1,0,val,/content/dentex_crops/val/train_682_45.png
train_7.png,2920,1316,36,1785.0,835.0,1994.0,1138.0,0,1,0,train,/content/dentex_crops/train/train_7_36.png
train_654.png,2868,1504,45,1010.0,801.0,1135.0,1126.0,1,0,0,val,/content/dentex_crops/val/train_654_45.png
train_654.png,2868,1504,44,1107.0,790.0,1232.0,1098.0,1,0,0,val,/content/dentex_crops/val/train_654_44.png
train_654.png,2868,1504,35,1829.0,776.0,1965.0,1096.0,1,0,0,val,/content/dentex_crops/val/train_654_35.png
train_654.png,2868,1504,28,2222.0,511.0,2345.0,791.0,1,0,0,val,/content/dentex_crops/val/train_654_28.png
train_654.png,2868,1504,47,670.0,768.0,954.0,1072.0,1,0,0,val,/content/dentex_crops/val/train_654_47.png
train_654.png,2868,1504,34,1723.0,783.0,1844.0,1103.0,1,0,0,val,/content/dentex_crops/val/train_654_34.png
train_654.png,2868,1504,37,2056.0,760.0,2303.0,1063.0,1,0,0,val,/content/dentex_crops/val/train_654_37.png
train_54.png,2904,1316,46,873.0,699.0,1112.0,966.0,1,0,0,test,/content/dentex_crops/test/train_54_46.png
train_54.png,2904,1316,45,1017.0,736.0,1193.0,1033.0,1,0,0,test,/content/dentex_crops/test/train_54_45.png
train_54.png,2904,1316,35,1731.0,757.0,1903.0,1042.0,1,0,0,test,/content/dentex_crops/test/train_54_35.png
train_54.png,2904,1316,25,1811.0,451.0,1932.0,741.0,1,0,0,test,/content/dentex_crops/test/train_54_25.png
train_233.png,2904,1316,37,1907.0,651.0,2117.0,959.0,0,1,0,test,/content/dentex_crops/test/train_233_37.png
train_233.png,2904,1316,46,942.7450980392157,683.7254901960785,1203.5294117647059,1022.9411764705883,0,0,1,test,/content/dentex_crops/test/train_233_46.png
train_568.png,2842,1316,24,1631.9285714285713,319.6428571428571,1760.4999999999998,664.2857142857142,0,1,0,train,/content/dentex_crops/train/train_568_24.png
train_568.png,2842,1316,26,1796.2142857142856,358.92857142857133,1946.2142857142856,667.8571428571428,1,0,0,train,/content/dentex_crops/train/train_568_26.png
train_568.png,2842,1316,27,1912.285714285714,364.2857142857142,2078.3571428571427,660.7142857142857,1,0,0,train,/content/dentex_crops/train/train_568_27.png
train_568.png,2842,1316,48,642.4285714285713,659.1428571428571,894.2142857142857,912.7142857142856,0,1,0,train,/content/dentex_crops/train/train_568_48.png
train_493.png,2843,1316,15,1045.0,496.0,1156.0,779.0,1,0,0,train,/content/dentex_crops/train/train_493_15.png
train_493.png,2843,1316,16,903.0,490.44444444444446,1067.0,776.0,1,0,0,train,/content/dentex_crops/train/train_493_16.png
train_493.png,2843,1316,26,1822.0,482.1111111111111,1987.0,794.0,1,0,0,train,/content/dentex_crops/train/train_493_26.png
train_493.png,2843,1316,47,794.3333333333334,750.0,980.4444444444445,1007.1111111111111,1,0,0,train,/content/dentex_crops/train/train_493_47.png
train_311.png,2714,1316,16,903.6896551724138,396.51724137931035,1029.5517241379312,732.7241379310345,1,0,0,train,/content/dentex_crops/train/train_311_16.png
train_311.png,2714,1316,35,1598.9655172413795,745.5862068965517,1738.6206896551726,1080.0689655172414,1,0,0,train,/content/dentex_crops/train/train_311_35.png
train_311.png,2714,1316,36,1685.8965517241381,735.344827586207,1873.8275862068967,1066.3793103448277,1,0,0,train,/content/dentex_crops/train/train_311_36.png
train_655.png,2786,1316,16,869.0,518.2432432432432,1012.4054054054054,810.1351351351352,1,0,0,train,/content/dentex_crops/train/train_655_16.png
train_655.png,2786,1316,22,1513.0,522.3513513513514,1600.0,840.0,0,1,0,train,/content/dentex_crops/train/train_655_22.png
train_655.png,2786,1316,23,1576.0,554.7837837837837,1676.0,852.081081081081,1,0,0,train,/content/dentex_crops/train/train_655_23.png
train_655.png,2786,1316,35,1686.0,863.3243243243244,1808.0,1135.0,0,1,0,train,/content/dentex_crops/train/train_655_35.png
train_655.png,2786,1316,36,1746.5675675675675,830.0,1942.0,1111.0,0,1,0,train,/content/dentex_crops/train/train_655_36.png
train_655.png,2786,1316,45,1059.0,867.0,1189.0,1154.0,1,0,0,train,/content/dentex_crops/train/train_655_45.png
train_655.png,2786,1316,46,899.0,829.3783783783783,1116.0,1141.0,1,0,0,train,/content/dentex_crops/train/train_655_46.png
train_655.png,2786,1316,47,745.0,788.3243243243244,982.4864864864865,1074.0,1,0,0,train,/content/dentex_crops/train/train_655_47.png
train_225.png,2868,1504,26,1997.0,533.0,2158.0,850.0,0,1,0,train,/content/dentex_crops/train/train_225_26.png
train_482.png,2854,1316,26,1752.0,482.0,1914.0,768.0,1,0,0,train,/content/dentex_crops/train/train_482_26.png
train_487.png,2677,1316,16,850.7118644067797,437.9152542372882,979.5254237288136,743.0,1,0,0,train,/content/dentex_crops/train/train_487_16.png
train_487.png,2677,1316,36,1665.9661016949153,787.0677966101696,1867.6610169491526,1100.6271186440679,0,1,0,train,/content/dentex_crops/train/train_487_36.png
train_487.png,2677,1316,46,800.9491525423729,760.949152542373,1014.5084745762713,1059.2542372881358,1,0,0,train,/content/dentex_crops/train/train_487_46.png
train_487.png,2677,1316,47,649.0169491525425,705.7118644067797,886.3050847457628,966.7288135593221,1,0,0,train,/content/dentex_crops/train/train_487_47.png
train_3.png,2682,1316,11,1228.3684210526317,504.52631578947364,1315.2105263157894,770.3157894736842,0,1,0,train,/content/dentex_crops/train/train_3_11.png
train_3.png,2682,1316,13,1104.6842105263158,494.0,1202.0526315789473,778.2105263157895,1,0,0,train,/content/dentex_crops/train/train_3_13.png
train_3.png,2682,1316,14,1028.3684210526317,480.8421052631579,1128.3684210526317,759.0,1,0,0,train,/content/dentex_crops/train/train_3_14.png
train_3.png,2682,1316,15,958.8421052631579,544.421052631579,1050.0,754.9473684210526,1,0,0,train,/content/dentex_crops/train/train_3_15.png
train_3.png,2682,1316,16,847.9473684210526,478.57894736842104,979.0,736.0,0,1,0,train,/content/dentex_crops/train/train_3_16.png
train_3.png,2682,1316,17,729.0,425.57894736842104,865.2105263157895,696.6315789473684,1,0,0,train,/content/dentex_crops/train/train_3_17.png
train_3.png,2682,1316,21,1301.0,506.0,1397.0,781.0,0,1,0,train,/content/dentex_crops/train/train_3_21.png
train_3.png,2682,1316,22,1383.0,509.63157894736844,1459.3157894736842,780.6842105263157,0,1,0,train,/content/dentex_crops/train/train_3_22.png
train_3.png,2682,1316,24,1490.0,509.7894736842105,1583.6315789473683,768.0,1,0,0,train,/content/dentex_crops/train/train_3_24.png
train_3.png,2682,1316,25,1566.0,502.8947368421052,1654.6842105263158,749.0,0,1,0,train,/content/dentex_crops/train/train_3_25.png
train_3.png,2682,1316,26,1629.0,486.1052631578947,1773.0,730.8421052631579,0,1,0,train,/content/dentex_crops/train/train_3_26.png
train_3.png,2682,1316,34,1496.0,737.2631578947369,1611.0,1004.0,0,1,0,train,/content/dentex_crops/train/train_3_34.png
train_3.png,2682,1316,35,1544.0,720.0,1716.0,972.9473684210527,1,0,0,train,/content/dentex_crops/train/train_3_35.png
train_3.png,2682,1316,36,1633.2631578947369,712.8421052631579,1812.2105263157894,941.7894736842104,0,1,0,train,/content/dentex_crops/train/train_3_36.png
train_3.png,2682,1316,37,1740.0,661.0,1984.0,898.0,1,0,0,train,/content/dentex_crops/train/train_3_37.png
train_3.png,2682,1316,44,1058.2631578947369,740.0,1155.6315789473683,988.8947368421052,1,0,0,train,/content/dentex_crops/train/train_3_44.png
train_3.png,2682,1316,45,974.0,743.7894736842105,1088.6315789473683,1001.0,1,0,0,train,/content/dentex_crops/train/train_3_45.png
train_3.png,2682,1316,46,844.0,728.2105263157895,1045.0,938.7368421052631,0,1,0,train,/content/dentex_crops/train/train_3_46.png
train_3.png,2682,1316,47,680.0,688.7368421052631,922.0,915.0,1,0,0,train,/content/dentex_crops/train/train_3_47.png
train_0.png,2850,1316,26,1791.0,445.72727272727263,1938.4545454545453,769.3636363636363,1,0,0,train,/content/dentex_crops/train/train_0_26.png
train_0.png,2850,1316,48,682.090909090909,687.5454545454545,882.090909090909,987.5454545454545,1,0,0,train,/content/dentex_crops/train/train_0_48.png
train_663.png,1976,976,16,577.3006134969324,310.0,675.4601226993865,508.5889570552147,1,0,0,train,/content/dentex_crops/train/train_663_16.png
train_663.png,1976,976,17,487.11656441717787,299.3865030674846,593.2515337423313,485.27607361963186,1,0,0,train,/content/dentex_crops/train/train_663_17.png
train_663.png,1976,976,24,1119.0184049079753,305.52147239263803,1192.638036809816,521.4723926380368,1,0,0,train,/content/dentex_crops/train/train_663_24.png
train_663.png,1976,976,25,1177.9141104294479,312.2699386503067,1246.0122699386502,512.883435582822,1,0,0,train,/content/dentex_crops/train/train_663_25.png
train_663.png,1976,976,26,1219.6319018404906,303.680981595092,1336.196319018405,499.99999999999994,1,0,0,train,/content/dentex_crops/train/train_663_26.png
train_663.png,1976,976,27,1301.0,304.29447852760734,1385.276073619632,466.25766871165644,0,1,0,train,/content/dentex_crops/train/train_663_27.png
train_663.png,1976,976,28,1368.7116564417177,301.840490797546,1471.7791411042945,465.64417177914106,1,0,0,train,/content/dentex_crops/train/train_663_28.png
train_663.png,1976,976,31,985.8895705521471,555.8282208588956,1031.9018404907974,737.4233128834355,1,0,0,train,/content/dentex_crops/train/train_663_31.png
train_663.png,1976,976,34,1108.5889570552147,545.6257668711656,1207.9754601226994,778.7546012269938,1,0,0,train,/content/dentex_crops/train/train_663_34.png
train_663.png,1976,976,35,1160.122699386503,539.8773006134969,1285.276073619632,754.601226993865,1,0,0,train,/content/dentex_crops/train/train_663_35.png
train_663.png,1976,976,43,786.5030674846626,555.2147239263803,901.840490797546,774.2331288343557,1,0,0,train,/content/dentex_crops/train/train_663_43.png
train_663.png,1976,976,45,667.0,540.4907975460122,795.7055214723925,744.0,1,0,0,train,/content/dentex_crops/train/train_663_45.png
train_663.png,1976,976,46,526.3803680981595,518.0,733.0,753.9877300613497,0,1,1,train,/content/dentex_crops/train/train_663_46.png
train_663.png,1976,976,47,444.17177914110425,495.0920245398773,635.5828220858896,688.9570552147238,1,0,0,train,/content/dentex_crops/train/train_663_47.png
train_698.png,2872,1504,21,1498.235519754507,560.2278481012657,1586.1143076332949,873.2121212121211,1,0,0,train,/content/dentex_crops/train/train_698_21.png
train_698.png,2872,1504,46,939.3939393939394,851.5151515151515,1162.121212121212,1130.3030303030303,1,0,0,train,/content/dentex_crops/train/train_698_46.png
train_698.png,2872,1504,17,898.4848484848485,524.2424242424242,1048.4848484848485,815.1515151515151,1,0,0,train,/content/dentex_crops/train/train_698_17.png
train_698.png,2872,1504,22,1583.2784810126582,594.6708860759493,1652.8987341772151,866.8227848101266,1,0,0,train,/content/dentex_crops/train/train_698_22.png
train_698.png,2872,1504,38,2074.6835443037976,831.6455696202531,2330.379746835443,1083.5443037974683,1,0,0,train,/content/dentex_crops/train/train_698_38.png
train_698.png,2872,1504,25,1797.7777777777778,584.4444444444445,1906.6666666666665,890.0,1,0,0,train,/content/dentex_crops/train/train_698_25.png
train_292.png,2666,1316,46,679.0,715.0,977.0,1026.0,1,0,0,train,/content/dentex_crops/train/train_292_46.png
train_292.png,2666,1316,26,1631.0,428.0,1785.0,776.0,1,0,0,train,/content/dentex_crops/train/train_292_26.png
train_19.png,2881,1316,16,950.090909090909,269.45454545454544,1101.0,603.9999999999999,1,0,0,test,/content/dentex_crops/test/train_19_16.png
train_19.png,2881,1316,17,848.3636363636363,291.72727272727263,981.090909090909,564.0,1,0,0,test,/content/dentex_crops/test/train_19_17.png
train_19.png,2881,1316,18,759.0,307.81818181818176,883.4545454545454,531.4545454545454,0,1,0,test,/content/dentex_crops/test/train_19_18.png
train_19.png,2881,1316,26,1797.6363636363635,300.5454545454545,1932.181818181818,571.4545454545454,1,0,0,test,/content/dentex_crops/test/train_19_26.png
train_19.png,2881,1316,27,1913.7272727272725,292.9090909090909,2052.0,545.6363636363636,0,1,0,test,/content/dentex_crops/test/train_19_27.png
train_19.png,2881,1316,36,1741.090909090909,604.8181818181818,1986.5454545454543,883.0,1,0,0,test,/content/dentex_crops/test/train_19_36.png
train_19.png,2881,1316,37,1875.6363636363635,562.9999999999999,2122.9090909090905,830.2727272727273,1,0,0,test,/content/dentex_crops/test/train_19_37.png
train_19.png,2881,1316,38,1999.9999999999998,511.0,2229.0,727.2727272727273,1,0,0,test,/content/dentex_crops/test/train_19_38.png
train_19.png,2881,1316,48,703.0,521.1818181818181,897.4545454545454,735.0,0,1,0,test,/content/dentex_crops/test/train_19_48.png
train_617.png,2882,1316,16,932.0,494.0,1116.0,808.0,1,0,0,train,/content/dentex_crops/train/train_617_16.png
train_617.png,2882,1316,17,796.0,478.0,970.0,778.0,1,0,0,train,/content/dentex_crops/train/train_617_17.png
train_592.png,2884,1504,17,876.0,537.0,1052.0,827.0,0,1,0,train,/content/dentex_crops/train/train_592_17.png
train_592.png,2884,1504,47,637.0,741.0,901.0,1020.0,1,0,0,train,/content/dentex_crops/train/train_592_47.png
train_592.png,2884,1504,36,1897.0,859.0,2186.0,1195.0,0,1,1,train,/content/dentex_crops/train/train_592_36.png
train_592.png,2884,1504,25,1881.0,557.0,2007.0,876.0,1,0,0,train,/content/dentex_crops/train/train_592_25.png
train_592.png,2884,1504,24,1815.3076923076922,648.3846153846154,1884.5384615384614,784.9230769230769,0,1,0,train,/content/dentex_crops/train/train_592_24.png
train_541.png,2729,1316,47,648.0,773.0,923.0,1044.0,0,1,1,train,/content/dentex_crops/train/train_541_47.png
train_541.png,2729,1316,36,1719.0,870.0,1898.0,1041.0,0,1,0,train,/content/dentex_crops/train/train_541_36.png
train_541.png,2729,1316,17,698.0,483.0,891.0,794.0,1,0,0,train,/content/dentex_crops/train/train_541_17.png
train_541.png,2729,1316,16,851.0,468.0,1033.0,793.0,1,0,0,train,/content/dentex_crops/train/train_541_16.png
train_113.png,2716,1316,28,1875.0,353.0,2075.0,620.0,0,1,0,test,/content/dentex_crops/test/train_113_28.png
train_113.png,2716,1316,37,1808.0,651.0,2042.0,900.0,1,0,0,test,/content/dentex_crops/test/train_113_37.png
train_217.png,2916,1316,25,1710.7843137254902,356.8627450980392,1817.6470588235293,698.0392156862745,1,0,0,train,/content/dentex_crops/train/train_217_25.png
train_634.png,2952,1316,27,1817.0731707317073,273.17073170731703,2010.9756097560974,629.2682926829268,1,0,0,train,/content/dentex_crops/train/train_634_27.png
train_634.png,2952,1316,35,1675.6097560975609,662.1951219512194,1807.3170731707316,1003.6585365853658,1,0,0,train,/content/dentex_crops/train/train_634_35.png
train_404.png,2960,1316,28,2025.0,473.0,2160.0,735.0,1,0,0,val,/content/dentex_crops/val/train_404_28.png
train_404.png,2960,1316,27,1917.0,488.0,2045.0,747.0,1,0,0,val,/content/dentex_crops/val/train_404_27.png
train_404.png,2960,1316,37,1870.0,760.0,2105.0,998.0,1,0,0,val,/content/dentex_crops/val/train_404_37.png
train_404.png,2960,1316,46,992.2330097087379,761.1650485436893,1226.2135922330096,1022.3300970873786,1,0,0,val,/content/dentex_crops/val/train_404_46.png
train_404.png,2960,1316,36,1767.9611650485435,795.1456310679612,1956.3106796116504,1044.6601941747572,1,0,0,val,/content/dentex_crops/val/train_404_36.png
train_404.png,2960,1316,48,759.0,665.0,1023.0,877.0,1,0,0,val,/content/dentex_crops/val/train_404_48.png
train_117.png,2817,1316,46,868.0,614.0,1152.0,946.0,0,0,1,train,/content/dentex_crops/train/train_117_46.png
train_117.png,2817,1316,26,1794.0,195.0,1965.0,535.0,1,0,0,train,/content/dentex_crops/train/train_117_26.png
train_117.png,2817,1316,45,1057.0,656.0,1211.0,963.0,1,0,0,train,/content/dentex_crops/train/train_117_45.png
train_117.png,2817,1316,44,1173.0,660.0,1284.0,1001.0,1,0,0,train,/content/dentex_crops/train/train_117_44.png
train_495.png,2872,1504,36,1751.0,953.0,1952.0,1244.0,0,1,0,train,/content/dentex_crops/train/train_495_36.png
train_495.png,2872,1504,37,1863.0,915.0,2090.0,1195.0,0,1,0,train,/content/dentex_crops/train/train_495_37.png
train_495.png,2872,1504,15,1168.0,601.0,1278.0,873.0,1,0,0,train,/content/dentex_crops/train/train_495_15.png
train_495.png,2872,1504,47,901.0,894.0,1135.0,1134.0,1,0,0,train,/content/dentex_crops/train/train_495_47.png
train_447.png,2795,1316,26,1806.0,446.0,1935.027027027027,750.0,1,0,0,train,/content/dentex_crops/train/train_447_26.png
train_447.png,2795,1316,35,1707.4324324324325,759.0,1860.0,1073.0,1,0,0,train,/content/dentex_crops/train/train_447_35.png
train_447.png,2795,1316,36,1786.4054054054054,742.0,1979.0,1044.0,1,0,0,train,/content/dentex_crops/train/train_447_36.png
train_447.png,2795,1316,37,1906.0,712.0,2121.6216216216217,1006.1351351351352,0,1,0,train,/content/dentex_crops/train/train_447_37.png
train_447.png,2795,1316,45,1048.6486486486488,746.4864864864865,1168.0,1027.5675675675675,1,0,0,train,/content/dentex_crops/train/train_447_45.png
train_447.png,2795,1316,46,878.0,731.2702702702703,1085.0,1013.0,0,1,0,train,/content/dentex_crops/train/train_447_46.png
train_447.png,2795,1316,47,704.0,707.3513513513514,933.4324324324324,973.0,1,0,0,train,/content/dentex_crops/train/train_447_47.png
train_630.png,2899,1316,18,862.0,358.1428571428571,1038.142857142857,620.9999999999999,1,0,0,val,/content/dentex_crops/val/train_630_18.png
train_630.png,2899,1316,46,1027.5714285714284,668.9999999999999,1225.0,945.0,0,1,0,val,/content/dentex_crops/val/train_630_46.png
train_630.png,2899,1316,48,781.0,608.0,1020.2857142857142,838.0,1,0,0,val,/content/dentex_crops/val/train_630_48.png
train_474.png,2890,1316,17,954.0,352.0,1094.0,635.0,1,0,0,train,/content/dentex_crops/train/train_474_17.png
train_474.png,2890,1316,16,1058.0,384.0,1198.0,687.0,1,0,0,train,/content/dentex_crops/train/train_474_16.png
train_474.png,2890,1316,47,848.0,644.0,1131.0,914.0,1,0,0,train,/content/dentex_crops/train/train_474_47.png
train_474.png,2890,1316,46,983.0,693.0,1269.0,958.0,0,0,1,train,/content/dentex_crops/train/train_474_46.png
train_474.png,2890,1316,36,1701.0,701.0,1958.0,991.0,1,0,0,train,/content/dentex_crops/train/train_474_36.png
train_474.png,2890,1316,26,1745.0,365.0,1902.0,684.0,1,0,0,train,/content/dentex_crops/train/train_474_26.png
train_474.png,2890,1316,28,1957.142857142857,445.7142857142857,2069.5238095238096,557.1428571428571,0,1,0,train,/content/dentex_crops/train/train_474_28.png
train_679.png,2884,1504,46,751.0,785.0,1093.0,1152.0,0,0,1,train,/content/dentex_crops/train/train_679_46.png
train_679.png,2884,1504,45,1058.0,779.0,1181.0,1113.0,0,1,0,train,/content/dentex_crops/train/train_679_45.png
train_679.png,2884,1504,44,1155.0,773.0,1276.0,1123.0,1,0,0,train,/content/dentex_crops/train/train_679_44.png
train_679.png,2884,1504,16,843.0,456.0,1041.0,791.0,1,0,0,train,/content/dentex_crops/train/train_679_16.png
train_679.png,2884,1504,47,668.0,744.0,930.0,1033.0,1,0,0,train,/content/dentex_crops/train/train_679_47.png
train_679.png,2884,1504,17,719.0,412.0,897.0,768.0,1,0,0,train,/content/dentex_crops/train/train_679_17.png
train_679.png,2884,1504,37,2019.0,759.0,2322.0,1056.0,1,0,0,train,/content/dentex_crops/train/train_679_37.png
train_679.png,2884,1504,27,2085.0,448.0,2246.0,782.0,1,0,0,train,/content/dentex_crops/train/train_679_27.png
train_679.png,2884,1504,26,1920.0,452.0,2121.0,816.0,1,0,0,train,/content/dentex_crops/train/train_679_26.png
train_294.png,2880,1316,16,940.0,344.0,1078.0,636.0,0,1,0,train,/content/dentex_crops/train/train_294_16.png
train_294.png,2880,1316,18,706.0,271.0,868.0,514.0,0,1,0,train,/content/dentex_crops/train/train_294_18.png
train_294.png,2880,1316,24,1682.0,388.0,1790.0,604.0,0,1,0,train,/content/dentex_crops/train/train_294_24.png
train_294.png,2880,1316,36,1759.0,644.0,1992.0,943.0,0,1,0,train,/content/dentex_crops/train/train_294_36.png
train_294.png,2880,1316,37,1883.0,627.0,2080.0,791.0,0,1,0,train,/content/dentex_crops/train/train_294_37.png
train_294.png,2880,1316,34,1612.0,693.0,1730.0,1001.0,1,0,0,train,/content/dentex_crops/train/train_294_34.png
train_294.png,2880,1316,17,803.0,292.0,975.0,608.0,0,1,1,train,/content/dentex_crops/train/train_294_17.png
train_294.png,2880,1316,26,1767.0,346.0,1946.0,652.0,0,1,1,train,/content/dentex_crops/train/train_294_26.png
train_441.png,2884,1504,36,2020.0,812.0,2223.0,1173.0,1,0,0,train,/content/dentex_crops/train/train_441_36.png
train_441.png,2884,1504,27,2233.0,476.0,2378.0,795.0,1,0,0,train,/content/dentex_crops/train/train_441_27.png
train_441.png,2884,1504,25,1991.919191919192,470.7070707070707,2121.212121212121,783.8383838383838,1,0,0,train,/content/dentex_crops/train/train_441_25.png
train_441.png,2884,1504,48,513.0,814.0,834.0,1082.0,0,1,0,train,/content/dentex_crops/train/train_441_48.png
train_405.png,2837,1316,47,717.0,686.0,970.0,970.0,1,0,0,train,/content/dentex_crops/train/train_405_47.png
train_405.png,2837,1316,46,850.0,728.0,1094.0,1037.0,1,0,0,train,/content/dentex_crops/train/train_405_46.png
train_405.png,2837,1316,17,803.0,411.0,962.0,700.0,1,0,0,train,/content/dentex_crops/train/train_405_17.png
train_405.png,2837,1316,16,944.0,422.0,1099.0,712.0,1,0,0,train,/content/dentex_crops/train/train_405_16.png
train_405.png,2837,1316,36,1766.0377358490566,714.1509433962264,2025.4716981132074,1022.6415094339623,0,0,1,train,/content/dentex_crops/train/train_405_36.png
train_694.png,2872,1504,17,799.0,505.0,961.0,792.0,1,0,0,train,/content/dentex_crops/train/train_694_17.png
train_694.png,2872,1504,46,907.0,894.0,1112.0,1210.0,0,1,0,train,/content/dentex_crops/train/train_694_46.png
train_694.png,2872,1504,26,1878.0,512.0,2059.0,872.0,0,1,0,train,/content/dentex_crops/train/train_694_26.png
train_694.png,2872,1504,45,1098.0,880.0,1221.0,1228.0,1,0,0,train,/content/dentex_crops/train/train_694_45.png
train_694.png,2872,1504,37,2038.0,898.0,2234.0,1207.0,1,0,0,train,/content/dentex_crops/train/train_694_37.png
train_92.png,2892,1503,47,896.0,780.0,1073.0,1068.0,0,1,0,val,/content/dentex_crops/val/train_92_47.png
train_92.png,2892,1503,46,1010.0,807.0,1234.0,1122.0,0,0,1,val,/content/dentex_crops/val/train_92_46.png
train_92.png,2892,1503,37,1833.25,794.125,2145.25,1071.125,0,0,1,val,/content/dentex_crops/val/train_92_37.png
train_92.png,2892,1503,38,1926.0,751.0,2211.0,989.0,1,0,0,val,/content/dentex_crops/val/train_92_38.png
train_431.png,2838,1316,15,941.3333333333334,357.1111111111111,1060.0,687.0,1,0,0,train,/content/dentex_crops/train/train_431_15.png
train_431.png,2838,1316,17,671.0,346.0,829.0,654.3333333333334,1,0,0,train,/content/dentex_crops/train/train_431_17.png
train_431.png,2838,1316,36,1780.5555555555557,682.2222222222223,1997.0,965.5555555555557,1,0,0,train,/content/dentex_crops/train/train_431_36.png
train_431.png,2838,1316,47,696.0,650.2222222222223,965.0,947.0,1,0,0,train,/content/dentex_crops/train/train_431_47.png
train_518.png,2982,1316,47,894.0,702.0,1147.0,980.0,1,0,0,train,/content/dentex_crops/train/train_518_47.png
train_518.png,2982,1316,12,1336.0,457.0,1412.0,751.0,1,0,0,train,/content/dentex_crops/train/train_518_12.png
train_518.png,2982,1316,35,1709.0,725.0,1875.0,1023.0,1,0,0,train,/content/dentex_crops/train/train_518_35.png
train_606.png,1976,976,36,1143.75,532.5,1272.5,758.75,1,0,0,train,/content/dentex_crops/train/train_606_36.png
train_606.png,1976,976,46,644.75,551.5,789.75,766.5,1,0,0,train,/content/dentex_crops/train/train_606_46.png
train_606.png,1976,976,47,566.0,548.0,699.75,769.25,1,0,0,train,/content/dentex_crops/train/train_606_47.png
train_606.png,1976,976,48,506.0,536.25,628.75,726.25,1,0,0,train,/content/dentex_crops/train/train_606_48.png
train_110.png,2846,1316,17,854.0,371.0,1036.0,639.0,1,0,0,train,/content/dentex_crops/train/train_110_17.png
train_110.png,2846,1316,26,1742.0,362.0,1895.0,649.0,0,1,0,train,/content/dentex_crops/train/train_110_26.png
train_153.png,2882,1316,18,721.0,314.0,894.0,606.0,1,0,0,test,/content/dentex_crops/test/train_153_18.png
train_153.png,2882,1316,27,1977.0,359.0,2125.0,649.0,1,0,0,test,/content/dentex_crops/test/train_153_27.png
train_153.png,2882,1316,11,1399.0,352.0,1513.0,688.0,1,0,0,test,/content/dentex_crops/test/train_153_11.png
train_153.png,2882,1316,16,981.132075471698,352.8301886792453,1116.0377358490566,660.377358490566,1,0,0,test,/content/dentex_crops/test/train_153_16.png
train_137.png,2884,1504,45,973.0,854.0,1111.0,1143.0,1,0,0,train,/content/dentex_crops/train/train_137_45.png
train_137.png,2884,1504,44,1075.0,860.0,1212.0,1137.0,1,0,0,train,/content/dentex_crops/train/train_137_44.png
train_137.png,2884,1504,12,1256.0,571.0,1348.0,882.0,1,0,0,train,/content/dentex_crops/train/train_137_12.png
train_137.png,2884,1504,37,2076.0,844.0,2364.0,1117.0,0,1,0,train,/content/dentex_crops/train/train_137_37.png
train_137.png,2884,1504,35,1932.0,879.0,2077.0,1200.0,0,1,0,train,/content/dentex_crops/train/train_137_35.png
train_137.png,2884,1504,43,1150.0,871.0,1343.0,1178.0,1,0,0,train,/content/dentex_crops/train/train_137_43.png
train_137.png,2884,1504,26,1996.0,573.0,2181.0,886.0,1,0,0,train,/content/dentex_crops/train/train_137_26.png
train_137.png,2884,1504,33,1711.0,872.0,1850.0,1192.0,1,0,0,train,/content/dentex_crops/train/train_137_33.png
train_326.png,2933,1316,45,1088.0,710.0,1212.0,1004.0,1,0,0,train,/content/dentex_crops/train/train_326_45.png
train_326.png,2933,1316,46,956.0,680.0,1136.0,988.0,1,0,0,train,/content/dentex_crops/train/train_326_46.png
train_687.png,2883,1316,18,782.6086956521739,354.3478260869565,979.3478260869565,645.6521739130435,0,1,0,test,/content/dentex_crops/test/train_687_18.png
train_687.png,2883,1316,48,695.6521739130435,644.0,1009.7826086956521,881.5217391304348,1,0,0,test,/content/dentex_crops/test/train_687_48.png
train_687.png,2883,1316,17,900.0,400.0,1039.1304347826087,677.1739130434783,1,0,0,test,/content/dentex_crops/test/train_687_17.png
train_545.png,2872,1504,37,1914.0,919.0,2140.0,1206.0,1,0,0,val,/content/dentex_crops/val/train_545_37.png
train_545.png,2872,1504,36,1767.0,943.0,2011.0,1231.0,1,0,0,val,/content/dentex_crops/val/train_545_36.png
train_545.png,2872,1504,35,1700.0,953.0,1843.0,1260.0,1,0,0,val,/content/dentex_crops/val/train_545_35.png
train_545.png,2872,1504,26,1849.0,636.0,2006.0,942.0,1,0,0,val,/content/dentex_crops/val/train_545_26.png
train_545.png,2872,1504,46,985.0,938.0,1218.0,1217.0,1,0,0,val,/content/dentex_crops/val/train_545_46.png
train_545.png,2872,1504,16,1032.0,663.0,1176.0,950.0,1,0,0,val,/content/dentex_crops/val/train_545_16.png
train_544.png,2832,1316,24,1598.3571428571427,353.57142857142856,1689.4285714285713,691.0714285714284,1,0,0,test,/content/dentex_crops/test/train_544_24.png
train_544.png,2832,1316,35,1644.7857142857142,728.5714285714284,1771.5714285714284,1049.9999999999998,1,0,0,test,/content/dentex_crops/test/train_544_35.png
train_480.png,2444,1504,18,276.0,510.0,447.0,793.0,1,0,0,train,/content/dentex_crops/train/train_480_18.png
train_480.png,2444,1504,15,569.0,473.0,686.0,786.0,1,0,0,train,/content/dentex_crops/train/train_480_15.png
train_480.png,2444,1504,28,1698.0,522.0,1869.0,800.0,1,0,0,train,/content/dentex_crops/train/train_480_28.png
train_480.png,2444,1504,27,1549.0,513.0,1741.0,806.0,1,0,0,train,/content/dentex_crops/train/train_480_27.png
train_480.png,2444,1504,36,1395.0,837.0,1578.0,1167.0,1,0,0,train,/content/dentex_crops/train/train_480_36.png
train_480.png,2444,1504,46,486.0,841.0,694.0,1168.0,1,0,0,train,/content/dentex_crops/train/train_480_46.png
train_480.png,2444,1504,48,205.0,798.0,397.0,1046.0,1,0,0,train,/content/dentex_crops/train/train_480_48.png
train_480.png,2444,1504,42,919.0,836.0,995.0,1138.0,1,0,0,train,/content/dentex_crops/train/train_480_42.png
train_480.png,2444,1504,44,740.0,849.0,844.0,1155.0,1,0,0,train,/content/dentex_crops/train/train_480_44.png
train_480.png,2444,1504,43,824.0,822.0,918.0,1182.0,1,0,0,train,/content/dentex_crops/train/train_480_43.png
train_480.png,2444,1504,33,1154.0,822.0,1260.0,1200.0,1,0,0,train,/content/dentex_crops/train/train_480_33.png
train_480.png,2444,1504,34,1239.0,838.0,1344.0,1147.0,1,0,0,train,/content/dentex_crops/train/train_480_34.png
train_231.png,2745,1316,16,893.0,494.0,1048.0,747.0,1,0,0,train,/content/dentex_crops/train/train_231_16.png
train_231.png,2745,1316,45,999.0,794.0,1160.0,1061.0,1,0,0,train,/content/dentex_crops/train/train_231_45.png
train_231.png,2745,1316,33,1501.0,813.0,1596.0,1090.0,1,0,0,train,/content/dentex_crops/train/train_231_33.png
train_108.png,2817,1316,26,1774.0,426.0,1931.0,717.0,1,0,0,train,/content/dentex_crops/train/train_108_26.png
train_108.png,2817,1316,27,1924.0,415.0,2075.0,713.0,1,0,0,train,/content/dentex_crops/train/train_108_27.png
train_108.png,2817,1316,46,917.0,732.0,1095.0,1024.0,1,0,0,train,/content/dentex_crops/train/train_108_46.png
train_521.png,2944,1316,47,783.0,664.0,1097.0,973.0,1,0,0,train,/content/dentex_crops/train/train_521_47.png
train_309.png,2872,1504,26,1740.0,534.0,1898.0,828.0,1,0,0,val,/content/dentex_crops/val/train_309_26.png
train_309.png,2872,1504,37,1871.0,794.0,2148.0,1119.0,1,0,0,val,/content/dentex_crops/val/train_309_37.png
train_5.png,2750,1316,45,978.0,803.0,1107.0,1108.837837837838,1,0,0,train,/content/dentex_crops/train/train_5_45.png
train_5.png,2750,1316,46,830.0,812.0,1019.0,1090.0,1,0,0,train,/content/dentex_crops/train/train_5_46.png
train_424.png,2825,1316,15,1001.0,398.0,1100.0,706.0,1,0,0,test,/content/dentex_crops/test/train_424_15.png
train_424.png,2825,1316,16,852.0,389.0,1010.0,703.0,1,0,0,test,/content/dentex_crops/test/train_424_16.png
train_141.png,2872,1504,47,744.0,806.0,1048.0,1081.0,1,0,0,test,/content/dentex_crops/test/train_141_47.png
train_141.png,2872,1504,27,1966.0,531.0,2157.0,838.0,1,0,0,test,/content/dentex_crops/test/train_141_27.png
train_141.png,2872,1504,28,2099.0,565.0,2239.0,825.0,1,0,0,test,/content/dentex_crops/test/train_141_28.png
train_141.png,2872,1504,45,1037.0,860.0,1211.0,1167.0,1,0,0,test,/content/dentex_crops/test/train_141_45.png
train_141.png,2872,1504,14,1118.918918918919,574.3243243243244,1213.5135135135135,816.2162162162163,0,1,1,test,/content/dentex_crops/test/train_141_14.png
train_141.png,2872,1504,26,1905.4054054054054,700.0,2000.0,793.2432432432432,0,1,0,test,/content/dentex_crops/test/train_141_26.png
train_87.png,2839,1316,12,1258.75,478.75,1347.5,791.25,1,0,0,train,/content/dentex_crops/train/train_87_12.png
train_87.png,2839,1316,47,836.25,798.75,1123.75,1077.5,1,0,0,train,/content/dentex_crops/train/train_87_47.png
train_608.png,1976,976,17,551.6923076923076,282.0,653.6153846153846,487.0,1,0,0,train,/content/dentex_crops/train/train_608_17.png
train_608.png,1976,976,27,1236.0,276.2307692307692,1342.0,450.0,1,0,0,train,/content/dentex_crops/train/train_608_27.png
train_608.png,1976,976,35,1113.0,526.2307692307692,1219.0,702.0,1,0,0,train,/content/dentex_crops/train/train_608_35.png
train_608.png,1976,976,37,1252.0,451.0,1403.0,597.0,1,0,0,train,/content/dentex_crops/train/train_608_37.png
train_608.png,1976,976,46,575.3846153846154,514.0,723.0,706.0,1,0,0,train,/content/dentex_crops/train/train_608_46.png
train_125.png,2872,1504,47,802.0,885.0,971.0,1155.0,1,0,0,train,/content/dentex_crops/train/train_125_47.png
train_125.png,2872,1504,46,948.0,859.0,1111.0,1146.0,1,0,0,train,/content/dentex_crops/train/train_125_46.png
train_125.png,2872,1504,38,2188.0,859.0,2372.0,1122.0,1,0,0,train,/content/dentex_crops/train/train_125_38.png
train_125.png,2872,1504,28,2190.0,590.6666666666666,2359.6969696969695,848.2424242424242,1,0,0,train,/content/dentex_crops/train/train_125_28.png
train_125.png,2872,1504,15,1026.9662921348315,548.314606741573,1142.6966292134832,843.8202247191011,1,0,0,train,/content/dentex_crops/train/train_125_15.png
train_223.png,2714,1316,17,772.0,425.0,958.0,753.0,1,0,0,train,/content/dentex_crops/train/train_223_17.png
train_223.png,2714,1316,28,1863.0,424.0,2009.0,721.0,1,0,0,train,/content/dentex_crops/train/train_223_28.png
train_223.png,2714,1316,38,1849.5575221238937,715.9292035398229,2099.1150442477874,976.1061946902654,0,0,1,train,/content/dentex_crops/train/train_223_38.png
train_223.png,2714,1316,37,1850.0,714.0,2090.0,971.0,1,0,0,train,/content/dentex_crops/train/train_223_37.png
train_656.png,3045,1350,47,910.0,636.0,1143.0,914.0,1,0,0,test,/content/dentex_crops/test/train_656_47.png
train_656.png,3045,1350,46,1057.0,649.0,1253.0,959.0,1,0,0,test,/content/dentex_crops/test/train_656_46.png
train_328.png,2872,1504,11,1396.3636363636363,549.090909090909,1499.9999999999998,852.7272727272726,1,0,0,test,/content/dentex_crops/test/train_328_11.png
train_328.png,2872,1504,21,1494.5454545454545,574.5454545454545,1592.7272727272725,849.9999999999999,1,0,0,test,/content/dentex_crops/test/train_328_21.png
train_328.png,2872,1504,18,759.5505617977528,586.5168539325842,926.9662921348314,874.1573033707865,0,1,0,test,/content/dentex_crops/test/train_328_18.png
train_534.png,2884,1504,46,805.0,934.0,1087.0,1223.0,0,1,1,val,/content/dentex_crops/val/train_534_46.png
train_534.png,2884,1504,11,1400.0,657.0,1530.0,985.0,1,0,0,val,/content/dentex_crops/val/train_534_11.png
train_534.png,2884,1504,21,1523.0,635.0,1641.0,983.0,1,0,0,val,/content/dentex_crops/val/train_534_21.png
train_534.png,2884,1504,15,1026.0,696.0,1152.0,981.0,1,0,0,val,/content/dentex_crops/val/train_534_15.png
train_188.png,2872,1504,44,1071.0,722.0,1233.0,1051.0,0,1,0,train,/content/dentex_crops/train/train_188_44.png
train_188.png,2872,1504,37,2072.0,616.0,2335.0,958.0,0,1,0,train,/content/dentex_crops/train/train_188_37.png
train_188.png,2872,1504,36,1909.0,657.0,2198.0,1011.0,0,1,0,train,/content/dentex_crops/train/train_188_36.png
train_188.png,2872,1504,31,1501.6153846153845,761.8461538461538,1643.923076923077,959.9230769230769,0,1,0,train,/content/dentex_crops/train/train_188_31.png
train_188.png,2872,1504,24,1840.076923076923,411.8461538461538,1928.5384615384614,638.7692307692307,0,1,0,train,/content/dentex_crops/train/train_188_24.png
train_686.png,2872,1504,46,1069.0,791.0,1288.0,1148.0,0,0,1,train,/content/dentex_crops/train/train_686_46.png
train_686.png,2872,1504,47,959.0,730.0,1186.0,1032.0,1,0,0,train,/content/dentex_crops/train/train_686_47.png
train_686.png,2872,1504,18,949.0,419.0,1127.0,718.0,0,1,0,train,/content/dentex_crops/train/train_686_18.png
train_686.png,2872,1504,17,1045.0,432.0,1201.0,753.0,0,0,1,train,/content/dentex_crops/train/train_686_17.png
train_686.png,2872,1504,16,1144.0,433.0,1270.0,801.0,0,0,1,train,/content/dentex_crops/train/train_686_16.png
train_686.png,2872,1504,28,1841.0,438.0,2007.0,728.0,1,0,0,train,/content/dentex_crops/train/train_686_28.png
train_513.png,2867,1316,18,842.0,390.0,982.0,696.0,0,1,0,train,/content/dentex_crops/train/train_513_18.png
train_513.png,2867,1316,17,928.0,413.0,1054.0,720.0,1,0,0,train,/content/dentex_crops/train/train_513_17.png
train_513.png,2867,1316,48,735.0,658.0,945.0,936.0,1,0,0,train,/content/dentex_crops/train/train_513_48.png
train_513.png,2867,1316,28,1854.0,373.0,2036.0,673.0,1,0,0,train,/content/dentex_crops/train/train_513_28.png
train_513.png,2867,1316,47,840.0,727.0,1061.0,1003.0,1,0,0,train,/content/dentex_crops/train/train_513_47.png
train_683.png,2940,1316,26,1744.0,314.2857142857142,1855.8571428571427,625.7142857142857,1,0,0,train,/content/dentex_crops/train/train_683_26.png
train_683.png,2940,1316,27,1844.0,300.0,1989.0,624.0,1,0,0,train,/content/dentex_crops/train/train_683_27.png
train_112.png,1976,976,16,648.5,235.0,767.25,458.75,1,0,0,test,/content/dentex_crops/test/train_112_16.png
train_112.png,1976,976,17,575.75,247.0,662.0,449.5,1,0,0,test,/content/dentex_crops/test/train_112_17.png
train_112.png,1976,976,35,1129.5,539.5,1207.0,687.0,1,0,0,test,/content/dentex_crops/test/train_112_35.png
train_112.png,1976,976,45,701.0,517.5,810.0,725.0,1,0,0,test,/content/dentex_crops/test/train_112_45.png
train_393.png,2872,1504,17,1059.0,583.0,1201.0,904.0,1,0,0,train,/content/dentex_crops/train/train_393_17.png
train_393.png,2872,1504,16,1152.0,595.0,1295.0,924.0,1,0,0,train,/content/dentex_crops/train/train_393_16.png
train_393.png,2872,1504,27,1791.0,643.0,1919.0,951.0,1,0,0,train,/content/dentex_crops/train/train_393_27.png
train_393.png,2872,1504,11,1436.0,606.0,1502.0,876.0,0,1,0,train,/content/dentex_crops/train/train_393_11.png
train_393.png,2872,1504,12,1393.0,589.0,1443.0,870.0,0,1,0,train,/content/dentex_crops/train/train_393_12.png
train_393.png,2872,1504,25,1651.6153846153845,673.3846153846154,1743.923076923077,886.8461538461538,0,1,0,train,/content/dentex_crops/train/train_393_25.png
train_355.png,2804,1316,17,789.622641509434,357.5471698113207,966.0377358490565,734.9056603773585,1,0,0,train,/content/dentex_crops/train/train_355_17.png
train_355.png,2804,1316,16,931.132075471698,391.50943396226415,1074.5283018867924,740.566037735849,1,0,0,train,/content/dentex_crops/train/train_355_16.png
train_355.png,2804,1316,26,1774.5283018867924,324.52830188679246,1921.698113207547,732.0754716981131,1,0,0,train,/content/dentex_crops/train/train_355_26.png
train_457.png,2888,1316,46,932.0,679.0,1150.0,984.0,1,0,0,train,/content/dentex_crops/train/train_457_46.png
train_457.png,2888,1316,48,642.0,606.0,885.0,867.0,1,0,0,train,/content/dentex_crops/train/train_457_48.png
train_58.png,2738,1316,46,885.0,666.0,1067.3076923076924,961.0,1,0,0,train,/content/dentex_crops/train/train_58_46.png
train_385.png,2888,1316,23,1592.8181818181818,234.36363636363632,1680.090909090909,612.5454545454545,1,0,0,train,/content/dentex_crops/train/train_385_23.png
train_385.png,2888,1316,25,1708.3636363636363,271.18181818181813,1819.272727272727,589.3636363636363,1,0,0,train,/content/dentex_crops/train/train_385_25.png
train_385.png,2888,1316,27,1906.5454545454545,265.7272727272727,2075.6363636363635,580.2727272727273,1,0,0,train,/content/dentex_crops/train/train_385_27.png
train_385.png,2888,1316,28,2034.6363636363635,280.63636363636357,2181.0,580.0,1,0,0,train,/content/dentex_crops/train/train_385_28.png
train_385.png,2888,1316,37,1898.9999999999998,608.3636363636363,2224.4545454545455,910.181818181818,1,0,0,train,/content/dentex_crops/train/train_385_37.png
train_385.png,2888,1316,44,1157.4545454545453,663.9090909090909,1264.7272727272725,998.4545454545453,1,0,0,train,/content/dentex_crops/train/train_385_44.png
train_385.png,2888,1316,45,1063.0,654.8181818181818,1208.3636363636363,966.0,1,0,0,train,/content/dentex_crops/train/train_385_45.png
train_385.png,2888,1316,46,922.0,649.3636363636363,1130.181818181818,958.0,0,1,0,train,/content/dentex_crops/train/train_385_46.png
train_385.png,2888,1316,47,752.0,624.0,1020.0,923.0,1,0,0,train,/content/dentex_crops/train/train_385_47.png
train_86.png,2872,1504,16,888.0,604.0,1039.0,898.0,1,0,0,train,/content/dentex_crops/train/train_86_16.png
train_86.png,2872,1504,12,1291.0,555.0,1403.0,896.0,1,0,0,train,/content/dentex_crops/train/train_86_12.png
train_452.png,2872,1504,35,1713.0,830.0,1919.0,1192.0,0,1,1,test,/content/dentex_crops/test/train_452_35.png
train_452.png,2872,1504,27,1872.0,405.0,2039.0,745.0,0,1,0,test,/content/dentex_crops/test/train_452_27.png
train_452.png,2872,1504,26,1749.0,419.0,1921.0,770.0,1,0,0,test,/content/dentex_crops/test/train_452_26.png
train_452.png,2872,1504,37,1938.0,756.0,2188.0,1014.0,0,1,0,test,/content/dentex_crops/test/train_452_37.png
train_66.png,2967,1316,36,1763.0,797.0,1995.0,1089.0,0,1,1,train,/content/dentex_crops/train/train_66_36.png
train_66.png,2967,1316,46,966.0,793.0,1191.0,1084.0,1,0,0,train,/content/dentex_crops/train/train_66_46.png
train_300.png,2872,1504,46,914.0,919.0,1121.0,1241.0,1,0,0,train,/content/dentex_crops/train/train_300_46.png
train_300.png,2872,1504,16,1000.0,602.0,1142.0,883.0,1,0,0,train,/content/dentex_crops/train/train_300_16.png
train_300.png,2872,1504,47,760.0,919.0,984.0,1207.0,1,0,0,train,/content/dentex_crops/train/train_300_47.png
train_531.png,2872,1504,17,806.0,492.0,944.0,752.0,1,0,0,train,/content/dentex_crops/train/train_531_17.png
train_531.png,2872,1504,16,932.0,482.0,1083.0,764.0,1,0,0,train,/content/dentex_crops/train/train_531_16.png
train_531.png,2872,1504,45,1099.0,813.0,1208.0,1083.0,1,0,0,train,/content/dentex_crops/train/train_531_45.png
train_531.png,2872,1504,24,1744.076923076923,489.0,1864.076923076923,726.0,1,0,0,train,/content/dentex_crops/train/train_531_24.png
train_531.png,2872,1504,36,1869.0,734.0,2109.0,1048.0,1,0,0,train,/content/dentex_crops/train/train_531_36.png
train_531.png,2872,1504,37,2001.0,713.0,2232.0,1025.0,1,0,0,train,/content/dentex_crops/train/train_531_37.png
train_531.png,2872,1504,14,1136.0,471.0,1234.0,776.0,1,0,0,train,/content/dentex_crops/train/train_531_14.png
train_246.png,2765,1316,37,1858.0,772.0,2056.0,1055.0,1,0,0,test,/content/dentex_crops/test/train_246_37.png
train_246.png,2765,1316,47,707.0,778.0,920.0,1085.0,1,0,0,test,/content/dentex_crops/test/train_246_47.png
train_246.png,2765,1316,26,1778.0,476.0,1891.0,781.0,1,0,0,test,/content/dentex_crops/test/train_246_26.png
train_35.png,2878,1316,37,1877.0,753.0,2083.0,1032.0,1,0,0,test,/content/dentex_crops/test/train_35_37.png
train_315.png,2808,1316,27,1849.4845360824743,361.8556701030928,1992.7835051546392,654.639175257732,1,0,0,train,/content/dentex_crops/train/train_315_27.png
train_315.png,2808,1316,36,1697.9381443298969,715.4639175257732,1911.340206185567,1021.6494845360825,1,0,0,train,/content/dentex_crops/train/train_315_36.png
train_456.png,2799,1316,25,1715.0,421.0,1824.0,697.0,1,0,0,train,/content/dentex_crops/train/train_456_25.png
train_456.png,2799,1316,15,1009.0,426.0,1144.0,725.0,0,1,0,train,/content/dentex_crops/train/train_456_15.png
train_456.png,2799,1316,16,888.0,430.0,1064.0,741.0,1,0,0,train,/content/dentex_crops/train/train_456_16.png
train_456.png,2799,1316,47,708.0,733.0,966.0,1014.0,1,0,0,train,/content/dentex_crops/train/train_456_47.png
train_456.png,2799,1316,17,771.2962962962962,488.88888888888886,924.9999999999999,733.3333333333333,1,0,0,train,/content/dentex_crops/train/train_456_17.png
train_456.png,2799,1316,48,576.8518518518518,717.5925925925925,795.3703703703703,978.7037037037037,0,1,0,train,/content/dentex_crops/train/train_456_48.png
train_466.png,2983,1316,17,986.0,398.0,1211.0,682.0,1,0,0,test,/content/dentex_crops/test/train_466_17.png
train_466.png,2983,1316,47,943.0,662.0,1146.0,966.0,1,0,0,test,/content/dentex_crops/test/train_466_47.png
train_466.png,2983,1316,37,1901.0,672.0,2088.0,960.0,1,0,0,test,/content/dentex_crops/test/train_466_37.png
train_263.png,2868,1504,17,853.0,543.0,1016.0,842.0,0,1,0,train,/content/dentex_crops/train/train_263_17.png
train_263.png,2868,1504,46,946.0,869.0,1194.0,1187.0,1,0,0,train,/content/dentex_crops/train/train_263_46.png
train_263.png,2868,1504,45,1157.0,890.0,1292.0,1228.0,1,0,0,train,/content/dentex_crops/train/train_263_45.png
train_263.png,2868,1504,35,1701.0,880.0,1824.0,1196.0,1,0,0,train,/content/dentex_crops/train/train_263_35.png
train_263.png,2868,1504,36,1788.0,863.0,2014.0,1176.0,1,0,0,train,/content/dentex_crops/train/train_263_36.png
train_240.png,2960,1316,36,1731.0679611650485,787.3786407766991,1995.1456310679612,1084.4660194174758,0,0,1,train,/content/dentex_crops/train/train_240_36.png
train_166.png,2947,1316,33,1644.0,623.0,1748.0,939.0,0,1,0,test,/content/dentex_crops/test/train_166_33.png
train_166.png,2947,1316,22,1625.0,330.0,1719.0,612.0,1,0,0,test,/content/dentex_crops/test/train_166_22.png
train_166.png,2947,1316,35,1804.0,616.0,1918.0,902.0,1,0,0,test,/content/dentex_crops/test/train_166_35.png
train_166.png,2947,1316,21,1505.0,305.0,1644.0,622.0,1,0,0,test,/content/dentex_crops/test/train_166_21.png
train_166.png,2947,1316,23,1696.0,292.0,1799.0,613.0,1,0,0,test,/content/dentex_crops/test/train_166_23.png
train_166.png,2947,1316,34,1722.0,616.0,1822.0,881.0,1,0,0,test,/content/dentex_crops/test/train_166_34.png
train_166.png,2947,1316,11,1370.0,310.0,1514.0,621.0,1,0,0,test,/content/dentex_crops/test/train_166_11.png
train_603.png,2918,1316,15,1017.3333333333334,342.6666666666667,1166.6666666666667,692.0,0,1,0,train,/content/dentex_crops/train/train_603_15.png
train_603.png,2918,1316,34,1650.6666666666667,670.6666666666666,1766.6666666666667,1032.0,1,0,0,train,/content/dentex_crops/train/train_603_34.png
train_603.png,2918,1316,41,1398.6666666666667,677.3333333333334,1484.0,985.3333333333334,1,0,0,train,/content/dentex_crops/train/train_603_41.png
train_604.png,2867,1316,15,1036.0,473.0,1135.0,699.0,1,0,0,val,/content/dentex_crops/val/train_604_15.png
train_285.png,2872,1504,18,667.0,581.0,802.0,846.0,0,1,0,train,/content/dentex_crops/train/train_285_18.png
train_285.png,2872,1504,16,891.0,582.0,1060.0,851.0,1,0,0,train,/content/dentex_crops/train/train_285_16.png
train_319.png,2805,1316,15,1002.6440677966102,492.13559322033905,1104.3389830508474,795.5254237288136,1,0,0,train,/content/dentex_crops/train/train_319_15.png
train_319.png,2805,1316,26,1753.491525423729,465.01694915254245,1907.7288135593221,797.2203389830509,1,0,0,train,/content/dentex_crops/train/train_319_26.png
train_319.png,2805,1316,33,1532.8474576271187,849.457627118644,1624.3728813559323,1159.6271186440679,1,0,0,train,/content/dentex_crops/train/train_319_33.png
train_210.png,2869,1316,46,830.0,741.0,1069.0,978.0,0,1,0,val,/content/dentex_crops/val/train_210_46.png
train_210.png,2869,1316,37,1951.0,680.0,2156.0,907.0,1,0,0,val,/content/dentex_crops/val/train_210_37.png
train_400.png,2846,1316,38,2002.0,527.0,2231.0,777.0,1,0,0,val,/content/dentex_crops/val/train_400_38.png
train_400.png,2846,1316,18,730.0,358.0,862.0,599.0,1,0,0,val,/content/dentex_crops/val/train_400_18.png
train_400.png,2846,1316,17,845.0,340.0,981.0,584.0,0,1,0,val,/content/dentex_crops/val/train_400_17.png
train_502.png,2849,1316,25,1769.0,380.0,1917.0,703.0,1,0,0,train,/content/dentex_crops/train/train_502_25.png
train_502.png,2849,1316,37,1827.0,693.0,2090.0,996.0,1,0,0,train,/content/dentex_crops/train/train_502_37.png
train_502.png,2849,1316,27,2015.0,394.0,2160.0,707.0,1,0,0,train,/content/dentex_crops/train/train_502_27.png
train_573.png,2938,1316,47,905.0,660.0,1099.0,961.0,0,1,0,train,/content/dentex_crops/train/train_573_47.png
train_573.png,2938,1316,46,1037.0,674.0,1220.0,977.0,0,1,0,train,/content/dentex_crops/train/train_573_46.png
train_573.png,2938,1316,17,914.0,388.0,1090.0,661.0,1,0,0,train,/content/dentex_crops/train/train_573_17.png
train_573.png,2938,1316,27,1923.0,422.0,2052.0,726.0,1,0,0,train,/content/dentex_crops/train/train_573_27.png
train_573.png,2938,1316,41,1431.0,688.0,1500.0,969.0,1,0,0,train,/content/dentex_crops/train/train_573_41.png
train_573.png,2938,1316,33,1582.0,682.0,1682.0,1033.0,1,0,0,train,/content/dentex_crops/train/train_573_33.png
train_588.png,2900,1316,48,668.0,695.0,954.0,951.0,1,0,0,val,/content/dentex_crops/val/train_588_48.png
train_588.png,2900,1316,14,1097.0,422.0,1205.0,756.0,1,0,0,val,/content/dentex_crops/val/train_588_14.png
train_588.png,2900,1316,27,1924.0,427.0,2077.0,718.0,0,1,0,val,/content/dentex_crops/val/train_588_27.png
train_204.png,2872,1316,26,1806.0,450.0,1960.0,786.0,1,0,0,test,/content/dentex_crops/test/train_204_26.png
train_250.png,2860,1316,47,677.0,651.0,1038.0,983.0,1,1,0,val,/content/dentex_crops/val/train_250_47.png
train_250.png,2860,1316,48,681.8888888888889,658.2222222222223,925.0,905.4444444444446,0,1,0,val,/content/dentex_crops/val/train_250_48.png
train_250.png,2860,1316,38,2008.0,643.0,2259.888888888889,831.6666666666667,0,1,0,val,/content/dentex_crops/val/train_250_38.png
train_250.png,2860,1316,46,764.0,719.0,1054.0,999.0,0,1,0,val,/content/dentex_crops/val/train_250_46.png
train_250.png,2860,1316,45,998.0,758.0,1138.0,1081.0,1,0,0,val,/content/dentex_crops/val/train_250_45.png
train_266.png,1976,976,16,642.5,295.0,745.0,502.5,0,1,0,train,/content/dentex_crops/train/train_266_16.png
train_266.png,1976,976,37,1252.5,493.75,1387.5,685.0,1,0,0,train,/content/dentex_crops/train/train_266_37.png
train_266.png,1976,976,46,594.0,516.25,782.5,735.0,1,0,0,train,/content/dentex_crops/train/train_266_46.png
train_127.png,2842,1316,25,1733.0,467.9611650485437,1834.0679611650485,754.3689320388349,1,0,0,val,/content/dentex_crops/val/train_127_25.png
train_127.png,2842,1316,26,1814.0,463.0,1963.252427184466,740.7184466019418,1,0,0,val,/content/dentex_crops/val/train_127_26.png
train_127.png,2842,1316,34,1625.0,774.757281553398,1760.3689320388348,1082.5242718446602,1,0,0,val,/content/dentex_crops/val/train_127_34.png
train_127.png,2842,1316,35,1702.0,776.7281553398058,1829.2718446601941,1047.6019417475727,1,0,0,val,/content/dentex_crops/val/train_127_35.png
train_127.png,2842,1316,48,619.6319018404907,689.5705521472393,898.7730061349693,985.8895705521471,1,0,0,val,/content/dentex_crops/val/train_127_48.png
train_451.png,2789,1316,17,799.0,439.0,943.1052631578947,736.8070175438595,1,0,0,train,/content/dentex_crops/train/train_451_17.png
train_451.png,2789,1316,27,1786.473684210526,375.40350877192975,1947.8771929824559,682.4210526315788,1,0,0,train,/content/dentex_crops/train/train_451_27.png
train_451.png,2789,1316,28,1909.7894736842104,359.1052631578947,2028.0,643.3157894736842,1,0,0,train,/content/dentex_crops/train/train_451_28.png
train_451.png,2789,1316,36,1631.0,721.0350877192982,1903.771929824561,1012.2631578947367,1,1,0,train,/content/dentex_crops/train/train_451_36.png
train_451.png,2789,1316,37,1749.4035087719296,694.9824561403508,1989.754385964912,973.9298245614034,0,1,0,train,/content/dentex_crops/train/train_451_37.png
train_451.png,2789,1316,44,1094.5087719298244,790.456140350877,1201.5263157894735,1076.4210526315787,0,1,0,train,/content/dentex_crops/train/train_451_44.png
train_451.png,2789,1316,48,645.3684210526316,725.0350877192982,854.1403508771929,1000.4736842105262,1,0,0,train,/content/dentex_crops/train/train_451_48.png
train_313.png,2872,1504,27,1997.0,629.0,2169.0,886.0,1,0,0,train,/content/dentex_crops/train/train_313_27.png
train_313.png,2872,1504,26,1847.0,619.0,2021.0,919.0,1,0,0,train,/content/dentex_crops/train/train_313_26.png
train_313.png,2872,1504,35,1751.0,926.0,1912.0,1205.0,1,0,0,train,/content/dentex_crops/train/train_313_35.png
train_313.png,2872,1504,45,1145.0,918.0,1283.0,1216.0,1,0,0,train,/content/dentex_crops/train/train_313_45.png
train_313.png,2872,1504,16,951.0,651.0,1118.0,915.0,1,0,0,train,/content/dentex_crops/train/train_313_16.png
train_313.png,2872,1504,37,1991.0,867.0,2232.0,1143.0,1,0,0,train,/content/dentex_crops/train/train_313_37.png
train_704.png,2880,1504,34,1731.914893617021,885.1063829787233,1841.4893617021276,1197.8723404255318,1,0,0,train,/content/dentex_crops/train/train_704_34.png
train_704.png,2880,1504,35,1818.0851063829787,896.6170212765957,1953.191489361702,1198.7446808510638,1,0,0,train,/content/dentex_crops/train/train_704_35.png
train_704.png,2880,1504,44,1186.1702127659573,875.531914893617,1293.6170212765958,1196.8085106382978,1,0,0,train,/content/dentex_crops/train/train_704_44.png
train_704.png,2880,1504,45,1089.3617021276596,884.0425531914893,1210.6382978723404,1205.3191489361702,1,0,0,train,/content/dentex_crops/train/train_704_45.png
train_704.png,2880,1504,46,903.1914893617021,891.4893617021276,1115.9574468085107,1201.063829787234,1,0,0,train,/content/dentex_crops/train/train_704_46.png
train_704.png,2880,1504,47,774.4680851063829,891.4893617021276,967.0212765957447,1150.0,1,0,0,train,/content/dentex_crops/train/train_704_47.png
train_704.png,2880,1504,16,879.9148936170212,604.2553191489361,1049.063829787234,875.531914893617,1,0,0,train,/content/dentex_crops/train/train_704_16.png
train_704.png,2880,1504,36,1919.1489361702127,890.4255319148936,2152.127659574468,1188.2978723404256,0,1,0,train,/content/dentex_crops/train/train_704_36.png
train_704.png,2880,1504,25,1908.5106382978722,545.7446808510638,2017.0212765957447,874.4680851063829,1,0,0,train,/content/dentex_crops/train/train_704_25.png
train_428.png,3076,1536,17,811.0,481.0,970.0,762.0,1,0,0,train,/content/dentex_crops/train/train_428_17.png
train_428.png,3076,1536,46,883.0,784.0,1163.0,1114.0,1,0,0,train,/content/dentex_crops/train/train_428_46.png
train_428.png,3076,1536,28,2134.0,477.0,2252.0,724.0,1,0,0,train,/content/dentex_crops/train/train_428_28.png
train_428.png,3076,1536,37,2050.0,716.0,2293.0,1034.0,1,0,0,train,/content/dentex_crops/train/train_428_37.png
train_428.png,3076,1536,36,1910.0,750.0,2177.0,1081.0,0,0,1,train,/content/dentex_crops/train/train_428_36.png
train_428.png,3076,1536,35,1822.0,799.0,1977.0,1115.0,1,0,0,train,/content/dentex_crops/train/train_428_35.png
train_273.png,2868,1504,47,729.0,860.0,937.0,1159.0,0,1,0,val,/content/dentex_crops/val/train_273_47.png
train_273.png,2868,1504,15,1021.0,598.0,1122.0,896.0,1,0,0,val,/content/dentex_crops/val/train_273_15.png
train_273.png,2868,1504,16,884.0,573.0,1031.0,867.0,1,0,0,val,/content/dentex_crops/val/train_273_16.png
train_273.png,2868,1504,26,1955.0,584.0,2102.0,894.0,1,0,0,val,/content/dentex_crops/val/train_273_26.png
train_273.png,2868,1504,36,1920.0,935.0,2168.0,1236.0,0,1,1,val,/content/dentex_crops/val/train_273_36.png
train_273.png,2868,1504,35,1797.0,912.0,1969.0,1260.0,1,0,0,val,/content/dentex_crops/val/train_273_35.png
train_273.png,2868,1504,37,2049.030303030303,864.0,2298.030303030303,1181.0,1,0,0,val,/content/dentex_crops/val/train_273_37.png
train_273.png,2868,1504,21,1479.0,601.0,1597.0,933.0,1,0,0,val,/content/dentex_crops/val/train_273_21.png
train_273.png,2868,1504,22,1586.0,571.0,1678.0,914.0,1,0,0,val,/content/dentex_crops/val/train_273_22.png
train_273.png,2868,1504,13,1183.0,503.0,1306.0,917.0,1,0,0,val,/content/dentex_crops/val/train_273_13.png
train_273.png,2868,1504,12,1283.0,576.0,1387.0,914.0,1,0,0,val,/content/dentex_crops/val/train_273_12.png
train_273.png,2868,1504,11,1366.0,597.0,1494.0,936.0,1,0,0,val,/content/dentex_crops/val/train_273_11.png
train_273.png,2868,1504,23,1672.0,504.0,1819.0,923.0,1,0,0,val,/content/dentex_crops/val/train_273_23.png
train_273.png,2868,1504,24,1741.0,575.0,1882.0,917.0,1,0,0,val,/content/dentex_crops/val/train_273_24.png
train_273.png,2868,1504,27,2085.0,564.0,2252.0,866.0,1,0,0,val,/content/dentex_crops/val/train_273_27.png
train_273.png,2868,1504,34,1708.0,929.0,1825.0,1235.0,1,0,0,val,/content/dentex_crops/val/train_273_34.png
train_273.png,2868,1504,45,1040.0,910.0,1199.0,1232.0,0,1,1,val,/content/dentex_crops/val/train_273_45.png
train_101.png,2916,1316,38,1997.0,739.0,2231.0,960.0,1,0,0,train,/content/dentex_crops/train/train_101_38.png
train_101.png,2916,1316,34,1689.0,819.0,1786.0,1082.0,1,0,0,train,/content/dentex_crops/train/train_101_34.png
train_101.png,2916,1316,44,1214.0,786.0,1318.0,1085.0,1,0,0,train,/content/dentex_crops/train/train_101_44.png
train_101.png,2916,1316,18,914.0,476.0,1060.0,717.0,0,1,0,train,/content/dentex_crops/train/train_101_18.png
train_101.png,2916,1316,16,1133.0,512.0,1256.0,777.0,0,1,0,train,/content/dentex_crops/train/train_101_16.png
train_169.png,2892,1316,15,1055.2380952380952,409.5238095238095,1153.3333333333333,720.0,1,0,0,train,/content/dentex_crops/train/train_169_15.png
train_169.png,2892,1316,17,837.1428571428571,382.85714285714283,983.8095238095237,697.1428571428571,1,0,0,train,/content/dentex_crops/train/train_169_17.png
train_169.png,2892,1316,36,1692.3809523809523,714.2857142857142,1884.7619047619046,1040.0,1,0,0,train,/content/dentex_crops/train/train_169_36.png
train_169.png,2892,1316,37,1799.047619047619,697.1428571428571,2044.7619047619046,1001.9047619047618,1,0,0,train,/content/dentex_crops/train/train_169_37.png
train_169.png,2892,1316,44,1124.7619047619048,702.8571428571428,1227.6190476190475,1003.8095238095237,1,0,0,train,/content/dentex_crops/train/train_169_44.png
train_303.png,2872,1504,41,1413.0540540540542,802.9459459459458,1515.0540540540533,1140.9459459459458,0,0,1,train,/content/dentex_crops/train/train_303_41.png
train_303.png,2872,1504,44,1270.0,810.0,1340.0,1111.0,1,0,0,train,/content/dentex_crops/train/train_303_44.png
train_303.png,2872,1504,16,1041.0,520.0,1203.0,830.0,1,0,0,train,/content/dentex_crops/train/train_303_16.png
train_303.png,2872,1504,18,825.0,475.0,1002.0,803.0,1,0,0,train,/content/dentex_crops/train/train_303_18.png
train_303.png,2872,1504,26,1792.0,491.0,1978.0,818.0,1,0,0,train,/content/dentex_crops/train/train_303_26.png
train_303.png,2872,1504,36,1721.0,827.0,1935.0,1134.0,1,0,0,train,/content/dentex_crops/train/train_303_36.png
train_303.png,2872,1504,48,1912.0,808.0,2182.0,1042.0,1,0,0,train,/content/dentex_crops/train/train_303_48.png
train_303.png,2872,1504,34,1611.0,818.0,1697.0,1110.0,1,0,0,train,/content/dentex_crops/train/train_303_34.png
train_511.png,2872,1504,48,639.0,839.0,845.0,1026.0,1,0,0,train,/content/dentex_crops/train/train_511_48.png
train_511.png,2872,1504,36,1841.0,855.0,2065.0,1168.0,1,0,0,train,/content/dentex_crops/train/train_511_36.png
train_511.png,2872,1504,46,901.0,851.0,1129.0,1162.0,1,0,0,train,/content/dentex_crops/train/train_511_46.png
train_511.png,2872,1504,16,910.0,548.0,1074.0,842.0,1,0,0,train,/content/dentex_crops/train/train_511_16.png
train_162.png,2952,1316,36,1826.0,719.0,2025.0,1012.0,0,1,0,train,/content/dentex_crops/train/train_162_36.png
train_162.png,2952,1316,38,2084.0,669.0,2279.0,939.0,0,0,1,train,/content/dentex_crops/train/train_162_38.png
train_255.png,2954,1316,41,1447.0,786.0,1560.0,1085.0,0,0,1,train,/content/dentex_crops/train/train_255_41.png
train_255.png,2954,1316,34,1661.0,787.0,1769.0,1065.0,1,0,0,train,/content/dentex_crops/train/train_255_34.png
train_255.png,2954,1316,46,1004.0,769.0,1280.0,1045.0,0,0,1,train,/content/dentex_crops/train/train_255_46.png
train_255.png,2954,1316,26,1812.0,481.0,1978.0,755.0,1,0,0,train,/content/dentex_crops/train/train_255_26.png
train_255.png,2954,1316,36,1771.0,756.0,1990.0,1053.0,1,0,0,train,/content/dentex_crops/train/train_255_36.png
train_255.png,2954,1316,37,1887.0,714.0,2076.0,987.0,1,0,0,train,/content/dentex_crops/train/train_255_37.png
train_255.png,2954,1316,42,1398.611111111111,794.1111111111111,1469.4444444444446,1069.111111111111,0,0,1,train,/content/dentex_crops/train/train_255_42.png
train_485.png,2802,1316,16,892.9824561403508,424.5614035087719,1049.1228070175437,717.5438596491227,1,0,0,train,/content/dentex_crops/train/train_485_16.png
train_485.png,2802,1316,46,889.4736842105262,728.0701754385964,1117.5438596491226,1043.859649122807,1,0,0,train,/content/dentex_crops/train/train_485_46.png
train_485.png,2802,1316,24,1607.0175438596489,428.07017543859644,1728.0701754385964,728.0701754385964,1,0,0,train,/content/dentex_crops/train/train_485_24.png
train_485.png,2802,1316,25,1691.0,424.5614035087719,1813.0,724.0,1,1,0,train,/content/dentex_crops/train/train_485_25.png
train_436.png,2872,1504,47,560.0,795.0,815.0,1040.0,1,0,0,train,/content/dentex_crops/train/train_436_47.png
train_645.png,2908,1316,37,1841.0,692.0,2097.0,900.0,1,0,0,val,/content/dentex_crops/val/train_645_37.png
train_438.png,2689,1316,26,1669.0,404.0,1822.0,683.0,1,0,0,train,/content/dentex_crops/train/train_438_26.png
train_388.png,2860,1316,47,798.0,693.0,1041.0,922.0,1,0,0,train,/content/dentex_crops/train/train_388_47.png
train_388.png,2860,1316,18,755.1724137931035,387.93103448275866,886.2068965517242,636.2068965517242,1,0,0,train,/content/dentex_crops/train/train_388_18.png
train_388.png,2860,1316,14,1113.793103448276,443.1034482758621,1204.3103448275863,712.9310344827587,1,0,0,train,/content/dentex_crops/train/train_388_14.png
train_388.png,2860,1316,34,1656.0344827586207,722.4137931034484,1762.0689655172414,1015.5172413793105,1,0,0,train,/content/dentex_crops/train/train_388_34.png
train_388.png,2860,1316,35,1734.4827586206898,708.6206896551724,1859.4827586206898,968.1034482758621,1,0,0,train,/content/dentex_crops/train/train_388_35.png
train_220.png,2920,1316,36,1726.0,754.0,2012.0,1035.0,1,0,0,train,/content/dentex_crops/train/train_220_36.png
train_220.png,2920,1316,37,1844.0,702.0,2130.0,967.0,1,0,0,train,/content/dentex_crops/train/train_220_37.png
train_220.png,2920,1316,16,1067.123287671233,454.3013698630137,1241.0958904109589,714.5753424657535,1,0,0,train,/content/dentex_crops/train/train_220_16.png
train_591.png,3076,1536,45,1049.0,797.0,1192.0,1111.0,1,0,0,test,/content/dentex_crops/test/train_591_45.png
train_591.png,3076,1536,36,1956.0,796.0,2157.0,1091.0,1,0,0,test,/content/dentex_crops/test/train_591_36.png
train_505.png,2930,1316,46,990.0,694.0,1259.0,1021.0,1,0,0,train,/content/dentex_crops/train/train_505_46.png
train_505.png,2930,1316,36,1776.0,696.0,2043.0,1022.0,1,0,0,train,/content/dentex_crops/train/train_505_36.png
train_505.png,2930,1316,34,1675.0,746.0,1770.0,1080.0,1,0,0,train,/content/dentex_crops/train/train_505_34.png
train_505.png,2930,1316,26,1719.0,398.0,1883.0,728.0,1,0,0,train,/content/dentex_crops/train/train_505_26.png
train_505.png,2930,1316,32,1557.0,744.0,1648.0,1012.0,1,0,0,train,/content/dentex_crops/train/train_505_32.png
train_291.png,2788,1316,11,1339.705882352941,419.1176470588235,1429.4117647058822,745.5882352941176,1,0,0,train,/content/dentex_crops/train/train_291_11.png
train_291.png,2788,1316,15,1079.4117647058822,432.35294117647055,1200.0,694.1176470588235,0,1,0,train,/content/dentex_crops/train/train_291_15.png
train_291.png,2788,1316,17,867.6470588235294,416.17647058823525,1007.3529411764705,723.5294117647059,1,0,0,train,/content/dentex_crops/train/train_291_17.png
train_291.png,2788,1316,24,1604.4117647058822,477.9411764705882,1744.1176470588234,717.6470588235294,0,1,0,train,/content/dentex_crops/train/train_291_24.png
train_291.png,2788,1316,26,1752.941176470588,474.99999999999994,1920.5882352941176,782.3529411764705,1,0,0,train,/content/dentex_crops/train/train_291_26.png
train_291.png,2788,1316,38,1938.2352941176468,700.0,2201.470588235294,977.9411764705882,0,1,0,train,/content/dentex_crops/train/train_291_38.png
train_291.png,2788,1316,45,1041.1764705882351,761.7647058823529,1208.8235294117646,1092.6470588235293,1,0,0,train,/content/dentex_crops/train/train_291_45.png
train_291.png,2788,1316,37,1824.0,760.0,2105.0,1040.0,1,0,0,train,/content/dentex_crops/train/train_291_37.png
train_510.png,2896,1316,47,853.0,645.0,1145.0,921.0,1,0,0,train,/content/dentex_crops/train/train_510_47.png
train_510.png,2896,1316,24,1690.0,345.0,1794.0,660.0,1,0,0,train,/content/dentex_crops/train/train_510_24.png
train_510.png,2896,1316,17,893.0,292.0,1028.0,625.0,1,0,0,train,/content/dentex_crops/train/train_510_17.png
train_510.png,2896,1316,23,1632.876712328767,266.63013698630135,1738.3561643835617,658.4109589041096,0,0,1,train,/content/dentex_crops/train/train_510_23.png
train_510.png,2896,1316,13,1235.6164383561645,258.4109589041096,1332.876712328767,641.9726027397261,0,0,1,train,/content/dentex_crops/train/train_510_13.png
train_510.png,2896,1316,11,1379.4520547945206,358.4109589041096,1476.7123287671234,641.9726027397261,0,0,1,train,/content/dentex_crops/train/train_510_11.png
train_510.png,2896,1316,21,1463.013698630137,348.8219178082192,1575.3424657534247,655.6712328767123,0,0,1,train,/content/dentex_crops/train/train_510_21.png
train_29.png,2810,1316,17,845.0,412.66666666666674,985.0,686.0,1,0,0,test,/content/dentex_crops/test/train_29_17.png
train_29.png,2810,1316,36,1705.0,735.0,1907.0,1037.6666666666667,1,0,0,test,/content/dentex_crops/test/train_29_36.png
train_29.png,2810,1316,46,882.1111111111112,735.8888888888889,1123.0,1023.0,1,0,0,test,/content/dentex_crops/test/train_29_46.png
train_29.png,2810,1316,47,757.0,690.0,998.0,1007.0,1,0,0,test,/content/dentex_crops/test/train_29_47.png
train_44.png,2953,1316,17,958.8888888888889,487.77777777777777,1096.6666666666667,797.7777777777777,1,0,0,train,/content/dentex_crops/train/train_44_17.png
train_44.png,2953,1316,35,1751.032258064516,780.6451612903226,1880.0645161290322,1062.0967741935483,1,0,0,train,/content/dentex_crops/train/train_44_35.png
train_434.png,2496,1504,17,356.0975609756097,548.1219512195122,519.5121951219512,793.2439024390243,1,0,0,train,/content/dentex_crops/train/train_434_17.png
train_434.png,2496,1504,37,1680.4878048780486,769.5121951219512,1960.9756097560974,1050.0,1,0,0,train,/content/dentex_crops/train/train_434_37.png
train_274.png,2942,1316,47,845.0,708.0,1113.0,988.0,1,0,0,val,/content/dentex_crops/val/train_274_47.png
train_372.png,2802,1316,16,895.0617283950617,433.3333333333333,1065.432098765432,744.4444444444443,1,0,0,train,/content/dentex_crops/train/train_372_16.png
train_372.png,2802,1316,26,1769.1358024691358,460.4938271604938,1919.753086419753,769.1358024691358,1,0,0,train,/content/dentex_crops/train/train_372_26.png
train_372.png,2802,1316,46,803.7037037037037,798.7654320987654,1085.1851851851852,1112.3456790123455,1,0,0,train,/content/dentex_crops/train/train_372_46.png
train_417.png,2982,1316,47,864.0,703.0,1100.0,962.0,1,0,0,train,/content/dentex_crops/train/train_417_47.png
train_417.png,2982,1316,45,1144.0,765.0,1303.0,1083.0,1,0,0,train,/content/dentex_crops/train/train_417_45.png
train_417.png,2982,1316,46,1005.0,746.0,1227.0,1044.0,1,0,0,train,/content/dentex_crops/train/train_417_46.png
train_417.png,2982,1316,36,1789.0,752.0,2003.0,1033.0,1,0,0,train,/content/dentex_crops/train/train_417_36.png
train_415.png,2964,1316,35,1736.0,744.0,1877.0,999.0,1,0,0,train,/content/dentex_crops/train/train_415_35.png
train_243.png,2872,1504,25,1823.0,565.0,1939.0,905.0,1,0,1,train,/content/dentex_crops/train/train_243_25.png
train_243.png,2872,1504,18,709.0,514.0,859.0,816.0,1,0,0,train,/content/dentex_crops/train/train_243_18.png
train_332.png,2983,1316,46,1045.0,805.0,1226.0,996.0,0,1,0,train,/content/dentex_crops/train/train_332_46.png
train_332.png,2983,1316,47,880.0,713.0,1152.0,958.0,1,0,0,train,/content/dentex_crops/train/train_332_47.png
train_332.png,2983,1316,45,1187.0,763.0,1300.0,1035.0,1,0,0,train,/content/dentex_crops/train/train_332_45.png
train_332.png,2983,1316,18,946.0,467.0,1093.0,718.0,0,1,0,train,/content/dentex_crops/train/train_332_18.png
train_332.png,2983,1316,28,1887.0,482.0,2024.0,732.0,0,1,0,train,/content/dentex_crops/train/train_332_28.png
train_332.png,2983,1316,16,1114.0,521.0,1254.0,759.0,1,0,0,train,/content/dentex_crops/train/train_332_16.png
train_332.png,2983,1316,26,1744.0,496.0,1863.0,767.0,1,0,0,train,/content/dentex_crops/train/train_332_26.png
train_332.png,2983,1316,27,1837.0,527.0,1963.0,766.0,1,0,0,train,/content/dentex_crops/train/train_332_27.png
train_276.png,2872,1504,27,2025.0,459.0,2192.0,804.0,1,0,0,train,/content/dentex_crops/train/train_276_27.png
train_276.png,2872,1504,35,1676.0,851.0,1842.0,1181.0,1,0,0,train,/content/dentex_crops/train/train_276_35.png
train_551.png,1976,976,15,710.0,313.7755102040816,793.3673469387755,513.7755102040817,1,0,0,val,/content/dentex_crops/val/train_551_15.png
train_551.png,1976,976,45,665.5976676384839,539.3586005830904,804.3731778425656,752.1865889212828,1,0,0,val,/content/dentex_crops/val/train_551_45.png
train_170.png,2872,1504,46,854.0,896.0,1117.0,1191.0,1,0,0,train,/content/dentex_crops/train/train_170_46.png
train_170.png,2872,1504,16,841.0,562.0,1019.0,905.0,1,0,0,train,/content/dentex_crops/train/train_170_16.png
train_170.png,2872,1504,36,1792.0,857.0,2051.0,1168.0,1,0,0,train,/content/dentex_crops/train/train_170_36.png
train_170.png,2872,1504,37,1962.0,832.0,2200.0,1110.0,1,0,0,train,/content/dentex_crops/train/train_170_37.png
train_407.png,2872,1504,37,1982.0,821.0,2237.0,1090.0,0,1,0,train,/content/dentex_crops/train/train_407_37.png
train_529.png,2872,1504,16,900.0,602.0,1055.0,912.0,1,0,0,test,/content/dentex_crops/test/train_529_16.png
train_529.png,2872,1504,37,1996.0,857.0,2233.0,1127.0,1,0,0,test,/content/dentex_crops/test/train_529_37.png
train_529.png,2872,1504,15,1127.0,618.0,1243.0,913.0,0,1,0,test,/content/dentex_crops/test/train_529_15.png
train_529.png,2872,1504,48,645.0,846.0,904.0,1069.0,0,1,0,test,/content/dentex_crops/test/train_529_48.png
train_529.png,2872,1504,47,730.0,893.0,1043.0,1157.0,1,0,0,test,/content/dentex_crops/test/train_529_47.png
train_529.png,2872,1504,36,1844.0,886.0,2116.0,1191.0,0,0,1,test,/content/dentex_crops/test/train_529_36.png
train_84.png,2794,1316,18,646.0,398.21052631578937,790.2280701754385,715.7543859649122,1,0,0,test,/content/dentex_crops/test/train_84_18.png
train_84.png,2794,1316,17,755.1403508771929,396.45614035087715,921.8070175438595,719.2631578947368,1,0,0,test,/content/dentex_crops/test/train_84_17.png
train_84.png,2794,1316,16,918.298245614035,426.28070175438586,1058.6491228070174,740.3157894736842,1,0,0,test,/content/dentex_crops/test/train_84_16.png
train_84.png,2794,1316,23,1569.175438596491,287.6842105263157,1695.4912280701753,706.9824561403508,1,0,0,test,/content/dentex_crops/test/train_84_23.png
train_84.png,2794,1316,34,1583.2105263157894,707.0,1701.0,1024.0,0,1,0,test,/content/dentex_crops/test/train_84_34.png
train_84.png,2794,1316,36,1728.8245614035086,717.5087719298244,1942.8596491228068,1077.1578947368419,1,0,0,test,/content/dentex_crops/test/train_84_36.png
train_84.png,2794,1316,45,1062.157894736842,721.017543859649,1153.3859649122805,1072.0,1,0,0,test,/content/dentex_crops/test/train_84_45.png
train_84.png,2794,1316,47,748.1228070175438,724.0,993.736842105263,1099.9649122807016,1,0,0,test,/content/dentex_crops/test/train_84_47.png
train_84.png,2794,1316,48,621.5438596491227,710.5087719298244,847.8596491228069,1042.0877192982455,1,0,0,test,/content/dentex_crops/test/train_84_48.png
train_84.png,2794,1316,22,1490.0,400.0,1599.0,695.0,1,0,0,test,/content/dentex_crops/test/train_84_22.png
train_467.png,2540,1504,46,576.0,848.0,765.0,1154.0,1,0,0,train,/content/dentex_crops/train/train_467_46.png
train_467.png,2540,1504,45,700.0,842.0,836.0,1199.0,1,0,0,train,/content/dentex_crops/train/train_467_45.png
train_467.png,2540,1504,34,1396.0,861.0,1507.0,1203.0,1,0,0,train,/content/dentex_crops/train/train_467_34.png
train_467.png,2540,1504,47,426.0,843.0,632.0,1165.0,1,0,0,train,/content/dentex_crops/train/train_467_47.png
train_467.png,2540,1504,44,804.0,844.0,1225.0,1187.0,1,0,0,train,/content/dentex_crops/train/train_467_44.png
train_467.png,2540,1504,25,1526.0,567.0,1649.0,886.0,1,0,0,train,/content/dentex_crops/train/train_467_25.png
train_467.png,2540,1504,26,1616.6666666666667,598.8095238095239,1782.142857142857,885.7142857142858,0,0,1,train,/content/dentex_crops/train/train_467_26.png
train_664.png,2759,1316,17,830.4761904761905,220.0,987.6190476190476,564.7619047619047,1,0,0,train,/content/dentex_crops/train/train_664_17.png
train_664.png,2759,1316,18,695.2380952380952,207.61904761904762,863.8095238095237,517.1428571428571,1,0,0,train,/content/dentex_crops/train/train_664_18.png
train_664.png,2759,1316,48,533.3333333333333,478.0952380952381,845.0,760.0,1,0,0,train,/content/dentex_crops/train/train_664_48.png
train_102.png,2644,1504,35,1459.5714285714284,804.7857142857142,1575.6428571428569,1070.8571428571427,0,1,0,train,/content/dentex_crops/train/train_102_35.png
train_102.png,2644,1504,32,1209.5714285714284,792.2857142857142,1309.5714285714284,1065.4999999999998,0,1,0,train,/content/dentex_crops/train/train_102_32.png
train_102.png,2644,1504,42,1104.2142857142856,786.9285714285713,1222.0714285714284,1072.642857142857,0,1,0,train,/content/dentex_crops/train/train_102_42.png
train_102.png,2644,1504,11,1154.2142857142856,483.3571428571428,1257.7857142857142,785.1428571428571,0,1,0,train,/content/dentex_crops/train/train_102_11.png
train_102.png,2644,1504,12,1086.3571428571427,499.42857142857133,1173.8571428571427,799.4285714285713,0,1,0,train,/content/dentex_crops/train/train_102_12.png
train_102.png,2644,1504,21,1239.9285714285713,469.07142857142856,1354.2142857142856,781.5714285714284,0,1,0,train,/content/dentex_crops/train/train_102_21.png
train_102.png,2644,1504,22,1343.4999999999998,488.71428571428567,1414.9285714285713,795.8571428571428,0,1,0,train,/content/dentex_crops/train/train_102_22.png
train_615.png,2966,1316,36,1747.6190476190477,750.7936507936508,1955.5555555555554,1030.1587301587301,1,0,0,test,/content/dentex_crops/test/train_615_36.png
train_330.png,3076,1536,38,2162.0,804.0,2335.0,1063.0,0,1,0,train,/content/dentex_crops/train/train_330_38.png
train_496.png,3139,1350,46,1051.0,806.0,1322.0,1097.0,0,1,1,train,/content/dentex_crops/train/train_496_46.png
train_79.png,1976,976,44,761.0,550.0,833.75,771.25,1,0,0,train,/content/dentex_crops/train/train_79_44.png
train_79.png,1976,976,45,672.5,547.5,787.5,761.25,1,0,0,train,/content/dentex_crops/train/train_79_45.png
train_79.png,1976,976,46,578.75,531.25,740.0,741.25,1,0,0,train,/content/dentex_crops/train/train_79_46.png
train_79.png,1976,976,47,455.0,498.0,631.25,707.5,1,0,0,train,/content/dentex_crops/train/train_79_47.png
train_437.png,2856,1316,17,881.0,302.0,1023.0,641.0,1,0,0,train,/content/dentex_crops/train/train_437_17.png
train_462.png,2872,1504,31,1444.0,863.0,1553.0,1166.0,0,0,1,train,/content/dentex_crops/train/train_462_31.png
train_462.png,2872,1504,35,1672.0,826.0,1871.0,1185.0,0,0,1,train,/content/dentex_crops/train/train_462_35.png
train_462.png,2872,1504,37,1922.0,803.0,2182.0,1124.0,1,0,0,train,/content/dentex_crops/train/train_462_37.png
train_462.png,2872,1504,36,1773.0,837.0,2049.0,1157.0,0,1,0,train,/content/dentex_crops/train/train_462_36.png
train_462.png,2872,1504,33,1577.0,857.0,1667.0,1167.0,1,0,0,train,/content/dentex_crops/train/train_462_33.png
train_462.png,2872,1504,34,1641.0,851.0,1748.0,1160.0,1,0,0,train,/content/dentex_crops/train/train_462_34.png
train_462.png,2872,1504,44,1205.0,855.0,1305.0,1173.0,1,0,0,train,/content/dentex_crops/train/train_462_44.png
train_462.png,2872,1504,27,2026.0,478.0,2174.0,803.0,1,0,0,train,/content/dentex_crops/train/train_462_27.png
train_462.png,2872,1504,26,1883.0,487.0,2053.0,814.0,1,0,0,train,/content/dentex_crops/train/train_462_26.png
train_462.png,2872,1504,22,1606.0,508.0,1691.0,850.0,1,0,0,train,/content/dentex_crops/train/train_462_22.png
train_462.png,2872,1504,15,1121.0,494.0,1240.0,847.0,0,1,0,train,/content/dentex_crops/train/train_462_15.png
train_462.png,2872,1504,16,984.0,518.0,1160.0,835.0,1,0,0,train,/content/dentex_crops/train/train_462_16.png
train_462.png,2872,1504,18,754.0,502.0,935.0,786.0,1,0,0,train,/content/dentex_crops/train/train_462_18.png
train_462.png,2872,1504,17,893.0,569.0,1009.0,792.0,0,1,0,train,/content/dentex_crops/train/train_462_17.png
train_462.png,2872,1504,47,871.0,857.0,1053.0,996.0,0,1,0,train,/content/dentex_crops/train/train_462_47.png
train_462.png,2872,1504,14,1206.0,492.0,1336.0,834.0,1,0,0,train,/content/dentex_crops/train/train_462_14.png
train_216.png,2868,1316,12,1263.0,290.0,1360.8695652173913,646.0,1,0,0,train,/content/dentex_crops/train/train_216_12.png
train_497.png,2872,1504,47,794.0,920.0,1033.0,1209.0,1,0,0,train,/content/dentex_crops/train/train_497_47.png
train_497.png,2872,1504,46,951.0,924.0,1152.0,1230.0,1,0,0,train,/content/dentex_crops/train/train_497_46.png
train_497.png,2872,1504,45,1114.0,915.0,1234.0,1251.0,1,0,0,train,/content/dentex_crops/train/train_497_45.png
train_497.png,2872,1504,44,1214.0,924.0,1301.0,1222.0,1,0,0,train,/content/dentex_crops/train/train_497_44.png
train_497.png,2872,1504,14,1160.0,645.0,1255.0,929.0,1,0,0,train,/content/dentex_crops/train/train_497_14.png
train_497.png,2872,1504,35,1731.0,929.0,1856.0,1265.0,1,0,0,train,/content/dentex_crops/train/train_497_35.png
train_497.png,2872,1504,18,739.1891891891892,648.7872487872488,868.918918918919,875.8142758142759,0,1,0,train,/content/dentex_crops/train/train_497_18.png
train_497.png,2872,1504,28,2085.135135135135,637.8378378378378,2225.675675675676,918.918918918919,0,1,0,train,/content/dentex_crops/train/train_497_28.png
train_16.png,3076,1536,36,1822.0,817.0,2087.0,1142.0,1,0,0,val,/content/dentex_crops/val/train_16_36.png
train_16.png,3076,1536,46,830.0,800.0,1071.0,1105.0,0,1,0,val,/content/dentex_crops/val/train_16_46.png
train_16.png,3076,1536,48,753.0,719.0,961.0,995.0,1,0,0,val,/content/dentex_crops/val/train_16_48.png
train_16.png,3076,1536,34,1681.0,855.0,1840.0,1199.0,1,0,0,val,/content/dentex_crops/val/train_16_34.png
train_103.png,2952,1316,17,885.0,528.0,1043.0,787.0,1,0,0,val,/content/dentex_crops/val/train_103_17.png
train_155.png,2868,1504,24,1757.0,456.0,1890.0,821.0,0,1,0,train,/content/dentex_crops/train/train_155_24.png
train_155.png,2868,1504,26,1965.0,446.0,2117.0,792.0,1,0,0,train,/content/dentex_crops/train/train_155_26.png
train_155.png,2868,1504,36,1960.0,780.0,2270.0,1099.0,1,0,0,train,/content/dentex_crops/train/train_155_36.png
train_155.png,2868,1504,37,2106.0,712.0,2367.0,978.0,1,0,0,train,/content/dentex_crops/train/train_155_37.png
train_155.png,2868,1504,17,722.0,362.0,956.0,702.0,1,0,0,train,/content/dentex_crops/train/train_155_17.png
train_155.png,2868,1504,47,671.0,697.0,946.0,997.0,0,1,0,train,/content/dentex_crops/train/train_155_47.png
train_356.png,2799,1316,47,760.0,699.0,985.0,969.0,0,1,0,test,/content/dentex_crops/test/train_356_47.png
train_356.png,2799,1316,15,1057.0,436.0,1163.0,730.0,1,0,0,test,/content/dentex_crops/test/train_356_15.png
train_356.png,2799,1316,37,1873.0,741.0,2107.0,1019.0,0,1,0,test,/content/dentex_crops/test/train_356_37.png
train_356.png,2799,1316,33,1512.0,764.0,1620.0,1126.0,1,0,0,test,/content/dentex_crops/test/train_356_33.png
train_362.png,2872,1504,47,723.0,897.0,945.0,1150.0,1,0,0,val,/content/dentex_crops/val/train_362_47.png
train_362.png,2872,1504,15,996.0,616.0,1100.0,902.0,1,0,0,val,/content/dentex_crops/val/train_362_15.png
train_362.png,2872,1504,14,1090.0,597.0,1202.0,917.0,1,0,0,val,/content/dentex_crops/val/train_362_14.png
train_362.png,2872,1504,36,1915.0,930.0,2144.0,1217.0,0,1,0,val,/content/dentex_crops/val/train_362_36.png
train_362.png,2872,1504,46,847.0,929.0,1090.0,1216.0,1,0,0,val,/content/dentex_crops/val/train_362_46.png
train_362.png,2872,1504,13,1175.0,569.0,1286.0,907.0,1,0,0,val,/content/dentex_crops/val/train_362_13.png
train_10.png,2837,1316,37,1988.0,784.0,2154.0,1022.0,1,0,0,test,/content/dentex_crops/test/train_10_37.png
train_10.png,2837,1316,36,1846.0,796.0,2024.0,1062.0,1,0,0,test,/content/dentex_crops/test/train_10_36.png
train_10.png,2837,1316,45,990.0,780.0,1122.0,1082.0,1,0,0,test,/content/dentex_crops/test/train_10_45.png
train_10.png,2837,1316,46,838.0,776.0,1030.0,1050.0,1,0,0,test,/content/dentex_crops/test/train_10_46.png
train_10.png,2837,1316,47,702.0,772.0,896.0,1018.0,1,0,0,test,/content/dentex_crops/test/train_10_47.png
train_570.png,2909,1316,48,675.0,602.0,899.0,898.0,0,1,0,val,/content/dentex_crops/val/train_570_48.png
train_327.png,1976,976,11,899.0,334.55882352941177,962.8235294117646,543.0,1,0,0,train,/content/dentex_crops/train/train_327_11.png
train_327.png,1976,976,21,945.5882352941176,336.7647058823529,1011.0294117647059,545.0,1,0,0,train,/content/dentex_crops/train/train_327_21.png
train_506.png,2862,1316,27,1924.4545454545453,445.72727272727263,2079.0,720.2727272727273,1,0,0,test,/content/dentex_crops/test/train_506_27.png
train_506.png,2862,1316,35,1677.181818181818,796.6363636363635,1835.3636363636363,1134.8181818181818,1,0,0,test,/content/dentex_crops/test/train_506_35.png
train_506.png,2862,1316,36,1749.9090909090908,767.5454545454545,2013.5454545454543,1113.0,1,0,0,test,/content/dentex_crops/test/train_506_36.png
train_391.png,2884,1504,46,772.0,765.0,1087.0,1078.0,1,0,0,train,/content/dentex_crops/train/train_391_46.png
train_391.png,2884,1504,45,983.0,815.0,1178.0,1130.0,1,0,0,train,/content/dentex_crops/train/train_391_45.png
train_391.png,2884,1504,17,808.0,433.0,974.0,750.0,1,0,0,train,/content/dentex_crops/train/train_391_17.png
train_391.png,2884,1504,16,925.0,429.0,1096.0,774.0,1,0,0,train,/content/dentex_crops/train/train_391_16.png
train_391.png,2884,1504,37,2034.0,726.0,2279.0,1034.0,1,0,0,train,/content/dentex_crops/train/train_391_37.png
train_391.png,2884,1504,36,1892.0,767.0,2178.0,1083.0,1,0,0,train,/content/dentex_crops/train/train_391_36.png
train_391.png,2884,1504,35,1821.0,824.0,2015.0,1139.0,1,0,0,train,/content/dentex_crops/train/train_391_35.png
train_391.png,2884,1504,26,1930.0,448.0,2094.0,766.0,1,0,0,train,/content/dentex_crops/train/train_391_26.png
train_391.png,2884,1504,27,2030.0,405.0,2205.0,723.0,1,0,0,train,/content/dentex_crops/train/train_391_27.png
train_391.png,2884,1504,28,2128.0,364.0,2334.0,679.0,1,0,0,train,/content/dentex_crops/train/train_391_28.png
train_391.png,2884,1504,25,1823.0,445.0,1971.0,773.0,0,0,1,train,/content/dentex_crops/train/train_391_25.png
train_391.png,2884,1504,22,1609.0,454.0,1742.0,863.0,0,0,1,train,/content/dentex_crops/train/train_391_22.png
train_391.png,2884,1504,24,1786.0,491.0,1921.0,828.0,1,0,0,train,/content/dentex_crops/train/train_391_24.png
train_391.png,2884,1504,21,1511.0,488.0,1646.0,874.0,1,0,0,train,/content/dentex_crops/train/train_391_21.png
train_391.png,2884,1504,18,683.0,426.0,882.0,694.0,0,1,0,train,/content/dentex_crops/train/train_391_18.png
train_391.png,2884,1504,47,638.0,719.0,936.0,942.0,1,0,0,train,/content/dentex_crops/train/train_391_47.png
train_22.png,2884,1504,46,837.9746835443037,902.5316455696202,1083.5443037974683,1206.3291139240505,1,0,0,train,/content/dentex_crops/train/train_22_46.png
train_177.png,2814,1316,16,928.0898876404494,397.75280898876406,1105.6179775280898,688.7640449438202,1,0,0,train,/content/dentex_crops/train/train_177_16.png
train_177.png,2814,1316,37,1800.0,702.0,2007.8651685393259,1008.9887640449438,0,1,1,train,/content/dentex_crops/train/train_177_37.png
train_177.png,2814,1316,47,848.314606741573,696.629213483146,1079.7752808988764,1003.370786516854,1,0,0,train,/content/dentex_crops/train/train_177_47.png
train_30.png,2815,1316,38,1948.0,515.0,2140.0,708.0,0,1,0,train,/content/dentex_crops/train/train_30_38.png
train_30.png,2815,1316,28,1720.0,142.0,1905.0,323.0,0,1,0,train,/content/dentex_crops/train/train_30_28.png
train_30.png,2815,1316,27,1706.0,249.0,1919.0,522.0,1,0,0,train,/content/dentex_crops/train/train_30_27.png
train_524.png,2872,1504,47,687.0,816.0,966.0,1113.0,1,0,0,val,/content/dentex_crops/val/train_524_47.png
train_524.png,2872,1504,24,1748.0,451.0,1867.0,815.0,1,0,0,val,/content/dentex_crops/val/train_524_24.png
train_524.png,2872,1504,27,1988.0,481.0,2173.0,801.0,1,0,0,val,/content/dentex_crops/val/train_524_27.png
train_524.png,2872,1504,45,1037.0,851.0,1188.0,1175.0,0,0,1,val,/content/dentex_crops/val/train_524_45.png
train_524.png,2872,1504,34,1736.4864864864865,841.8918918918919,1841.8918918918919,1172.972972972973,0,1,0,val,/content/dentex_crops/val/train_524_34.png
train_524.png,2872,1504,25,1852.7027027027027,531.081081081081,1963.5135135135135,817.5675675675676,0,1,0,val,/content/dentex_crops/val/train_524_25.png
train_524.png,2872,1504,15,979.7297297297298,540.5405405405405,1102.7027027027027,833.7837837837837,0,1,0,val,/content/dentex_crops/val/train_524_15.png
train_524.png,2872,1504,14,1101.3513513513515,479.72972972972974,1206.7567567567567,828.3783783783784,0,1,0,val,/content/dentex_crops/val/train_524_14.png
train_524.png,2872,1504,11,1359.4594594594594,514.8648648648649,1470.2702702702702,813.5135135135135,0,1,0,val,/content/dentex_crops/val/train_524_11.png
train_524.png,2872,1504,12,1277.027027027027,506.7567567567568,1370.2702702702702,817.5675675675676,0,1,0,val,/content/dentex_crops/val/train_524_12.png
train_524.png,2872,1504,23,1658.1081081081081,425.6756756756757,1782.4324324324325,802.7027027027027,0,1,0,val,/content/dentex_crops/val/train_524_23.png
train_325.png,2816,1316,34,1605.0,698.0,1713.0,1031.0,1,0,0,train,/content/dentex_crops/train/train_325_34.png
train_325.png,2816,1316,36,1760.0,691.0,1969.0,997.0,1,0,0,train,/content/dentex_crops/train/train_325_36.png
train_325.png,2816,1316,35,1679.0,706.0,1807.0,1018.0,1,0,0,train,/content/dentex_crops/train/train_325_35.png
train_596.png,2812,1316,46,853.0,718.0,1048.0,1025.0,1,0,0,train,/content/dentex_crops/train/train_596_46.png
train_596.png,2812,1316,27,1796.0,397.0,1983.0,679.0,0,1,0,train,/content/dentex_crops/train/train_596_27.png
train_596.png,2812,1316,16,926.0,428.0,1069.0,652.0,0,1,0,train,/content/dentex_crops/train/train_596_16.png
train_130.png,2821,1316,25,1687.0,461.0,1810.0,630.0,0,1,0,train,/content/dentex_crops/train/train_130_25.png
train_130.png,2821,1316,27,1841.7721518987341,472.15189873417717,1945.5696202531644,645.5696202531645,0,1,0,train,/content/dentex_crops/train/train_130_27.png
train_402.png,2823,1316,16,938.7096774193549,380.64516129032256,1076.6129032258063,673.3870967741935,1,0,0,train,/content/dentex_crops/train/train_402_16.png
train_402.png,2823,1316,17,811.2903225806451,406.4516129032258,954.0322580645161,681.4516129032259,1,0,0,train,/content/dentex_crops/train/train_402_17.png
train_402.png,2823,1316,26,1766.1290322580646,409.6774193548387,1926.6129032258066,691.9354838709678,1,0,0,train,/content/dentex_crops/train/train_402_26.png
train_402.png,2823,1316,36,1754.8387096774193,721.7741935483871,1935.483870967742,1035.483870967742,1,0,0,train,/content/dentex_crops/train/train_402_36.png
train_402.png,2823,1316,37,1881.7096774193549,716.7741935483871,2105.0967741935483,1021.6129032258063,1,0,0,train,/content/dentex_crops/train/train_402_37.png
train_402.png,2823,1316,46,914.516129032258,708.0645161290323,1100.8064516129032,995.1612903225806,1,0,0,train,/content/dentex_crops/train/train_402_46.png
train_402.png,2823,1316,48,611.2903225806451,657.258064516129,832.258064516129,904.8387096774194,1,0,0,train,/content/dentex_crops/train/train_402_48.png
train_277.png,1976,976,14,749.0,338.7692307692308,815.0,544.0,1,0,0,train,/content/dentex_crops/train/train_277_14.png
train_277.png,1976,976,15,701.0,336.8461538461538,767.4615384615385,535.0,1,0,0,train,/content/dentex_crops/train/train_277_15.png
train_277.png,1976,976,25,1123.3846153846152,298.3076923076923,1207.0,508.0,1,0,0,train,/content/dentex_crops/train/train_277_25.png
train_277.png,1976,976,36,1126.076923076923,506.0,1274.0,703.0,1,0,0,train,/content/dentex_crops/train/train_277_36.png
train_392.png,2872,1504,36,1761.0,781.0,1999.090909090909,1139.151515151515,0,0,1,train,/content/dentex_crops/train/train_392_36.png
train_471.png,2412,1504,26,1495.0,640.0,1635.0,921.0,0,1,0,train,/content/dentex_crops/train/train_471_26.png
train_471.png,2412,1504,35,1415.0,971.0,1526.0,1251.0,1,0,0,train,/content/dentex_crops/train/train_471_35.png
train_471.png,2412,1504,47,335.0,931.0,577.0,1162.0,1,0,0,train,/content/dentex_crops/train/train_471_47.png
train_471.png,2412,1504,37,1632.0,903.0,1852.0,1136.0,1,0,0,train,/content/dentex_crops/train/train_471_37.png
train_471.png,2412,1504,16,444.6808510638298,637.2340425531914,596.8085106382979,918.0851063829787,1,0,0,train,/content/dentex_crops/train/train_471_16.png
train_450.png,2872,1504,47,855.0,757.0,1116.0,1066.0,1,0,0,val,/content/dentex_crops/val/train_450_47.png
train_450.png,2872,1504,48,738.0,722.0,979.0,997.0,1,0,0,val,/content/dentex_crops/val/train_450_48.png
train_450.png,2872,1504,18,810.0,478.0,944.0,730.0,1,0,0,val,/content/dentex_crops/val/train_450_18.png
train_450.png,2872,1504,36,1778.0,834.0,2022.0,1161.0,1,0,0,val,/content/dentex_crops/val/train_450_36.png
train_450.png,2872,1504,37,1925.0,805.0,2168.0,1124.0,1,0,0,val,/content/dentex_crops/val/train_450_37.png
train_578.png,2982,1316,27,1879.0,322.0,2026.0,596.0,1,0,0,test,/content/dentex_crops/test/train_578_27.png
train_578.png,2982,1316,46,873.0,607.0,1125.0,866.0,1,0,0,test,/content/dentex_crops/test/train_578_46.png
train_578.png,2982,1316,16,1087.837837837838,412.1621621621622,1217.5675675675675,700.0,1,0,0,test,/content/dentex_crops/test/train_578_16.png
train_347.png,2920,1316,27,1997.4025974025974,509.09090909090907,2127.272727272727,810.3896103896104,1,0,0,train,/content/dentex_crops/train/train_347_27.png
train_143.png,2932,1316,18,862.0,286.0,1018.0,600.0,0,1,0,train,/content/dentex_crops/train/train_143_18.png
train_143.png,2932,1316,45,1113.0,604.0,1237.0,888.0,0,1,0,train,/content/dentex_crops/train/train_143_45.png
train_143.png,2932,1316,37,1887.0,626.0,2105.0,913.0,0,1,0,train,/content/dentex_crops/train/train_143_37.png
train_143.png,2932,1316,27,1969.0,324.0,2142.0,612.0,1,0,0,train,/content/dentex_crops/train/train_143_27.png
train_143.png,2932,1316,46,978.0,616.0,1170.0,896.0,1,0,0,train,/content/dentex_crops/train/train_143_46.png
train_80.png,2728,1316,15,1016.0,493.0,1122.945945945946,757.7837837837837,1,0,0,val,/content/dentex_crops/val/train_80_15.png
train_80.png,2728,1316,16,866.0,479.0,1054.0,768.2972972972973,1,0,0,val,/content/dentex_crops/val/train_80_16.png
train_80.png,2728,1316,24,1574.0,473.7027027027027,1692.0,773.0,1,0,0,val,/content/dentex_crops/val/train_80_24.png
train_80.png,2728,1316,26,1737.0,452.08108108108104,1850.0,782.0,0,1,0,val,/content/dentex_crops/val/train_80_26.png
train_80.png,2728,1316,34,1573.0,800.0,1670.0,1073.7027027027027,1,0,0,val,/content/dentex_crops/val/train_80_34.png
train_80.png,2728,1316,35,1648.0,796.0,1754.0,1086.0,1,0,0,val,/content/dentex_crops/val/train_80_35.png
train_80.png,2728,1316,36,1731.972972972973,797.0,1893.0,1097.3243243243244,0,1,0,val,/content/dentex_crops/val/train_80_36.png
train_80.png,2728,1316,46,880.5135135135135,781.0,1110.0,1065.0,1,0,0,val,/content/dentex_crops/val/train_80_46.png
train_80.png,2728,1316,17,787.0,461.0,921.0,763.0,1,0,0,val,/content/dentex_crops/val/train_80_17.png
train_80.png,2728,1316,48,620.0,725.0,867.0,948.0,1,0,0,val,/content/dentex_crops/val/train_80_48.png
train_80.png,2728,1316,47,731.0,767.0,998.0,1055.0,1,0,0,val,/content/dentex_crops/val/train_80_47.png
train_80.png,2728,1316,27,1838.0,445.0,1953.0,772.0,0,1,0,val,/content/dentex_crops/val/train_80_27.png
train_446.png,2872,1504,36,1896.0,882.0,2120.0,1180.0,1,0,0,test,/content/dentex_crops/test/train_446_36.png
train_446.png,2872,1504,26,1946.0,604.0,2095.0,878.0,1,0,0,test,/content/dentex_crops/test/train_446_26.png
train_446.png,2872,1504,16,925.0,573.0,1095.0,855.0,1,0,0,test,/content/dentex_crops/test/train_446_16.png
train_446.png,2872,1504,37,2039.0,852.0,2265.0,1129.0,1,0,0,test,/content/dentex_crops/test/train_446_37.png
train_446.png,2872,1504,46,890.0,860.0,1111.0,1148.0,1,0,0,test,/content/dentex_crops/test/train_446_46.png
train_549.png,2814,1316,17,762.5,284.33333333333337,883.3333333333334,676.0,1,0,0,train,/content/dentex_crops/train/train_549_17.png
train_549.png,2814,1316,25,1757.3529411764705,263.235294117647,1886.7647058823527,701.470588235294,1,0,0,train,/content/dentex_crops/train/train_549_25.png
train_549.png,2814,1316,35,1660.8108108108108,691.8918918918919,1821.6216216216217,1048.6486486486488,1,0,0,train,/content/dentex_crops/train/train_549_35.png
train_549.png,2814,1316,48,575.3086419753087,645.679012345679,838.2716049382716,890.1234567901234,1,0,0,train,/content/dentex_crops/train/train_549_48.png
train_549.png,2814,1316,15,992.0,379.0,1091.0,679.0,1,0,0,train,/content/dentex_crops/train/train_549_15.png
train_549.png,2814,1316,14,1078.0,380.0,1170.0,685.0,1,0,0,train,/content/dentex_crops/train/train_549_14.png
train_464.png,2872,1504,38,2094.0,768.0,2336.0,998.0,0,1,0,train,/content/dentex_crops/train/train_464_38.png
train_464.png,2872,1504,37,1958.0,765.0,2151.0,1017.0,1,0,0,train,/content/dentex_crops/train/train_464_37.png
train_464.png,2872,1504,46,978.0,781.0,1144.0,1065.0,1,0,0,train,/content/dentex_crops/train/train_464_46.png
train_464.png,2872,1504,47,860.0,799.0,1020.0,1066.0,1,0,0,train,/content/dentex_crops/train/train_464_47.png
train_676.png,2754,1316,37,1932.6923076923076,703.8461538461538,2138.4615384615386,1021.1538461538461,1,0,0,train,/content/dentex_crops/train/train_676_37.png
train_676.png,2754,1316,34,1621.1538461538462,638.4615384615385,1734.6153846153845,1019.2307692307692,1,0,0,train,/content/dentex_crops/train/train_676_34.png
train_218.png,2846,1316,47,841.0,760.0,1026.0,1056.0,0,1,0,train,/content/dentex_crops/train/train_218_47.png
train_218.png,2846,1316,16,978.0,510.0,1122.0,776.0,1,0,0,train,/content/dentex_crops/train/train_218_16.png
train_218.png,2846,1316,37,1852.0,757.0,2033.0,1036.0,1,0,0,train,/content/dentex_crops/train/train_218_37.png
train_218.png,2846,1316,27,1860.0,488.0,1981.0,770.0,1,0,0,train,/content/dentex_crops/train/train_218_27.png
train_213.png,2851,1316,18,827.0,321.0,967.0,587.0,1,0,0,val,/content/dentex_crops/val/train_213_18.png
train_213.png,2851,1316,36,1722.0,693.0,1928.0,982.0,0,1,0,val,/content/dentex_crops/val/train_213_36.png
train_213.png,2851,1316,45,1062.264150943396,716.0377358490566,1184.9056603773583,966.0377358490565,0,0,1,val,/content/dentex_crops/val/train_213_45.png
train_658.png,2656,1316,15,916.3333333333334,390.66666666666674,1035.0,732.3333333333334,1,0,0,val,/content/dentex_crops/val/train_658_15.png
train_658.png,2656,1316,16,798.0,405.0,957.0,726.3333333333334,1,0,0,val,/content/dentex_crops/val/train_658_16.png
train_658.png,2656,1316,24,1583.6666666666667,420.0,1683.0,722.0,1,0,0,val,/content/dentex_crops/val/train_658_24.png
train_658.png,2656,1316,25,1663.0,426.0,1750.6666666666667,717.3333333333334,1,0,0,val,/content/dentex_crops/val/train_658_25.png
train_658.png,2656,1316,26,1727.3333333333335,426.0,1873.0,710.0,1,0,0,val,/content/dentex_crops/val/train_658_26.png
train_658.png,2656,1316,28,1963.0,427.0,2083.0,680.3333333333334,1,0,0,val,/content/dentex_crops/val/train_658_28.png
train_658.png,2656,1316,34,1567.0,704.0,1678.6666666666667,1018.6666666666667,0,1,0,val,/content/dentex_crops/val/train_658_34.png
train_658.png,2656,1316,37,1833.3333333333335,673.0,2063.3333333333335,950.6666666666667,1,0,0,val,/content/dentex_crops/val/train_658_37.png
train_658.png,2656,1316,38,1972.3333333333335,660.0,2152.3333333333335,906.0,1,0,0,val,/content/dentex_crops/val/train_658_38.png
train_658.png,2656,1316,47,612.0,677.0,877.0,958.6666666666667,1,0,0,val,/content/dentex_crops/val/train_658_47.png
train_658.png,2656,1316,48,477.0,624.3333333333334,739.0,884.0,1,0,0,val,/content/dentex_crops/val/train_658_48.png
train_540.png,2723,1316,37,1796.0,596.0,2056.0,883.0,1,0,0,train,/content/dentex_crops/train/train_540_37.png
train_540.png,2723,1316,36,1662.0,631.0,1921.0,919.0,1,0,0,train,/content/dentex_crops/train/train_540_36.png
train_540.png,2723,1316,35,1572.0,649.0,1737.0,965.0,1,0,0,train,/content/dentex_crops/train/train_540_35.png
train_540.png,2723,1316,46,818.0,627.0,1064.0,941.0,1,0,0,train,/content/dentex_crops/train/train_540_46.png
train_540.png,2723,1316,25,1654.0,304.0,1763.0,618.0,1,0,0,train,/content/dentex_crops/train/train_540_25.png
train_546.png,2886,1316,36,1736.0,683.0,1993.0,1028.0,1,0,0,train,/content/dentex_crops/train/train_546_36.png
train_9.png,2872,1504,48,713.0,789.0,894.0,941.0,0,1,0,val,/content/dentex_crops/val/train_9_48.png
train_9.png,2872,1504,17,835.0,528.0,1038.0,803.0,0,1,0,val,/content/dentex_crops/val/train_9_17.png
train_9.png,2872,1504,16,953.0,556.0,1134.0,822.0,1,0,0,val,/content/dentex_crops/val/train_9_16.png
train_9.png,2872,1504,15,1100.0,553.0,1187.0,860.0,0,1,0,val,/content/dentex_crops/val/train_9_15.png
train_9.png,2872,1504,43,1272.0,888.0,1380.0,1212.0,1,0,0,val,/content/dentex_crops/val/train_9_43.png
train_135.png,1976,976,36,1141.7852760736196,555.0552147239264,1319.0858895705521,801.0674846625766,1,0,0,val,/content/dentex_crops/val/train_135_36.png
train_135.png,1976,976,38,1281.5950920245398,496.3190184049079,1477.9141104294476,682.2085889570552,1,0,0,val,/content/dentex_crops/val/train_135_38.png
train_135.png,1976,976,45,693.2960893854748,587.1508379888268,786.0335195530727,810.0558659217877,1,0,0,val,/content/dentex_crops/val/train_135_45.png
train_135.png,1976,976,46,588.268156424581,581.5642458100558,732.9608938547486,797.2067039106145,1,0,0,val,/content/dentex_crops/val/train_135_46.png
train_135.png,1976,976,47,508.37988826815644,564.804469273743,649.1620111731844,772.0670391061452,1,0,0,val,/content/dentex_crops/val/train_135_47.png
train_135.png,1976,976,48,428.49162011173183,503.3519553072626,572.6256983240223,680.4469273743017,1,0,0,val,/content/dentex_crops/val/train_135_48.png
train_681.png,2844,1316,14,1021.4444444444446,359.33333333333337,1135.0,678.7777777777778,1,0,0,train,/content/dentex_crops/train/train_681_14.png
train_681.png,2844,1316,15,947.0,357.33333333333337,1043.888888888889,673.0,1,0,0,train,/content/dentex_crops/train/train_681_15.png
train_681.png,2844,1316,16,833.4444444444445,357.0,969.0,654.2222222222223,1,0,0,train,/content/dentex_crops/train/train_681_16.png
train_681.png,2844,1316,27,1974.2222222222224,345.0,2117.0,618.5555555555555,1,0,0,train,/content/dentex_crops/train/train_681_27.png
train_681.png,2844,1316,34,1689.0,663.3333333333334,1850.0,971.0,1,0,0,train,/content/dentex_crops/train/train_681_34.png
train_681.png,2844,1316,44,958.1111111111112,654.5555555555555,1113.0,954.5555555555557,1,0,0,train,/content/dentex_crops/train/train_681_44.png
train_681.png,2844,1316,46,705.4444444444445,610.0,944.0,937.6666666666667,1,0,0,train,/content/dentex_crops/train/train_681_46.png
train_261.png,2923,1316,37,1951.0,686.0,2143.0,934.0,0,1,1,train,/content/dentex_crops/train/train_261_37.png
train_261.png,2923,1316,36,1805.0,695.0,2005.0,970.0,1,0,0,train,/content/dentex_crops/train/train_261_36.png
train_261.png,2923,1316,17,854.0,376.0,999.0,646.0,1,0,0,train,/content/dentex_crops/train/train_261_17.png
train_261.png,2923,1316,48,685.0,615.0,857.0,875.0,1,0,0,train,/content/dentex_crops/train/train_261_48.png
train_261.png,2923,1316,47,779.0,649.0,1008.0,926.0,1,0,0,train,/content/dentex_crops/train/train_261_47.png
train_261.png,2923,1316,27,1892.0,346.0,2067.0,678.0,1,0,0,train,/content/dentex_crops/train/train_261_27.png
train_261.png,2923,1316,26,1750.625,398.0,1912.625,658.0,1,0,0,train,/content/dentex_crops/train/train_261_26.png
train_152.png,2872,1504,48,601.0,863.0,846.0,1102.0,1,0,0,test,/content/dentex_crops/test/train_152_48.png
train_152.png,2872,1504,47,762.0,913.0,995.0,1202.0,1,0,0,test,/content/dentex_crops/test/train_152_47.png
train_152.png,2872,1504,46,914.0,916.0,1149.0,1226.0,1,0,0,test,/content/dentex_crops/test/train_152_46.png
train_152.png,2872,1504,35,1768.0,941.0,1886.0,1272.0,1,0,0,test,/content/dentex_crops/test/train_152_35.png
train_152.png,2872,1504,26,1919.0,654.0,2075.0,935.0,1,0,0,test,/content/dentex_crops/test/train_152_26.png
train_548.png,2884,1504,47,741.0,839.0,967.0,1128.0,1,0,0,train,/content/dentex_crops/train/train_548_47.png
train_548.png,2884,1504,37,2070.0,824.0,2277.0,1126.0,1,0,0,train,/content/dentex_crops/train/train_548_37.png
train_548.png,2884,1504,25,1886.0,528.0,2008.0,814.0,1,0,0,train,/content/dentex_crops/train/train_548_25.png
train_548.png,2884,1504,15,976.0,542.0,1100.0,830.0,1,0,0,train,/content/dentex_crops/train/train_548_15.png
train_548.png,2884,1504,36,1921.0,849.0,2128.0,1151.0,1,0,0,train,/content/dentex_crops/train/train_548_36.png
train_548.png,2884,1504,24,1775.0,492.0,1919.0,827.0,1,0,0,train,/content/dentex_crops/train/train_548_24.png
train_561.png,2604,1504,47,425.0,807.0,631.0,1093.0,1,0,0,train,/content/dentex_crops/train/train_561_47.png
train_696.png,2965,1316,36,1793.125,677.875,2034.125,1110.875,0,1,1,train,/content/dentex_crops/train/train_696_36.png
train_696.png,2965,1316,37,1846.0,646.0,2150.0,985.0,0,1,0,train,/content/dentex_crops/train/train_696_37.png
train_696.png,2965,1316,38,2002.0,586.0,2243.0,877.0,1,0,0,train,/content/dentex_crops/train/train_696_38.png
train_696.png,2965,1316,45,1119.0,684.0,1270.0,1011.0,0,1,0,train,/content/dentex_crops/train/train_696_45.png
train_696.png,2965,1316,17,968.0,310.0,1121.0,633.0,1,0,0,train,/content/dentex_crops/train/train_696_17.png
train_696.png,2965,1316,47,831.0,630.0,1139.0,927.0,1,0,0,train,/content/dentex_crops/train/train_696_47.png
train_696.png,2965,1316,22,1539.0,357.0,1648.0,690.0,1,0,0,train,/content/dentex_crops/train/train_696_22.png
train_696.png,2965,1316,26,1741.0,353.0,1944.0,688.0,1,0,0,train,/content/dentex_crops/train/train_696_26.png
train_696.png,2965,1316,35,1691.0,677.0,1823.0,1013.0,1,0,0,train,/content/dentex_crops/train/train_696_35.png
train_455.png,2872,1504,35,1730.0,736.0,1902.0,1076.0,0,0,1,train,/content/dentex_crops/train/train_455_35.png
train_519.png,2868,1504,27,2074.0,543.0,2236.0,839.0,1,0,0,train,/content/dentex_crops/train/train_519_27.png
train_519.png,2868,1504,25,1879.0,525.0,2028.0,850.0,1,0,0,train,/content/dentex_crops/train/train_519_25.png
train_519.png,2868,1504,22,1579.0,571.0,1694.0,877.0,1,0,0,train,/content/dentex_crops/train/train_519_22.png
train_519.png,2868,1504,15,981.0,536.0,1115.0,874.0,1,0,0,train,/content/dentex_crops/train/train_519_15.png
train_519.png,2868,1504,17,764.0,568.0,991.0,862.0,0,1,0,train,/content/dentex_crops/train/train_519_17.png
train_519.png,2868,1504,34,1761.0,865.0,1880.0,1155.0,1,0,0,train,/content/dentex_crops/train/train_519_34.png
train_519.png,2868,1504,33,1653.0,867.0,1805.0,1215.0,1,0,0,train,/content/dentex_crops/train/train_519_33.png
train_358.png,2862,1316,18,698.019801980198,339.6039603960396,859.4059405940594,651.4851485148515,1,0,0,train,/content/dentex_crops/train/train_358_18.png
train_358.png,2862,1316,17,824.7524752475248,343.56435643564356,955.4455445544554,680.1980198019802,1,0,0,train,/content/dentex_crops/train/train_358_17.png
train_358.png,2862,1316,16,922.7722772277227,378.2178217821782,1044.5544554455446,656.4356435643564,1,0,0,train,/content/dentex_crops/train/train_358_16.png
train_358.png,2862,1316,25,1754.4752475247524,364.38613861386136,1842.0,710.9207920792079,1,0,0,train,/content/dentex_crops/train/train_358_25.png
train_358.png,2862,1316,26,1831.6831683168316,385.1485148514851,1967.3267326732673,706.9306930693069,1,0,0,train,/content/dentex_crops/train/train_358_26.png
train_358.png,2862,1316,27,1950.4950495049504,349.5049504950495,2075.2475247524753,686.1386138613861,1,0,0,train,/content/dentex_crops/train/train_358_27.png
train_358.png,2862,1316,36,1736.6336633663366,729.7029702970297,1969.3069306930693,1079.2079207920792,1,0,0,train,/content/dentex_crops/train/train_358_36.png
train_358.png,2862,1316,37,1875.2475247524753,706.9306930693069,2117.8217821782177,1049.5049504950496,1,0,0,train,/content/dentex_crops/train/train_358_37.png
train_358.png,2862,1316,38,2039.4455445544554,745.4356435643564,2220.633663366337,975.1386138613861,0,1,0,train,/content/dentex_crops/train/train_358_38.png
train_358.png,2862,1316,46,878.8659793814434,732.4742268041238,1104.1237113402062,1069.0721649484537,1,0,0,train,/content/dentex_crops/train/train_358_46.png
train_358.png,2862,1316,47,746.3917525773196,702.5773195876288,984.5360824742269,1040.2061855670104,1,0,0,train,/content/dentex_crops/train/train_358_47.png
train_358.png,2862,1316,48,591.7525773195877,659.7938144329897,860.8247422680413,989.6907216494845,1,0,0,train,/content/dentex_crops/train/train_358_48.png
train_623.png,2872,1504,48,682.0,893.0,946.0,1101.0,1,0,0,test,/content/dentex_crops/test/train_623_48.png
train_623.png,2872,1504,18,760.0,638.0,952.0,890.0,1,0,0,test,/content/dentex_crops/test/train_623_18.png
train_49.png,1976,976,16,625.75,239.5,719.5,469.5,1,0,0,train,/content/dentex_crops/train/train_49_16.png
train_49.png,1976,976,26,1182.0,235.75,1274.5,453.25,1,0,0,train,/content/dentex_crops/train/train_49_26.png
train_49.png,1976,976,27,1229.5,207.0,1338.25,415.75,1,0,0,train,/content/dentex_crops/train/train_49_27.png
train_49.png,1976,976,36,1159.5,468.0,1349.5,633.0,1,0,0,train,/content/dentex_crops/train/train_49_36.png
train_49.png,1976,976,37,1233.25,419.5,1412.0,573.25,1,0,0,train,/content/dentex_crops/train/train_49_37.png
train_49.png,1976,976,46,582.0,467.0,752.0,689.5,1,0,0,train,/content/dentex_crops/train/train_49_46.png
train_49.png,1976,976,47,474.5,433.25,660.75,625.75,1,0,0,train,/content/dentex_crops/train/train_49_47.png
train_343.png,2772,1316,25,1711.1842105263158,460.5263157894737,1803.2894736842104,728.2894736842105,1,0,0,train,/content/dentex_crops/train/train_343_25.png
train_343.png,2772,1316,26,1790.7894736842104,466.4473684210526,1936.1842105263158,754.6052631578947,1,0,0,train,/content/dentex_crops/train/train_343_26.png
train_343.png,2772,1316,15,992.7710843373493,442.77108433734935,1076.5060240963855,737.3493975903614,1,0,0,train,/content/dentex_crops/train/train_343_15.png
train_343.png,2772,1316,16,863.2530120481927,436.74698795180717,1003.012048192771,736.7469879518071,1,0,0,train,/content/dentex_crops/train/train_343_16.png
train_343.png,2772,1316,35,1675.5102040816328,777.5510204081633,1778.2312925170068,1063.9455782312925,1,0,0,train,/content/dentex_crops/train/train_343_35.png
train_343.png,2772,1316,37,1841.496598639456,761.9047619047619,2106.122448979592,1047.6190476190477,1,0,0,train,/content/dentex_crops/train/train_343_37.png
train_343.png,2772,1316,38,2000.6802721088436,746.9387755102041,2248.979591836735,1017.687074829932,1,0,0,train,/content/dentex_crops/train/train_343_38.png
train_343.png,2772,1316,46,873.4567901234567,758.0,1076.0,1049.3827160493827,1,1,0,train,/content/dentex_crops/train/train_343_46.png
train_343.png,2772,1316,47,677.7777777777777,751.8518518518518,930.2469135802469,1048.7654320987654,1,0,0,train,/content/dentex_crops/train/train_343_47.png
train_343.png,2772,1316,48,519.1358024691358,752.469135802469,755.5555555555555,1004.3209876543209,1,0,0,train,/content/dentex_crops/train/train_343_48.png
train_159.png,2820,1316,17,803.0714285714284,248.21428571428567,936.9999999999999,573.2142857142857,1,0,0,val,/content/dentex_crops/val/train_159_17.png
train_159.png,2820,1316,18,703.0714285714286,260.71428571428567,842.3571428571428,496.42857142857133,0,1,0,val,/content/dentex_crops/val/train_159_18.png
train_159.png,2820,1316,22,1461.9999999999998,337.5,1567.3571428571427,637.4999999999999,1,0,0,val,/content/dentex_crops/val/train_159_22.png
train_159.png,2820,1316,23,1528.0714285714284,276.7857142857142,1661.9999999999998,605.3571428571428,1,0,0,val,/content/dentex_crops/val/train_159_23.png
train_159.png,2820,1316,25,1699.4999999999998,253.57142857142856,1811.9999999999998,571.4285714285713,1,0,0,val,/content/dentex_crops/val/train_159_25.png
train_159.png,2820,1316,34,1608.4285714285713,650.0,1756.0,996.0,1,0,1,val,/content/dentex_crops/val/train_159_34.png
train_159.png,2820,1316,37,1801.2857142857142,599.9999999999999,2056.642857142857,841.0714285714284,1,0,0,val,/content/dentex_crops/val/train_159_37.png
train_159.png,2820,1316,42,1304.8571428571427,678.5714285714284,1383.4285714285713,962.5,1,0,0,val,/content/dentex_crops/val/train_159_42.png
train_159.png,2820,1316,43,1228.0714285714284,678.5714285714284,1333.4285714285713,996.4285714285713,1,0,0,val,/content/dentex_crops/val/train_159_43.png
train_159.png,2820,1316,44,1147.7142857142856,654.0,1236.9999999999998,945.0,0,1,0,val,/content/dentex_crops/val/train_159_44.png
train_159.png,2820,1316,45,1040.5714285714284,669.6428571428571,1176.2857142857142,960.7142857142856,0,1,0,val,/content/dentex_crops/val/train_159_45.png
train_159.png,2820,1316,47,751.2857142857142,597.9285714285713,992.3571428571428,860.4285714285713,1,0,0,val,/content/dentex_crops/val/train_159_47.png
train_159.png,2820,1316,48,625.0,522.0,860.2142857142857,794.0,0,1,0,val,/content/dentex_crops/val/train_159_48.png
train_159.png,2820,1316,46,941.0,679.0,1094.0,829.0,0,1,0,val,/content/dentex_crops/val/train_159_46.png
train_25.png,2822,1316,37,1805.0,842.0,1997.0,1109.0,1,0,0,train,/content/dentex_crops/train/train_25_37.png
train_287.png,2954,1316,44,1215.0,865.0,1320.0,1048.0,0,1,0,train,/content/dentex_crops/train/train_287_44.png
train_365.png,2872,1504,46,905.0,850.0,1147.0,1127.0,0,0,1,train,/content/dentex_crops/train/train_365_46.png
train_365.png,2872,1504,16,927.0,572.0,1074.0,861.0,1,0,0,train,/content/dentex_crops/train/train_365_16.png
train_365.png,2872,1504,27,2052.0,612.0,2239.0,936.0,0,1,0,train,/content/dentex_crops/train/train_365_27.png
train_365.png,2872,1504,26,1918.0,612.0,2125.0,906.0,1,0,0,train,/content/dentex_crops/train/train_365_26.png
train_365.png,2872,1504,25,1819.0,595.0,1974.0,894.0,1,0,0,train,/content/dentex_crops/train/train_365_25.png
train_365.png,2872,1504,36,1855.0,881.0,2092.0,1170.0,1,0,0,train,/content/dentex_crops/train/train_365_36.png
train_365.png,2872,1504,45,1113.0,840.0,1249.0,1159.0,1,0,0,train,/content/dentex_crops/train/train_365_45.png
train_515.png,2860,1316,26,1671.3333333333335,281.0,1823.0,579.5555555555555,1,0,0,val,/content/dentex_crops/val/train_515_26.png
train_515.png,2860,1316,37,1854.6666666666667,522.0,2100.0,785.0,1,0,0,val,/content/dentex_crops/val/train_515_37.png
train_515.png,2860,1316,46,953.0,604.0,1162.0,915.0,0,1,0,val,/content/dentex_crops/val/train_515_46.png
train_515.png,2860,1316,47,810.0,567.0,1052.0,832.0,0,1,0,val,/content/dentex_crops/val/train_515_47.png
train_460.png,2872,1504,37,1882.0,844.0,2153.0,1119.0,0,1,0,train,/content/dentex_crops/train/train_460_37.png
train_460.png,2872,1504,47,807.0,845.0,1025.0,1141.0,1,0,0,train,/content/dentex_crops/train/train_460_47.png
train_460.png,2872,1504,16,987.0,571.0,1130.0,877.0,1,0,0,train,/content/dentex_crops/train/train_460_16.png
train_460.png,2872,1504,15,1103.0,600.0,1200.0,899.0,1,0,0,train,/content/dentex_crops/train/train_460_15.png
train_460.png,2872,1504,14,1181.0,620.0,1282.0,896.0,1,0,0,train,/content/dentex_crops/train/train_460_14.png
train_460.png,2872,1504,46,946.0,877.0,1166.0,1163.0,1,0,0,train,/content/dentex_crops/train/train_460_46.png
train_460.png,2872,1504,26,1777.0,540.0,1969.0,866.0,1,0,0,train,/content/dentex_crops/train/train_460_26.png
train_454.png,2981,1316,38,1982.0,637.0,2217.0,855.0,1,0,0,train,/content/dentex_crops/train/train_454_38.png
train_454.png,2981,1316,35,1747.0,736.0,1860.0,999.0,1,0,0,train,/content/dentex_crops/train/train_454_35.png
train_454.png,2981,1316,48,749.0,647.0,977.0,864.0,1,0,0,train,/content/dentex_crops/train/train_454_48.png
train_454.png,2981,1316,37,1852.0,687.0,2086.0,957.0,1,0,0,train,/content/dentex_crops/train/train_454_37.png
train_454.png,2981,1316,27,1889.0,429.0,2071.0,682.0,1,0,0,train,/content/dentex_crops/train/train_454_27.png
train_107.png,2868,1504,45,1078.0,922.0,1207.0,1226.0,1,0,0,val,/content/dentex_crops/val/train_107_45.png
train_107.png,2868,1504,16,907.0,643.0,1066.0,895.0,1,0,0,val,/content/dentex_crops/val/train_107_16.png
train_107.png,2868,1504,13,1210.0,561.0,1302.0,924.0,1,0,0,val,/content/dentex_crops/val/train_107_13.png
train_107.png,2868,1504,26,1868.0,549.0,2018.0,853.0,1,0,0,val,/content/dentex_crops/val/train_107_26.png
train_85.png,2785,1316,17,774.3783783783784,473.7027027027027,889.0,782.0,1,0,0,train,/content/dentex_crops/train/train_85_17.png
train_85.png,2785,1316,26,1751.0,510.0,1901.0,773.0,1,0,0,train,/content/dentex_crops/train/train_85_26.png
train_85.png,2785,1316,47,699.0,785.0,925.0,1016.0,0,1,0,train,/content/dentex_crops/train/train_85_47.png
train_85.png,2785,1316,16,867.0,507.0,1019.0,790.0,1,0,0,train,/content/dentex_crops/train/train_85_16.png
train_85.png,2785,1316,37,1778.0,778.0,1996.0,1041.0,1,0,0,train,/content/dentex_crops/train/train_85_37.png
train_477.png,2888,1504,48,565.0,794.0,782.0,1072.0,1,0,0,train,/content/dentex_crops/train/train_477_48.png
train_477.png,2888,1504,47,683.0,852.0,914.0,1155.0,1,0,0,train,/content/dentex_crops/train/train_477_47.png
train_477.png,2888,1504,15,1032.0,543.0,1142.0,855.0,1,0,0,train,/content/dentex_crops/train/train_477_15.png
train_477.png,2888,1504,14,1126.0,544.0,1242.0,872.0,1,0,0,train,/content/dentex_crops/train/train_477_14.png
train_477.png,2888,1504,13,1199.0,479.0,1326.0,887.0,1,0,0,train,/content/dentex_crops/train/train_477_13.png
train_477.png,2888,1504,12,1294.0,544.0,1419.0,881.0,0,1,0,train,/content/dentex_crops/train/train_477_12.png
train_477.png,2888,1504,11,1406.0,582.0,1531.0,882.0,1,0,0,train,/content/dentex_crops/train/train_477_11.png
train_477.png,2888,1504,21,1525.0,567.0,1664.0,889.0,1,0,0,train,/content/dentex_crops/train/train_477_21.png
train_477.png,2888,1504,22,1636.0,546.0,1756.0,885.0,1,0,0,train,/content/dentex_crops/train/train_477_22.png
train_477.png,2888,1504,23,1734.0,488.0,1894.0,914.0,1,0,0,train,/content/dentex_crops/train/train_477_23.png
train_477.png,2888,1504,37,2104.0,865.0,2333.0,1178.0,0,1,0,train,/content/dentex_crops/train/train_477_37.png
train_477.png,2888,1504,36,1918.0,891.0,2152.0,1190.0,1,0,0,train,/content/dentex_crops/train/train_477_36.png
train_477.png,2888,1504,25,1942.0,558.0,2064.0,892.0,1,0,0,train,/content/dentex_crops/train/train_477_25.png
train_477.png,2888,1504,18,644.5490196078431,620.8627450980392,770.0392156862745,811.0588235294117,0,1,0,train,/content/dentex_crops/train/train_477_18.png
train_583.png,2839,1316,47,724.0,643.0,981.0,892.0,0,1,1,test,/content/dentex_crops/test/train_583_47.png
train_583.png,2839,1316,45,998.0,720.0,1182.0,970.0,0,1,0,test,/content/dentex_crops/test/train_583_45.png
train_583.png,2839,1316,35,1645.0,697.0,1807.0,976.0,0,1,0,test,/content/dentex_crops/test/train_583_35.png
train_583.png,2839,1316,37,1829.0,656.0,2079.0,901.0,0,1,0,test,/content/dentex_crops/test/train_583_37.png
train_583.png,2839,1316,38,1981.0,634.0,2144.0,779.0,0,1,0,test,/content/dentex_crops/test/train_583_38.png
train_583.png,2839,1316,34,1604.0,726.0,1691.0,912.0,0,1,0,test,/content/dentex_crops/test/train_583_34.png
train_583.png,2839,1316,48,598.6486486486486,544.5675675675676,893.2432432432432,805.3783783783784,0,1,0,test,/content/dentex_crops/test/train_583_48.png
train_602.png,2872,1504,16,866.0,583.0,1023.0,878.0,1,0,0,train,/content/dentex_crops/train/train_602_16.png
train_602.png,2872,1504,46,885.0,895.0,1097.0,1208.0,1,0,0,train,/content/dentex_crops/train/train_602_46.png
train_602.png,2872,1504,26,1929.0,590.0,2101.0,922.0,1,0,0,train,/content/dentex_crops/train/train_602_26.png
train_4.png,2820,1316,36,1747.0,758.0,1932.0,1022.0,0,1,0,val,/content/dentex_crops/val/train_4_36.png
train_4.png,2820,1316,15,1042.5925925925926,500.92592592592587,1150.0,758.3333333333333,1,0,0,val,/content/dentex_crops/val/train_4_15.png
train_154.png,2971,1316,17,1007.0,436.0,1120.0,676.0,1,0,0,train,/content/dentex_crops/train/train_154_17.png
train_154.png,2971,1316,18,897.0,406.0,1046.0,639.0,1,0,0,train,/content/dentex_crops/train/train_154_18.png
train_336.png,2948,1316,25,1709.0,539.0,1821.0,836.0,0,1,0,val,/content/dentex_crops/val/train_336_25.png
train_336.png,2948,1316,27,1882.0,530.0,2019.0,800.0,1,0,0,val,/content/dentex_crops/val/train_336_27.png
train_336.png,2948,1316,47,817.0,769.0,1104.0,1074.0,1,0,0,val,/content/dentex_crops/val/train_336_47.png
train_336.png,2948,1316,18,855.2380952380952,566.6666666666666,1000.952380952381,804.7619047619047,0,1,0,val,/content/dentex_crops/val/train_336_18.png
train_195.png,2872,1504,46,1021.0,945.0,1247.0,1248.0,0,1,0,train,/content/dentex_crops/train/train_195_46.png
train_195.png,2872,1504,37,1896.0,902.0,2105.0,1185.0,1,0,0,train,/content/dentex_crops/train/train_195_37.png
train_195.png,2872,1504,27,1799.0,676.0,1961.0,944.0,1,0,0,train,/content/dentex_crops/train/train_195_27.png
train_195.png,2872,1504,16,1033.0,660.0,1185.0,960.0,1,0,0,train,/content/dentex_crops/train/train_195_16.png
train_322.png,2848,1316,48,654.0,556.0,877.0,792.0,1,0,0,test,/content/dentex_crops/test/train_322_48.png
train_322.png,2848,1316,38,2017.0,539.0,2238.0,797.0,1,0,0,test,/content/dentex_crops/test/train_322_38.png
train_322.png,2848,1316,36,1745.0,638.0,1990.0,952.0,0,1,0,test,/content/dentex_crops/test/train_322_36.png
train_322.png,2848,1316,47,768.0,603.0,1008.0,900.0,1,0,0,test,/content/dentex_crops/test/train_322_47.png
train_322.png,2848,1316,16,955.0561797752808,334.8314606741573,1080.8988764044943,635.9550561797753,1,0,0,test,/content/dentex_crops/test/train_322_16.png
train_322.png,2848,1316,15,1068.5393258426966,329.2134831460674,1185.3932584269662,649.438202247191,1,0,0,test,/content/dentex_crops/test/train_322_15.png
train_228.png,2981,1316,36,1743.0,723.0,1992.0,1016.0,0,0,1,test,/content/dentex_crops/test/train_228_36.png
train_412.png,2872,1504,12,1209.0,549.0,1370.0,906.0,0,0,1,train,/content/dentex_crops/train/train_412_12.png
train_412.png,2872,1504,27,2120.0,468.0,2348.0,846.0,1,0,0,train,/content/dentex_crops/train/train_412_27.png
train_412.png,2872,1504,46,838.0,910.0,1076.0,1235.0,0,1,0,train,/content/dentex_crops/train/train_412_46.png
train_412.png,2872,1504,16,825.0,560.0,1001.0,874.0,1,0,0,train,/content/dentex_crops/train/train_412_16.png
train_412.png,2872,1504,11,1354.0,563.0,1489.0,916.0,1,0,0,train,/content/dentex_crops/train/train_412_11.png
train_412.png,2872,1504,23,1664.0,477.0,1829.0,906.0,1,0,0,train,/content/dentex_crops/train/train_412_23.png
train_412.png,2872,1504,25,1879.0,538.0,2012.0,894.0,1,0,0,train,/content/dentex_crops/train/train_412_25.png
train_412.png,2872,1504,26,1978.0,536.0,2153.0,880.0,1,0,0,train,/content/dentex_crops/train/train_412_26.png
train_26.png,2872,1504,48,633.0,783.0,886.0,1059.0,0,1,0,train,/content/dentex_crops/train/train_26_48.png
train_26.png,2872,1504,17,764.0,488.0,921.0,821.0,1,0,0,train,/content/dentex_crops/train/train_26_17.png
train_26.png,2872,1504,36,1881.0,817.0,2082.0,1139.0,0,1,0,train,/content/dentex_crops/train/train_26_36.png
train_26.png,2872,1504,27,2002.0,508.0,2221.0,816.0,1,0,0,train,/content/dentex_crops/train/train_26_27.png
train_674.png,2850,1316,47,700.0,649.0,929.0,919.0,1,0,0,train,/content/dentex_crops/train/train_674_47.png
train_674.png,2850,1316,28,1955.4054054054054,441.8648648648649,2056.7567567567567,637.8108108108108,0,1,0,train,/content/dentex_crops/train/train_674_28.png
train_674.png,2850,1316,15,1014.8648648648649,429.7027027027027,1121.6216216216217,709.4324324324324,1,0,0,train,/content/dentex_crops/train/train_674_15.png
train_609.png,2809,1316,17,766.0,306.0,936.0,635.0,1,0,0,train,/content/dentex_crops/train/train_609_17.png
train_609.png,2809,1316,36,1748.0,669.0,1988.0,994.0,1,0,0,train,/content/dentex_crops/train/train_609_36.png
train_609.png,2809,1316,37,1908.0,643.0,2107.0,988.0,1,0,0,train,/content/dentex_crops/train/train_609_37.png
train_160.png,2868,1504,26,1898.0,515.0,2054.0,824.0,1,0,0,train,/content/dentex_crops/train/train_160_26.png
train_514.png,2953,1316,26,1890.0,467.0,2002.0,728.0,0,1,0,train,/content/dentex_crops/train/train_514_26.png
train_514.png,2953,1316,47,832.0,667.0,1110.0,949.0,1,0,0,train,/content/dentex_crops/train/train_514_47.png
train_191.png,2880,1504,47,888.0,735.0,1102.0,1056.0,1,0,0,train,/content/dentex_crops/train/train_191_47.png
train_191.png,2880,1504,36,1789.0,748.0,1953.0,1091.0,1,0,0,train,/content/dentex_crops/train/train_191_36.png
train_191.png,2880,1504,37,1933.0,739.0,2093.0,1089.0,1,0,0,train,/content/dentex_crops/train/train_191_37.png
train_191.png,2880,1504,28,2033.0,488.0,2209.0,801.0,0,1,0,train,/content/dentex_crops/train/train_191_28.png
train_191.png,2880,1504,43,1230.6153846153845,727.2307692307692,1507.5384615384614,1265.6923076923076,0,0,1,train,/content/dentex_crops/train/train_191_43.png
train_191.png,2880,1504,44,1122.923076923077,744.5384615384615,1347.923076923077,1196.4615384615383,0,0,1,train,/content/dentex_crops/train/train_191_44.png
train_665.png,2929,1316,35,1750.0,731.0,1842.0,1017.0,0,1,0,train,/content/dentex_crops/train/train_665_35.png
train_665.png,2929,1316,36,1777.0,656.0,1995.0,972.0,0,1,0,train,/content/dentex_crops/train/train_665_36.png
train_665.png,2929,1316,37,1892.0,615.0,2126.0,946.0,1,0,0,train,/content/dentex_crops/train/train_665_37.png
train_665.png,2929,1316,47,803.0,646.0,1106.0,994.0,1,0,0,train,/content/dentex_crops/train/train_665_47.png
train_665.png,2929,1316,16,1111.6078431372548,456.27450980392155,1188.078431372549,579.8039215686274,0,1,0,train,/content/dentex_crops/train/train_665_16.png
train_665.png,2929,1316,46,989.0410958904109,702.2465753424658,1216.4383561643835,1029.6438356164383,1,0,0,train,/content/dentex_crops/train/train_665_46.png
train_88.png,2872,1504,27,2030.0,542.0,2169.0,843.0,0,1,0,train,/content/dentex_crops/train/train_88_27.png
train_88.png,2872,1504,47,772.0,835.0,995.0,1154.0,1,0,0,train,/content/dentex_crops/train/train_88_47.png
train_88.png,2872,1504,46,953.0,834.0,1149.0,1154.0,1,0,0,train,/content/dentex_crops/train/train_88_46.png
train_11.png,2872,1504,36,1808.0,857.0,2055.0,1213.0,0,0,1,train,/content/dentex_crops/train/train_11_36.png
train_11.png,2872,1504,37,1936.0,849.0,2211.0,1155.0,0,1,0,train,/content/dentex_crops/train/train_11_37.png
train_11.png,2872,1504,35,1709.0,874.0,1892.0,1193.0,1,0,0,train,/content/dentex_crops/train/train_11_35.png
train_11.png,2872,1504,46,920.0,864.0,1170.0,1196.0,1,0,0,train,/content/dentex_crops/train/train_11_46.png
train_11.png,2872,1504,47,663.0,792.0,892.0,1067.0,1,0,0,train,/content/dentex_crops/train/train_11_47.png
train_11.png,2872,1504,22,1594.0,557.0,1683.0,893.0,1,0,0,train,/content/dentex_crops/train/train_11_22.png
train_11.png,2872,1504,26,1879.0,543.0,2052.0,859.0,1,0,0,train,/content/dentex_crops/train/train_11_26.png
train_11.png,2872,1504,16,971.0,548.0,1134.0,858.0,1,0,0,train,/content/dentex_crops/train/train_11_16.png
train_373.png,2872,1504,47,889.0,888.0,1101.0,1137.0,0,1,0,train,/content/dentex_crops/train/train_373_47.png
train_373.png,2872,1504,36,1718.0,872.0,1909.0,1136.0,1,0,0,train,/content/dentex_crops/train/train_373_36.png
train_373.png,2872,1504,16,1068.0,604.0,1225.0,872.0,1,0,0,train,/content/dentex_crops/train/train_373_16.png
train_542.png,2872,1504,16,1003.0,444.0,1144.0,762.0,0,1,0,test,/content/dentex_crops/test/train_542_16.png
train_542.png,2872,1504,15,1120.0,450.0,1209.0,765.0,1,0,0,test,/content/dentex_crops/test/train_542_15.png
train_542.png,2872,1504,46,990.0,827.0,1192.0,1178.0,1,0,0,test,/content/dentex_crops/test/train_542_46.png
train_542.png,2872,1504,36,1734.0,816.0,1939.0,1166.0,1,0,0,test,/content/dentex_crops/test/train_542_36.png
train_542.png,2872,1504,26,1761.0,466.0,1933.0,771.0,1,0,0,test,/content/dentex_crops/test/train_542_26.png
train_181.png,2872,1504,46,985.0,843.0,1168.0,1178.0,1,0,0,train,/content/dentex_crops/train/train_181_46.png
train_181.png,2872,1504,14,1163.0,530.0,1273.0,825.0,1,0,0,train,/content/dentex_crops/train/train_181_14.png
train_181.png,2872,1504,37,1920.0,841.0,2170.0,1168.0,1,0,0,train,/content/dentex_crops/train/train_181_37.png
train_181.png,2872,1504,28,2025.0,537.0,2192.0,829.0,1,0,0,train,/content/dentex_crops/train/train_181_28.png
train_156.png,2892,1316,46,995.0,729.0,1191.0,991.0,1,0,0,train,/content/dentex_crops/train/train_156_46.png
train_156.png,2892,1316,36,1810.0,757.0,1987.0,1041.0,1,0,0,train,/content/dentex_crops/train/train_156_36.png
train_156.png,2892,1316,35,1739.0,783.0,1851.0,1070.0,1,0,0,train,/content/dentex_crops/train/train_156_35.png
train_156.png,2892,1316,48,776.0,677.0,947.0,867.0,0,1,0,train,/content/dentex_crops/train/train_156_48.png
train_57.png,2872,1504,15,1037.0,448.0,1140.0,754.0,1,0,0,train,/content/dentex_crops/train/train_57_15.png
train_57.png,2872,1504,26,1822.0,431.0,1995.0,741.0,1,0,0,train,/content/dentex_crops/train/train_57_26.png
train_57.png,2872,1504,25,1732.0,413.0,1858.0,721.0,1,0,0,train,/content/dentex_crops/train/train_57_25.png
train_57.png,2872,1504,37,1875.0,723.0,2177.0,1041.0,1,0,0,train,/content/dentex_crops/train/train_57_37.png
train_555.png,2828,1316,24,1605.128205128205,497.8461538461538,1702.5641025641025,764.5128205128204,0,1,0,train,/content/dentex_crops/train/train_555_24.png
train_555.png,2828,1316,26,1743.5897435897434,413.23076923076917,1933.3333333333333,738.8717948717948,1,0,0,train,/content/dentex_crops/train/train_555_26.png
train_555.png,2828,1316,44,1128.2051282051282,797.8461538461538,1248.7179487179487,1102.974358974359,1,0,0,train,/content/dentex_crops/train/train_555_44.png
train_555.png,2828,1316,46,892.3076923076923,723.4871794871794,1135.8974358974358,1033.7435897435896,0,1,0,train,/content/dentex_crops/train/train_555_46.png
train_555.png,2828,1316,47,787.1794871794872,659.3846153846154,1033.3333333333333,954.2564102564102,1,0,0,train,/content/dentex_crops/train/train_555_47.png
train_308.png,2692,1316,16,849.0,441.0,997.5263157894736,742.0,1,0,0,test,/content/dentex_crops/test/train_308_16.png
train_308.png,2692,1316,36,1711.0,709.0,1936.0,1028.0,1,0,0,test,/content/dentex_crops/test/train_308_36.png
train_308.png,2692,1316,45,949.1578947368421,746.0,1059.0,1101.0,1,0,0,test,/content/dentex_crops/test/train_308_45.png
train_308.png,2692,1316,46,699.1578947368421,740.0,967.0,1025.578947368421,1,0,0,test,/content/dentex_crops/test/train_308_46.png
train_171.png,2882,1316,16,854.3689320388349,438.83495145631065,999.0291262135922,736.8932038834952,1,0,0,train,/content/dentex_crops/train/train_171_16.png
train_171.png,2882,1316,17,714.5631067961165,444.6601941747573,868.9320388349514,721.3592233009708,1,0,0,train,/content/dentex_crops/train/train_171_17.png
train_171.png,2882,1316,18,619.4174757281553,405.8252427184466,828.1553398058252,661.1650485436893,0,1,0,train,/content/dentex_crops/train/train_171_18.png
train_171.png,2882,1316,26,1864.0776699029125,433.00970873786406,2011.6504854368932,751.4563106796116,1,0,0,train,/content/dentex_crops/train/train_171_26.png
train_171.png,2882,1316,27,1949.514563106796,426.2135922330097,2139.8058252427186,734.9514563106796,1,0,0,train,/content/dentex_crops/train/train_171_27.png
train_171.png,2882,1316,28,2028.1553398058252,433.00970873786406,2217.4757281553398,659.2233009708738,0,1,0,train,/content/dentex_crops/train/train_171_28.png
train_171.png,2882,1316,34,1633.9805825242718,765.0485436893204,1738.8349514563106,1100.9708737864078,1,0,0,train,/content/dentex_crops/train/train_171_34.png
train_171.png,2882,1316,35,1727.1844660194174,764.0776699029126,1852.4271844660193,1073.0,1,0,0,train,/content/dentex_crops/train/train_171_35.png
train_171.png,2882,1316,37,1877.6990291262136,730.9223300970874,2117.504854368932,1018.3009708737864,1,0,0,train,/content/dentex_crops/train/train_171_37.png
train_171.png,2882,1316,38,2020.2718446601941,693.0873786407767,2261.0485436893205,925.126213592233,1,0,0,train,/content/dentex_crops/train/train_171_38.png
train_171.png,2882,1316,46,819.9999999999999,747.0588235294117,1078.4313725490194,1056.470588235294,1,0,0,train,/content/dentex_crops/train/train_171_46.png
train_421.png,2944,1316,17,909.0,355.0,1058.0,615.0,1,0,0,val,/content/dentex_crops/val/train_421_17.png
train_421.png,2944,1316,28,1963.0,416.0,2079.0,635.0,1,0,0,val,/content/dentex_crops/val/train_421_28.png
train_421.png,2944,1316,26,1775.0,396.0,1925.0,665.0,1,0,0,val,/content/dentex_crops/val/train_421_26.png
train_37.png,2872,1504,18,669.0,616.0,818.0,869.0,1,0,0,val,/content/dentex_crops/val/train_37_18.png
train_37.png,2872,1504,17,792.0,596.0,928.0,884.0,1,0,0,val,/content/dentex_crops/val/train_37_17.png
train_37.png,2872,1504,25,1814.0,602.0,1936.0,886.0,0,1,0,val,/content/dentex_crops/val/train_37_25.png
train_37.png,2872,1504,26,1914.0,591.0,2083.0,894.0,0,1,0,val,/content/dentex_crops/val/train_37_26.png
train_37.png,2872,1504,27,2046.0,572.0,2201.0,874.0,1,0,0,val,/content/dentex_crops/val/train_37_27.png
train_37.png,2872,1504,36,1877.0,881.0,2121.0,1167.0,1,0,0,val,/content/dentex_crops/val/train_37_36.png
train_37.png,2872,1504,35,1771.0,886.0,1938.0,1187.0,1,0,0,val,/content/dentex_crops/val/train_37_35.png
train_37.png,2872,1504,44,1094.0,977.0,1198.0,1147.0,0,1,0,val,/content/dentex_crops/val/train_37_44.png
train_37.png,2872,1504,45,1020.0,894.0,1164.0,1170.0,1,0,0,val,/content/dentex_crops/val/train_37_45.png
train_98.png,2942,1316,47,686.0,637.0,968.0,938.0,0,1,1,test,/content/dentex_crops/test/train_98_47.png
train_98.png,2942,1316,27,1998.0,384.0,2152.0,666.0,1,0,0,test,/content/dentex_crops/test/train_98_27.png
train_98.png,2942,1316,36,1800.0,651.0,2000.0,947.0,1,0,0,test,/content/dentex_crops/test/train_98_36.png
train_98.png,2942,1316,18,673.0,370.0,831.0,654.0,1,0,0,test,/content/dentex_crops/test/train_98_18.png
train_98.png,2942,1316,17,781.0,370.25,932.0,650.25,1,0,0,test,/content/dentex_crops/test/train_98_17.png
train_98.png,2942,1316,26,1843.0,396.0,2018.0,677.0,1,0,0,test,/content/dentex_crops/test/train_98_26.png
train_98.png,2942,1316,25,1757.0,417.0,1886.0,676.0,1,0,0,test,/content/dentex_crops/test/train_98_25.png
train_14.png,2828,1316,46,871.0,742.0,1082.0,965.0,0,1,1,train,/content/dentex_crops/train/train_14_46.png
train_14.png,2828,1316,18,754.0,359.0,853.0,579.0,0,1,0,train,/content/dentex_crops/train/train_14_18.png
train_14.png,2828,1316,26,1822.0,402.0,1985.0,618.0,0,1,0,train,/content/dentex_crops/train/train_14_26.png
train_14.png,2828,1316,28,2041.0,382.0,2153.0,621.0,0,1,0,train,/content/dentex_crops/train/train_14_28.png
train_14.png,2828,1316,37,1942.0,696.0,2118.0,904.0,0,1,0,train,/content/dentex_crops/train/train_14_37.png
train_14.png,2828,1316,27,1915.0,400.0,2060.0,686.0,1,0,0,train,/content/dentex_crops/train/train_14_27.png
train_128.png,2851,1316,47,779.0,722.0,990.0,989.0,1,0,0,test,/content/dentex_crops/test/train_128_47.png
train_128.png,2851,1316,46,869.0,781.0,1102.0,1036.0,1,0,0,test,/content/dentex_crops/test/train_128_46.png
train_128.png,2851,1316,16,926.0,440.0,1057.0,755.0,0,1,0,test,/content/dentex_crops/test/train_128_16.png
train_128.png,2851,1316,12,1241.0,486.0,1335.0,770.0,1,0,0,test,/content/dentex_crops/test/train_128_12.png
train_128.png,2851,1316,11,1313.0,461.0,1415.0,783.0,1,0,0,test,/content/dentex_crops/test/train_128_11.png
train_128.png,2851,1316,21,1406.0,444.0,1505.0,773.0,1,0,0,test,/content/dentex_crops/test/train_128_21.png
train_128.png,2851,1316,22,1502.0,456.0,1583.0,766.0,1,0,0,test,/content/dentex_crops/test/train_128_22.png
train_128.png,2851,1316,26,1755.0,447.0,1902.0,760.0,0,1,0,test,/content/dentex_crops/test/train_128_26.png
train_128.png,2851,1316,36,1724.0,813.0,1958.0,972.0,0,1,0,test,/content/dentex_crops/test/train_128_36.png
train_252.png,2875,1316,27,1851.2222222222224,521.0,2029.0,807.0,1,0,0,train,/content/dentex_crops/train/train_252_27.png
train_252.png,2875,1316,37,1867.0,806.0,2097.0,1097.0,1,0,0,train,/content/dentex_crops/train/train_252_37.png
train_211.png,2972,1316,37,1903.0,676.0,2148.0,996.0,1,0,0,val,/content/dentex_crops/val/train_211_37.png
train_286.png,2948,1316,48,712.0,536.0,956.0,812.0,1,0,0,test,/content/dentex_crops/test/train_286_48.png
train_286.png,2948,1316,35,1724.0,618.0,1849.0,853.0,1,0,0,test,/content/dentex_crops/test/train_286_35.png
train_286.png,2948,1316,37,1894.0,577.0,2111.0,829.0,1,0,0,test,/content/dentex_crops/test/train_286_37.png
train_93.png,2953,1316,36,1734.0,798.0,1976.0,1101.0,1,0,0,train,/content/dentex_crops/train/train_93_36.png
train_93.png,2953,1316,27,1844.0,511.0,1991.0,770.0,1,0,0,train,/content/dentex_crops/train/train_93_27.png
train_304.png,2952,1316,37,1874.0,732.0,2086.0,1000.0,1,0,0,train,/content/dentex_crops/train/train_304_37.png
train_304.png,2952,1316,28,1993.0,492.0,2094.0,753.0,1,0,0,train,/content/dentex_crops/train/train_304_28.png
train_304.png,2952,1316,27,1881.0,481.0,2001.0,747.0,1,0,0,train,/content/dentex_crops/train/train_304_27.png
train_585.png,2872,1504,46,958.0,853.0,1161.0,1193.0,1,0,0,train,/content/dentex_crops/train/train_585_46.png
train_585.png,2872,1504,47,778.0,829.0,1039.0,1151.0,1,0,0,train,/content/dentex_crops/train/train_585_47.png
train_585.png,2872,1504,18,711.0,555.0,850.0,847.0,1,0,0,train,/content/dentex_crops/train/train_585_18.png
train_585.png,2872,1504,16,943.0,550.0,1109.0,866.0,1,0,0,train,/content/dentex_crops/train/train_585_16.png
train_585.png,2872,1504,25,1809.0,516.0,1951.0,867.0,1,0,0,train,/content/dentex_crops/train/train_585_25.png
train_585.png,2872,1504,26,1904.0,500.0,2066.0,850.0,1,0,0,train,/content/dentex_crops/train/train_585_26.png
train_585.png,2872,1504,34,1685.0,861.0,1788.0,1218.0,1,0,0,train,/content/dentex_crops/train/train_585_34.png
train_585.png,2872,1504,17,800.0,523.0,974.0,845.0,1,0,0,train,/content/dentex_crops/train/train_585_17.png
train_585.png,2872,1504,27,2038.0,489.0,2189.0,824.0,1,0,0,train,/content/dentex_crops/train/train_585_27.png
train_585.png,2872,1504,36,1860.0,850.0,2117.0,1159.0,1,0,0,train,/content/dentex_crops/train/train_585_36.png
train_584.png,2868,1504,26,1878.0,635.0,2053.0,935.0,1,0,0,train,/content/dentex_crops/train/train_584_26.png
train_584.png,2868,1504,47,692.0,861.0,933.0,1141.0,1,0,0,train,/content/dentex_crops/train/train_584_47.png
train_584.png,2868,1504,36,1836.0,951.0,2129.0,1313.0,1,0,0,train,/content/dentex_crops/train/train_584_36.png
train_172.png,2885,1316,25,1694.5454545454545,490.9090909090909,1849.090909090909,736.3636363636363,1,0,0,train,/content/dentex_crops/train/train_172_25.png
train_172.png,2885,1316,26,1818.181818181818,410.9090909090909,1990.9090909090908,701.8181818181818,1,0,0,train,/content/dentex_crops/train/train_172_26.png
train_172.png,2885,1316,35,1659.9999999999998,727.2727272727273,1838.181818181818,949.090909090909,1,0,0,train,/content/dentex_crops/train/train_172_35.png
train_172.png,2885,1316,37,1908.7912087912086,645.054945054945,2197.802197802198,926.3736263736264,1,0,0,train,/content/dentex_crops/train/train_172_37.png
train_172.png,2885,1316,48,588.4615384615385,616.9487179487179,810.2564102564103,868.2307692307692,1,0,0,train,/content/dentex_crops/train/train_172_48.png
train_172.png,2885,1316,47,676.9230769230769,665.3846153846154,969.2307692307692,943.5897435897435,1,0,0,train,/content/dentex_crops/train/train_172_47.png
train_172.png,2885,1316,46,794.8717948717948,723.0769230769231,1093.5897435897436,1001.2820512820513,0,1,0,train,/content/dentex_crops/train/train_172_46.png
train_124.png,2882,1316,26,1878.285714285714,382.8571428571428,2036.0,694.0,1,0,0,train,/content/dentex_crops/train/train_124_26.png
train_124.png,2882,1316,36,1807.0,705.0,2082.0,1003.0,1,0,0,train,/content/dentex_crops/train/train_124_36.png
train_124.png,2882,1316,46,858.2857142857142,689.0,1098.2857142857142,982.8571428571427,1,0,0,train,/content/dentex_crops/train/train_124_46.png
train_124.png,2882,1316,17,714.0,358.0,932.0,639.0,1,0,0,train,/content/dentex_crops/train/train_124_17.png
train_124.png,2882,1316,27,1979.0,372.0,2156.0,655.0,1,0,0,train,/content/dentex_crops/train/train_124_27.png
train_145.png,2872,1504,13,1144.0,575.0,1340.0,951.0,0,0,1,train,/content/dentex_crops/train/train_145_13.png
train_145.png,2872,1504,14,1140.0,718.0,1255.0,947.0,1,0,0,train,/content/dentex_crops/train/train_145_14.png
train_145.png,2872,1504,15,1053.0,660.0,1179.0,966.0,1,0,0,train,/content/dentex_crops/train/train_145_15.png
train_145.png,2872,1504,16,937.0,686.0,1093.0,1015.0,1,0,0,train,/content/dentex_crops/train/train_145_16.png
train_145.png,2872,1504,17,812.0,684.0,956.0,1008.0,1,0,0,train,/content/dentex_crops/train/train_145_17.png
train_145.png,2872,1504,31,1489.0,956.0,1556.0,1195.0,0,0,1,train,/content/dentex_crops/train/train_145_31.png
train_145.png,2872,1504,33,1595.0,968.0,1691.0,1260.0,1,0,1,train,/content/dentex_crops/train/train_145_33.png
train_145.png,2872,1504,35,1722.0,961.0,1845.0,1272.0,1,0,0,train,/content/dentex_crops/train/train_145_35.png
train_145.png,2872,1504,36,1799.0,960.0,1997.0,1259.0,1,0,0,train,/content/dentex_crops/train/train_145_36.png
train_145.png,2872,1504,41,1427.0,960.0,1495.0,1207.0,1,0,0,train,/content/dentex_crops/train/train_145_41.png
train_145.png,2872,1504,27,2023.0,698.0,2182.0,1012.0,1,0,0,train,/content/dentex_crops/train/train_145_27.png
train_145.png,2872,1504,26,1883.0,653.0,2065.0,980.0,0,0,1,train,/content/dentex_crops/train/train_145_26.png
train_145.png,2872,1504,25,1795.0,673.0,1909.0,960.0,1,0,0,train,/content/dentex_crops/train/train_145_25.png
train_145.png,2872,1504,24,1708.0,658.0,1864.0,969.0,1,0,0,train,/content/dentex_crops/train/train_145_24.png
train_528.png,2948,1316,25,1775.0,411.0,1886.0,719.0,1,0,0,train,/content/dentex_crops/train/train_528_25.png
train_528.png,2948,1316,36,1794.0,698.0,2068.0,999.0,1,0,0,train,/content/dentex_crops/train/train_528_36.png
train_576.png,2758,1316,22,1495.5438596491226,423.29824561403507,1590.2807017543857,726.8070175438595,1,0,0,val,/content/dentex_crops/val/train_576_22.png
train_576.png,2758,1316,16,888.0,446.0,1043.0,752.0,1,0,0,val,/content/dentex_crops/val/train_576_16.png
train_576.png,2758,1316,41,1310.0,769.0,1398.0,1061.0,0,0,1,val,/content/dentex_crops/val/train_576_41.png
train_280.png,2844,1316,47,785.0,705.0,1004.0,918.0,0,1,0,train,/content/dentex_crops/train/train_280_47.png
train_280.png,2844,1316,37,1927.0,645.0,2100.0,907.0,1,0,0,train,/content/dentex_crops/train/train_280_37.png
train_280.png,2844,1316,34,1641.0,652.0,1735.0,959.0,1,0,0,train,/content/dentex_crops/train/train_280_34.png
train_280.png,2844,1316,35,1710.0,650.0,1813.0,950.0,1,0,0,train,/content/dentex_crops/train/train_280_35.png
train_280.png,2844,1316,36,1794.0,645.0,1980.0,943.0,0,1,0,train,/content/dentex_crops/train/train_280_36.png
train_280.png,2844,1316,25,1771.0,358.0,1884.0,658.0,1,0,0,train,/content/dentex_crops/train/train_280_25.png
train_280.png,2844,1316,24,1692.0,343.0,1803.0,654.0,1,0,0,train,/content/dentex_crops/train/train_280_24.png
train_280.png,2844,1316,23,1626.0,364.0,1722.0,663.0,1,0,0,train,/content/dentex_crops/train/train_280_23.png
train_280.png,2844,1316,17,799.0,403.0,974.0,728.0,1,0,0,train,/content/dentex_crops/train/train_280_17.png
train_280.png,2844,1316,15,1022.0,368.0,1181.0,674.0,0,1,1,train,/content/dentex_crops/train/train_280_15.png
train_280.png,2844,1316,22,1546.0,339.0,1656.0,660.0,0,0,1,train,/content/dentex_crops/train/train_280_22.png
train_280.png,2844,1316,16,917.0454545454545,384.09090909090907,1112.5,679.5454545454545,1,0,0,train,/content/dentex_crops/train/train_280_16.png
train_280.png,2844,1316,18,704.5454545454545,426.99386503067484,835.2272727272727,727.2727272727273,1,0,0,train,/content/dentex_crops/train/train_280_18.png
train_280.png,2844,1316,46,963.4782608695651,668.695652173913,1133.9130434782608,962.6086956521738,1,0,0,train,/content/dentex_crops/train/train_280_46.png
train_312.png,2872,1504,46,1019.0,927.0,1207.0,1177.0,1,0,0,val,/content/dentex_crops/val/train_312_46.png
train_200.png,2936,1316,36,1780.0,687.0,1956.0,959.0,1,0,0,val,/content/dentex_crops/val/train_200_36.png
train_200.png,2936,1316,47,698.0,622.0,1001.0,860.0,1,0,0,val,/content/dentex_crops/val/train_200_47.png
train_200.png,2936,1316,45,1124.0,735.0,1254.0,977.0,0,1,0,val,/content/dentex_crops/val/train_200_45.png
train_200.png,2936,1316,26,1783.0,448.0,1903.0,701.0,0,1,0,val,/content/dentex_crops/val/train_200_26.png
train_200.png,2936,1316,27,1865.0,425.0,2000.0,685.0,1,0,0,val,/content/dentex_crops/val/train_200_27.png
train_200.png,2936,1316,25,1725.0,496.0,1798.0,647.0,0,1,0,val,/content/dentex_crops/val/train_200_25.png
train_200.png,2936,1316,16,1054.0,432.0,1186.0,636.0,0,1,0,val,/content/dentex_crops/val/train_200_16.png
train_200.png,2936,1316,17,933.0,436.0,1075.0,710.0,1,0,0,val,/content/dentex_crops/val/train_200_17.png
train_265.png,2872,1504,46,984.0,821.0,1186.0,1112.0,0,1,0,train,/content/dentex_crops/train/train_265_46.png
train_265.png,2872,1504,35,1720.0,820.0,1846.0,1120.0,1,0,0,train,/content/dentex_crops/train/train_265_35.png
train_265.png,2872,1504,36,1790.0,815.0,2016.0,1108.0,1,0,0,train,/content/dentex_crops/train/train_265_36.png
train_265.png,2872,1504,37,1938.0,795.0,2148.0,1103.0,1,0,0,train,/content/dentex_crops/train/train_265_37.png
train_265.png,2872,1504,28,2103.0,545.0,2283.0,814.0,1,0,0,train,/content/dentex_crops/train/train_265_28.png
train_265.png,2872,1504,26,1880.0,532.0,2058.0,840.0,1,0,0,train,/content/dentex_crops/train/train_265_26.png
train_265.png,2872,1504,25,1763.0,442.0,1983.0,822.0,0,0,1,train,/content/dentex_crops/train/train_265_25.png
train_265.png,2872,1504,17,827.0,544.0,974.0,840.0,0,1,0,train,/content/dentex_crops/train/train_265_17.png
train_265.png,2872,1504,15,1071.0,527.0,1197.0,831.0,1,0,0,train,/content/dentex_crops/train/train_265_15.png
train_265.png,2872,1504,16,934.0,552.0,1115.0,836.0,1,0,0,train,/content/dentex_crops/train/train_265_16.png
train_394.png,2884,1316,44,1095.4545454545455,681.8181818181818,1201.5151515151515,1125.7575757575758,1,0,0,train,/content/dentex_crops/train/train_394_44.png
train_394.png,2884,1316,47,702.0,649.0,999.0,984.0,0,1,0,train,/content/dentex_crops/train/train_394_47.png
train_468.png,2989,1316,17,975.9056603773585,258.5471698113207,1128.7358490566037,586.8490566037735,1,0,0,val,/content/dentex_crops/val/train_468_17.png
train_468.png,2989,1316,18,826.8490566037735,294.39622641509436,1024.9622641509434,575.5283018867924,1,0,0,val,/content/dentex_crops/val/train_468_18.png
train_468.png,2989,1316,26,1818.0,262.3207547169811,1970.245283018868,607.6037735849056,1,0,0,val,/content/dentex_crops/val/train_468_26.png
train_468.png,2989,1316,27,1907.0,258.0,2102.320754716981,575.5283018867924,1,0,0,val,/content/dentex_crops/val/train_468_27.png
train_468.png,2989,1316,36,1809.1886792452829,616.0,2118.0,951.7735849056603,1,0,0,val,/content/dentex_crops/val/train_468_36.png
train_468.png,2989,1316,37,1922.509433962264,568.9622641509434,2203.6415094339623,861.4150943396226,1,0,0,val,/content/dentex_crops/val/train_468_37.png
train_468.png,2989,1316,46,966.4716981132075,605.7169811320754,1266.4716981132076,978.0,1,0,0,val,/content/dentex_crops/val/train_468_46.png
train_423.png,2796,1316,26,1805.0,471.0,1953.0,769.0,0,1,0,train,/content/dentex_crops/train/train_423_26.png
train_423.png,2796,1316,46,853.0,762.0,1097.0,1062.0,1,0,0,train,/content/dentex_crops/train/train_423_46.png
train_423.png,2796,1316,16,901.0,505.0,1080.0,759.0,0,1,0,train,/content/dentex_crops/train/train_423_16.png
train_56.png,2872,1504,36,1754.0,854.0,2018.0,1192.0,0,0,1,train,/content/dentex_crops/train/train_56_36.png
train_56.png,2872,1504,25,1730.0,532.0,1842.0,839.0,1,0,0,train,/content/dentex_crops/train/train_56_25.png
train_56.png,2872,1504,26,1830.0,503.0,1975.0,825.0,1,0,0,train,/content/dentex_crops/train/train_56_26.png
train_56.png,2872,1504,14,1238.0,526.0,1356.0,878.0,1,0,0,train,/content/dentex_crops/train/train_56_14.png
train_56.png,2872,1504,38,2089.189189189189,900.0,2213.5135135135133,1035.1351351351352,0,1,0,train,/content/dentex_crops/train/train_56_38.png
train_158.png,2872,1504,47,851.0,742.0,1114.0,1064.0,1,0,0,train,/content/dentex_crops/train/train_158_47.png
train_158.png,2872,1504,45,1085.0,714.0,1215.0,1059.0,1,0,0,train,/content/dentex_crops/train/train_158_45.png
train_158.png,2872,1504,35,1767.0,676.0,1880.0,1052.0,1,0,0,train,/content/dentex_crops/train/train_158_35.png
train_158.png,2872,1504,18,694.5945945945946,466.2162162162162,855.4054054054054,697.2972972972973,0,1,0,train,/content/dentex_crops/train/train_158_18.png
train_158.png,2872,1504,27,2021.6216216216217,406.7567567567568,2177.027027027027,712.1621621621622,1,0,0,train,/content/dentex_crops/train/train_158_27.png
train_234.png,1976,976,16,630.6930693069307,312.8712871287129,727.7227722772277,521.7821782178218,1,0,0,train,/content/dentex_crops/train/train_234_16.png
train_234.png,1976,976,17,549.5049504950495,288.1188118811881,656.4356435643564,511.88118811881185,1,0,0,train,/content/dentex_crops/train/train_234_17.png
train_234.png,1976,976,26,1195.0819672131147,318.0327868852459,1273.7704918032787,525.4098360655738,1,0,0,train,/content/dentex_crops/train/train_234_26.png
train_234.png,1976,976,35,1116.2131147540983,548.6393442622951,1199.0,758.4754098360656,0,1,0,train,/content/dentex_crops/train/train_234_35.png
train_234.png,1976,976,36,1166.393442622951,537.7049180327868,1286.8852459016393,745.0819672131148,1,0,0,train,/content/dentex_crops/train/train_234_36.png
train_234.png,1976,976,41,936.8852459016393,568.8524590163935,985.2459016393443,764.7540983606558,1,0,0,train,/content/dentex_crops/train/train_234_41.png
train_234.png,1976,976,47,503.27868852459017,516.3934426229508,692.6229508196722,719.672131147541,1,0,0,train,/content/dentex_crops/train/train_234_47.png
train_299.png,2872,1504,26,1897.0,531.0,2086.0,847.0,1,0,0,val,/content/dentex_crops/val/train_299_26.png
train_115.png,2897,1316,28,1940.5714285714284,393.0,2092.0,628.5714285714284,1,0,0,train,/content/dentex_crops/train/train_115_28.png
train_214.png,1976,976,12,858.0882352941176,308.8235294117647,908.0882352941176,524.2647058823529,1,0,0,train,/content/dentex_crops/train/train_214_12.png
train_214.png,1976,976,15,711.2244897959184,272.9591836734694,769.8979591836735,502.55102040816325,1,0,0,train,/content/dentex_crops/train/train_214_15.png
train_214.png,1976,976,25,1149.4897959183675,282.6530612244898,1199.4897959183675,504.0816326530612,0,1,0,train,/content/dentex_crops/train/train_214_25.png
train_214.png,1976,976,44,767.4486803519061,551.9061583577712,843.4017595307918,744.8680351906158,1,0,0,train,/content/dentex_crops/train/train_214_44.png
train_214.png,1976,976,46,622.0,560.0,740.0,691.0,0,1,0,train,/content/dentex_crops/train/train_214_46.png
train_648.png,2710,1316,16,822.2222222222222,484.25925925925924,1004.6296296296296,801.8518518518518,1,0,0,test,/content/dentex_crops/test/train_648_16.png
train_648.png,2710,1316,47,702.0746887966804,790.8713692946058,963.4854771784231,1097.0954356846473,1,0,0,test,/content/dentex_crops/test/train_648_47.png
train_648.png,2710,1316,48,543.1535269709543,752.6970954356846,824.0663900414937,1024.8962655601658,0,1,0,test,/content/dentex_crops/test/train_648_48.png
train_376.png,2881,1316,37,1883.0,628.0,2087.0,919.0,1,0,0,train,/content/dentex_crops/train/train_376_37.png
train_376.png,2881,1316,47,865.0,625.0,1112.0,903.0,1,0,0,train,/content/dentex_crops/train/train_376_47.png
train_620.png,2945,1316,36,1831.0,743.0,2066.0,1090.0,1,0,0,train,/content/dentex_crops/train/train_620_36.png
train_241.png,2872,1504,37,1901.0,862.0,2134.0,1170.0,1,0,0,train,/content/dentex_crops/train/train_241_37.png
train_241.png,2872,1504,16,1008.0,604.0,1151.0,923.0,1,0,0,train,/content/dentex_crops/train/train_241_16.png
train_241.png,2872,1504,15,1124.0,673.0,1213.0,918.0,0,1,0,train,/content/dentex_crops/train/train_241_15.png
train_241.png,2872,1504,14,1186.0,645.0,1293.0,912.0,1,0,0,train,/content/dentex_crops/train/train_241_14.png
train_241.png,2872,1504,17,874.0,622.0,1020.0,908.0,1,0,0,train,/content/dentex_crops/train/train_241_17.png
train_241.png,2872,1504,25,1746.0,607.0,1853.0,882.0,1,0,0,train,/content/dentex_crops/train/train_241_25.png
train_241.png,2872,1504,36,1763.0,901.0,2010.0,1220.0,0,0,1,train,/content/dentex_crops/train/train_241_36.png
train_134.png,2718,1316,16,843.4782608695651,389.63768115942025,994.2028985507245,705.5797101449275,1,0,0,test,/content/dentex_crops/test/train_134_16.png
train_636.png,2880,1504,18,601.4492753623188,453.62318840579707,756.5217391304348,771.0144927536231,1,0,0,val,/content/dentex_crops/val/train_636_18.png
train_636.png,2880,1504,12,1275.3623188405795,447.8260869565217,1427.5362318840578,791.3043478260869,1,0,0,val,/content/dentex_crops/val/train_636_12.png
train_636.png,2880,1504,35,1908.0,852.0,2048.0,1246.6666666666667,1,0,0,val,/content/dentex_crops/val/train_636_35.png
train_636.png,2880,1504,34,1809.3333333333333,861.3333333333334,1926.6666666666667,1208.0,1,0,0,val,/content/dentex_crops/val/train_636_34.png
train_636.png,2880,1504,42,1314.6666666666667,849.3333333333334,1445.3333333333333,1128.0,1,0,0,val,/content/dentex_crops/val/train_636_42.png
train_636.png,2880,1504,44,1086.6666666666667,838.6666666666666,1242.6666666666667,1178.6666666666667,1,0,0,val,/content/dentex_crops/val/train_636_44.png
train_281.png,2836,1316,16,830.7142857142857,440.07142857142856,975.3571428571428,775.7857142857142,1,0,0,train,/content/dentex_crops/train/train_281_16.png
train_281.png,2836,1316,26,1811.0714285714284,379.3571428571428,1966.4285714285713,748.9999999999999,1,0,0,train,/content/dentex_crops/train/train_281_26.png
train_281.png,2836,1316,36,1757.4999999999998,752.5714285714284,2005.7142857142856,1061.4999999999998,0,0,1,train,/content/dentex_crops/train/train_281_36.png
train_281.png,2836,1316,46,854.0,764.0,1072.0,1109.0,1,0,1,train,/content/dentex_crops/train/train_281_46.png
train_281.png,2836,1316,47,739.6428571428571,750.7857142857142,964.642857142857,1077.5714285714284,1,0,0,train,/content/dentex_crops/train/train_281_47.png
train_183.png,2977,1316,27,1853.0,447.0,2024.0,732.0,1,0,0,train,/content/dentex_crops/train/train_183_27.png
train_366.png,2830,1316,36,1656.0,750.0,1886.0,1047.0,0,0,1,train,/content/dentex_crops/train/train_366_36.png
train_366.png,2830,1316,44,1156.0,774.0,1297.0,1063.0,0,0,1,train,/content/dentex_crops/train/train_366_44.png
train_366.png,2830,1316,48,681.0,619.0,952.0,903.0,0,1,0,train,/content/dentex_crops/train/train_366_48.png
train_366.png,2830,1316,37,1777.0,705.0,2037.0,985.0,1,0,0,train,/content/dentex_crops/train/train_366_37.png
train_413.png,2906,1316,16,910.2857142857142,368.57142857142856,1056.0,682.8571428571428,1,0,0,train,/content/dentex_crops/train/train_413_16.png
train_413.png,2906,1316,35,1747.2857142857142,672.0,1875.0,1000.7142857142856,1,0,0,train,/content/dentex_crops/train/train_413_35.png
train_413.png,2906,1316,36,1827.4285714285713,659.9999999999999,2054.0,1000.0,1,0,0,train,/content/dentex_crops/train/train_413_36.png
train_413.png,2906,1316,44,1156.0,670.0,1251.0,993.0,1,0,0,train,/content/dentex_crops/train/train_413_44.png
train_413.png,2906,1316,46,907.0,675.9999999999999,1086.0,987.0,1,0,0,train,/content/dentex_crops/train/train_413_46.png
train_413.png,2906,1316,47,764.5714285714284,677.142857142857,978.8571428571428,937.1428571428571,1,0,0,train,/content/dentex_crops/train/train_413_47.png
train_118.png,2688,1504,17,643.0,618.0,779.0,882.0,1,0,0,train,/content/dentex_crops/train/train_118_17.png
train_118.png,2688,1504,38,1909.0,861.0,2111.0,1129.0,1,0,0,train,/content/dentex_crops/train/train_118_38.png
train_118.png,2688,1504,36,1599.0,885.0,1792.0,1183.0,1,0,0,train,/content/dentex_crops/train/train_118_36.png
train_118.png,2688,1504,47,636.0,889.0,850.0,1180.0,1,0,0,train,/content/dentex_crops/train/train_118_47.png
train_118.png,2688,1504,18,529.0,617.0,672.0,859.0,1,0,0,train,/content/dentex_crops/train/train_118_18.png
train_118.png,2688,1504,16,762.0,618.0,902.0,885.0,1,0,0,train,/content/dentex_crops/train/train_118_16.png
train_118.png,2688,1504,27,1795.0,609.0,1963.0,878.0,1,0,0,train,/content/dentex_crops/train/train_118_27.png
train_118.png,2688,1504,28,1920.0,601.0,2058.0,866.0,1,0,0,train,/content/dentex_crops/train/train_118_28.png
train_40.png,3001,1316,27,1777.0,435.0,1990.0,720.0,1,0,0,train,/content/dentex_crops/train/train_40_27.png
train_40.png,3001,1316,47,841.0,657.0,1147.0,868.0,1,0,0,train,/content/dentex_crops/train/train_40_47.png
train_40.png,3001,1316,18,987.0,441.0,1180.0,662.0,1,0,0,train,/content/dentex_crops/train/train_40_18.png
train_367.png,2839,1316,47,806.0,558.0,1101.0,809.0,1,0,0,train,/content/dentex_crops/train/train_367_47.png
train_367.png,2839,1316,37,1813.0,650.0,2089.0,868.0,0,1,0,train,/content/dentex_crops/train/train_367_37.png
train_586.png,2500,1504,36,1418.3157894736842,721.1578947368421,1657.7894736842104,1039.578947368421,1,0,0,train,/content/dentex_crops/train/train_586_36.png
train_586.png,2500,1504,46,588.9090909090909,707.0606060606061,813.1515151515151,1008.070707070707,1,0,0,train,/content/dentex_crops/train/train_586_46.png
train_386.png,2952,1316,15,1044.7142857142856,502.0,1185.0,799.0,1,0,0,train,/content/dentex_crops/train/train_386_15.png
train_386.png,2952,1316,17,803.0,570.0,956.8571428571428,865.0,0,1,0,train,/content/dentex_crops/train/train_386_17.png
train_386.png,2952,1316,37,1884.0,760.0,2085.0,1068.0,1,0,0,train,/content/dentex_crops/train/train_386_37.png
train_386.png,2952,1316,46,991.0,769.0,1195.0,1078.0,0,1,0,train,/content/dentex_crops/train/train_386_46.png
train_386.png,2952,1316,47,892.0,770.0,1096.0,1053.0,0,1,0,train,/content/dentex_crops/train/train_386_47.png
train_104.png,2712,1316,15,993.0,524.0,1085.448275862069,795.2413793103449,1,0,0,train,/content/dentex_crops/train/train_104_15.png
train_104.png,2712,1316,16,840.6206896551724,467.65517241379314,1004.4137931034484,807.3103448275863,1,0,0,train,/content/dentex_crops/train/train_104_16.png
train_104.png,2712,1316,25,1723.3793103448277,455.58620689655174,1813.034482758621,783.1724137931035,1,0,0,train,/content/dentex_crops/train/train_104_25.png
train_104.png,2712,1316,26,1794.0689655172414,472.8275862068966,1911.3103448275863,817.6551724137931,0,1,0,train,/content/dentex_crops/train/train_104_26.png
train_104.png,2712,1316,34,1605.1379310344828,801.2068965517242,1682.7241379310346,1171.8965517241381,1,0,0,train,/content/dentex_crops/train/train_104_34.png
train_104.png,2712,1316,35,1665.2068965517242,801.6551724137931,1792.793103448276,1160.2758620689656,1,0,0,train,/content/dentex_crops/train/train_104_35.png
train_104.png,2712,1316,44,1105.0,819.0,1209.5862068965519,1178.0,1,0,0,train,/content/dentex_crops/train/train_104_44.png
train_104.png,2712,1316,45,1034.7241379310346,858.5517241379312,1129.5517241379312,1165.448275862069,0,1,0,train,/content/dentex_crops/train/train_104_45.png
train_104.png,2712,1316,46,894.0689655172414,816.0,1083.7241379310346,1152.8620689655174,1,0,0,train,/content/dentex_crops/train/train_104_46.png
train_104.png,2712,1316,47,715.8620689655173,799.2068965517242,943.4482758620691,1104.3793103448277,1,0,0,train,/content/dentex_crops/train/train_104_47.png
train_104.png,2712,1316,48,581.0,737.0,802.6896551724138,1025.0,1,0,0,train,/content/dentex_crops/train/train_104_48.png
train_662.png,2892,1316,48,643.801652892562,640.4958677685951,829.7520661157025,890.909090909091,1,0,0,val,/content/dentex_crops/val/train_662_48.png
train_51.png,2951,1316,16,1058.75,422.5,1202.5,731.25,1,0,0,train,/content/dentex_crops/train/train_51_16.png
train_51.png,2951,1316,25,1708.0,411.2,1808.8,743.2,1,0,0,train,/content/dentex_crops/train/train_51_25.png
train_51.png,2951,1316,26,1758.6776859504132,427.1428571428571,1906.611570247934,728.9256198347108,1,0,0,train,/content/dentex_crops/train/train_51_26.png
train_51.png,2951,1316,27,1870.731707317073,380.48780487804873,2023.170731707317,707.3170731707316,1,0,0,train,/content/dentex_crops/train/train_51_27.png
train_51.png,2951,1316,36,1761.25,732.5,1987.5,1057.5,1,0,0,train,/content/dentex_crops/train/train_51_36.png
train_51.png,2951,1316,37,1892.5,687.5,2138.75,1015.0,1,0,0,train,/content/dentex_crops/train/train_51_37.png
train_565.png,2861,1316,46,866.0,661.0,1119.0,937.0,1,0,0,train,/content/dentex_crops/train/train_565_46.png
train_565.png,2861,1316,34,1599.0,680.0,1709.0,931.0,1,0,0,train,/content/dentex_crops/train/train_565_34.png
train_565.png,2861,1316,26,1724.0,362.0,1895.0,652.0,1,0,0,train,/content/dentex_crops/train/train_565_26.png
train_565.png,2861,1316,22,1489.6226415094338,380.188679245283,1592.4528301886792,702.8301886792452,1,0,0,train,/content/dentex_crops/train/train_565_22.png
train_565.png,2861,1316,21,1414.1509433962262,370.75471698113205,1518.8679245283017,703.7735849056603,1,0,0,train,/content/dentex_crops/train/train_565_21.png
train_565.png,2861,1316,12,1254.7169811320755,416.9811320754717,1336.7924528301887,702.8301886792452,1,0,0,train,/content/dentex_crops/train/train_565_12.png
train_219.png,2688,1504,46,735.0,852.0,950.0,1160.0,0,1,0,train,/content/dentex_crops/train/train_219_46.png
train_219.png,2688,1504,17,584.0,506.0,736.0,821.0,1,0,0,train,/content/dentex_crops/train/train_219_17.png
train_219.png,2688,1504,45,928.0,865.0,1031.0,1172.0,1,0,0,train,/content/dentex_crops/train/train_219_45.png
train_219.png,2688,1504,25,1682.0,494.0,1788.0,836.0,1,0,0,train,/content/dentex_crops/train/train_219_25.png
train_219.png,2688,1504,11,1189.0,521.0,1326.0,844.0,1,0,0,train,/content/dentex_crops/train/train_219_11.png
train_219.png,2688,1504,22,1407.0,526.0,1518.0,829.0,1,0,0,train,/content/dentex_crops/train/train_219_22.png
train_133.png,2884,1504,12,1345.0,547.0,1433.0,833.0,0,1,0,train,/content/dentex_crops/train/train_133_12.png
train_133.png,2884,1504,25,1828.0,520.0,1943.0,830.0,1,0,0,train,/content/dentex_crops/train/train_133_25.png
train_133.png,2884,1504,47,796.0,819.0,1010.0,1090.0,1,0,0,train,/content/dentex_crops/train/train_133_47.png
train_363.png,2799,1316,45,829.0,741.0,1157.0,1156.0,0,0,1,train,/content/dentex_crops/train/train_363_45.png
train_685.png,2872,1504,47,711.0,862.0,898.0,1167.0,0,1,0,train,/content/dentex_crops/train/train_685_47.png
train_685.png,2872,1504,46,869.0,840.0,1056.0,1173.0,0,1,0,train,/content/dentex_crops/train/train_685_46.png
train_685.png,2872,1504,38,2248.0,849.0,2480.0,1132.0,1,0,0,train,/content/dentex_crops/train/train_685_38.png
train_685.png,2872,1504,14,1004.0,529.0,1183.0,835.0,1,0,0,train,/content/dentex_crops/train/train_685_14.png
train_685.png,2872,1504,37,2109.0,847.0,2296.0,1180.0,1,0,0,train,/content/dentex_crops/train/train_685_37.png
train_260.png,1976,976,15,692.5,280.0,767.5,495.0,1,0,0,train,/content/dentex_crops/train/train_260_15.png
train_260.png,1976,976,16,608.75,273.75,707.5,478.75,1,0,0,train,/content/dentex_crops/train/train_260_16.png
train_260.png,1976,976,17,521.0,268.75,642.5,471.25,1,0,0,train,/content/dentex_crops/train/train_260_17.png
train_260.png,1976,976,22,1013.0,293.0,1083.25,528.75,1,0,0,train,/content/dentex_crops/train/train_260_22.png
train_260.png,1976,976,27,1276.0,268.75,1389.75,467.5,1,0,0,train,/content/dentex_crops/train/train_260_27.png
train_260.png,1976,976,35,1096.0,518.0,1230.25,729.5,1,0,0,train,/content/dentex_crops/train/train_260_35.png
train_260.png,1976,976,36,1168.0,488.0,1345.0,708.75,1,0,0,train,/content/dentex_crops/train/train_260_36.png
train_260.png,1976,976,37,1271.25,473.75,1423.75,681.25,1,0,0,train,/content/dentex_crops/train/train_260_37.png
train_260.png,1976,976,46,559.0,506.5,740.5,732.75,1,0,0,train,/content/dentex_crops/train/train_260_46.png
train_260.png,1976,976,47,482.5,478.75,648.75,685.0,1,0,0,train,/content/dentex_crops/train/train_260_47.png
train_340.png,2937,1316,14,1212.0,315.2542372881356,1341.0,609.0,1,0,0,val,/content/dentex_crops/val/train_340_14.png
train_340.png,2937,1316,16,1024.5762711864406,328.81355932203394,1200.0,591.5254237288136,1,0,0,val,/content/dentex_crops/val/train_340_16.png
train_340.png,2937,1316,26,1801.6949152542375,338.135593220339,1945.3333333333333,615.2542372881356,1,0,0,val,/content/dentex_crops/val/train_340_26.png
train_643.png,2900,1316,17,807.5949367088607,370.88607594936707,930.379746835443,687.3417721518987,1,0,0,train,/content/dentex_crops/train/train_643_17.png
train_643.png,2900,1316,26,1712.6582278481012,268.3544303797468,1865.8227848101264,670.8860759493671,1,0,0,train,/content/dentex_crops/train/train_643_26.png
train_643.png,2900,1316,35,1643.0379746835442,645.5696202531645,1755.6962025316454,988.6075949367088,1,0,0,train,/content/dentex_crops/train/train_643_35.png
train_643.png,2900,1316,37,1816.4556962025315,637.9746835443037,2089.8734177215188,962.0253164556962,1,0,0,train,/content/dentex_crops/train/train_643_37.png
train_643.png,2900,1316,45,1020.253164556962,652.5139664804469,1144.3037974683543,1002.5316455696202,1,0,0,train,/content/dentex_crops/train/train_643_45.png
train_408.png,2964,1316,17,864.2941176470588,447.0,993.7058823529411,710.8235294117646,0,1,0,train,/content/dentex_crops/train/train_408_17.png
train_670.png,2771,1316,12,1216.1904761904761,439.04761904761904,1301.904761904762,740.952380952381,1,0,0,train,/content/dentex_crops/train/train_670_12.png
train_670.png,2771,1316,13,1126.6666666666665,404.76190476190476,1227.6190476190475,740.0,1,0,0,train,/content/dentex_crops/train/train_670_13.png
train_670.png,2771,1316,14,1074.6666666666665,454.6190476190476,1185.142857142857,718.4285714285714,1,0,0,train,/content/dentex_crops/train/train_670_14.png
train_670.png,2771,1316,15,1003.8095238095237,439.04761904761904,1095.2380952380952,699.047619047619,1,0,0,train,/content/dentex_crops/train/train_670_15.png
train_670.png,2771,1316,17,820.952380952381,418.0952380952381,940.952380952381,672.3809523809524,0,1,0,train,/content/dentex_crops/train/train_670_17.png
train_670.png,2771,1316,25,1696.1904761904761,429.5238095238095,1780.0,695.2380952380952,0,1,0,train,/content/dentex_crops/train/train_670_25.png
train_670.png,2771,1316,26,1752.0,435.3333333333333,1866.4761904761904,664.8571428571428,0,1,0,train,/content/dentex_crops/train/train_670_26.png
train_670.png,2771,1316,27,1859.0,413.0,1975.1904761904761,669.6190476190476,1,0,0,train,/content/dentex_crops/train/train_670_27.png
train_670.png,2771,1316,28,1960.0,415.23809523809524,2084.7619047619046,659.047619047619,1,0,0,train,/content/dentex_crops/train/train_670_28.png
train_670.png,2771,1316,46,856.3333333333334,710.6666666666666,1084.3333333333333,998.0,0,1,0,train,/content/dentex_crops/train/train_670_46.png
train_670.png,2771,1316,47,730.6666666666666,650.6666666666666,961.3333333333334,912.0,1,0,0,train,/content/dentex_crops/train/train_670_47.png
train_670.png,2771,1316,36,1742.6666666666667,713.3333333333334,1892.6666666666667,889.3333333333334,0,1,0,train,/content/dentex_crops/train/train_670_36.png
train_670.png,2771,1316,16,925.0,493.0,1033.0,660.0,0,1,0,train,/content/dentex_crops/train/train_670_16.png
train_27.png,2822,1316,47,676.0,608.0,908.0,877.0,0,1,0,val,/content/dentex_crops/val/train_27_47.png
train_27.png,2822,1316,46,810.0,655.0,1034.0,975.0,1,0,0,val,/content/dentex_crops/val/train_27_46.png
train_27.png,2822,1316,25,1764.0,382.0,1890.0,670.0,1,0,0,val,/content/dentex_crops/val/train_27_25.png
train_27.png,2822,1316,36,1767.0,664.0,1994.0,971.0,1,0,0,val,/content/dentex_crops/val/train_27_36.png
train_27.png,2822,1316,15,960.0,359.0,1078.0,668.0,1,0,0,val,/content/dentex_crops/val/train_27_15.png
train_27.png,2822,1316,37,1914.6666666666667,636.6666666666666,2128.0,935.3333333333334,0,0,1,val,/content/dentex_crops/val/train_27_37.png
train_699.png,2768,1316,35,1568.456140350877,772.8947368421052,1728.1052631578946,1102.7192982456138,1,0,0,val,/content/dentex_crops/val/train_699_35.png
train_65.png,2800,1316,27,1883.0,393.0,2005.0,672.0,1,0,0,train,/content/dentex_crops/train/train_65_27.png
train_622.png,2977,1316,26,1767.9611650485435,698.0582524271845,1833.009708737864,880.5825242718446,0,1,0,train,/content/dentex_crops/train/train_622_26.png
train_622.png,2977,1316,28,1922.3300970873786,616.504854368932,2066.019417475728,859.2233009708738,0,1,0,train,/content/dentex_crops/train/train_622_28.png
train_374.png,2868,1504,38,2185.0,812.0,2382.0,1067.0,1,0,0,train,/content/dentex_crops/train/train_374_38.png
train_374.png,2868,1504,48,584.0,816.0,806.0,1104.0,1,0,0,train,/content/dentex_crops/train/train_374_48.png
train_297.png,2872,1504,48,570.0,646.0,898.0,914.0,1,0,0,train,/content/dentex_crops/train/train_297_48.png
train_301.png,2512,1504,26,1528.3870967741937,507.0,1801.3870967741937,855.0,0,1,0,test,/content/dentex_crops/test/train_301_26.png
train_301.png,2512,1504,17,323.0,487.0,518.0,829.0,1,0,0,test,/content/dentex_crops/test/train_301_17.png
train_301.png,2512,1504,16,478.0,534.0,639.0,812.0,0,1,0,test,/content/dentex_crops/test/train_301_16.png
train_301.png,2512,1504,11,967.0,527.0,1104.0,855.0,0,0,1,test,/content/dentex_crops/test/train_301_11.png
train_301.png,2512,1504,42,953.0,848.0,1025.0,1076.0,0,1,0,test,/content/dentex_crops/test/train_301_42.png
train_301.png,2512,1504,41,998.0,850.0,1092.0,1099.0,0,0,1,test,/content/dentex_crops/test/train_301_41.png
train_301.png,2512,1504,43,854.0,846.0,964.0,1198.0,1,0,0,test,/content/dentex_crops/test/train_301_43.png
train_301.png,2512,1504,35,1339.0,830.0,1521.0,1175.0,1,0,0,test,/content/dentex_crops/test/train_301_35.png
train_301.png,2512,1504,12,901.0,597.0,991.0,799.0,0,1,0,test,/content/dentex_crops/test/train_301_12.png
train_301.png,2512,1504,15,621.0,500.0,748.0,877.0,1,0,0,test,/content/dentex_crops/test/train_301_15.png
train_476.png,1976,976,14,714.9876543209876,308.641975308642,776.716049382716,545.679012345679,1,0,0,train,/content/dentex_crops/train/train_476_14.png
train_476.png,1976,976,35,1123.7191011235955,537.8202247191011,1248.438202247191,742.314606741573,1,0,0,train,/content/dentex_crops/train/train_476_35.png
train_476.png,1976,976,37,1178.6516853932585,531.4606741573034,1326.0,713.4831460674158,0,0,1,train,/content/dentex_crops/train/train_476_37.png
train_105.png,2843,1316,25,1776.0,380.3571428571428,1927.5714285714284,769.642857142857,1,0,0,train,/content/dentex_crops/train/train_105_25.png
train_105.png,2843,1316,35,1741.8571428571427,787.0,1886.4999999999998,1155.3571428571427,1,0,0,train,/content/dentex_crops/train/train_105_35.png
train_105.png,2843,1316,36,1820.4285714285713,789.2857142857142,1997.2142857142856,1121.4285714285713,1,0,0,train,/content/dentex_crops/train/train_105_36.png
train_105.png,2843,1316,37,1941.4285714285713,797.9999999999999,2153.928571428571,1137.2857142857142,1,0,0,train,/content/dentex_crops/train/train_105_37.png
train_105.png,2843,1316,45,1066.8571428571427,762.0,1198.9999999999998,1137.4999999999998,1,0,0,train,/content/dentex_crops/train/train_105_45.png
train_557.png,2967,1316,15,1104.1764705882351,418.47058823529403,1236.5294117647059,677.2941176470588,1,0,0,train,/content/dentex_crops/train/train_557_15.png
train_557.png,2967,1316,16,989.4705882352941,430.23529411764696,1133.5882352941176,674.3529411764705,1,0,0,train,/content/dentex_crops/train/train_557_16.png
train_557.png,2967,1316,26,1792.4117647058822,389.0588235294117,1921.8235294117646,639.0588235294117,1,0,0,train,/content/dentex_crops/train/train_557_26.png
train_557.png,2967,1316,27,1857.0,362.58823529411757,2031.0,632.0,1,0,0,train,/content/dentex_crops/train/train_557_27.png
train_557.png,2967,1316,36,1736.0,637.0,1948.0,916.0,1,1,0,train,/content/dentex_crops/train/train_557_36.png
train_557.png,2967,1316,45,1113.0,706.0,1271.0,1086.0,1,0,1,train,/content/dentex_crops/train/train_557_45.png
train_557.png,2967,1316,18,854.0,411.0,1037.0,684.0,1,0,0,train,/content/dentex_crops/train/train_557_18.png
train_248.png,2872,1316,16,941.0,273.0,1131.0,596.0,0,1,0,val,/content/dentex_crops/val/train_248_16.png
train_248.png,2872,1316,45,1077.0,593.0,1251.0,898.0,1,0,0,val,/content/dentex_crops/val/train_248_45.png
train_248.png,2872,1316,36,1763.0,617.0,1888.0,787.0,0,1,0,val,/content/dentex_crops/val/train_248_36.png
train_248.png,2872,1316,27,1840.5405405405406,360.7837837837838,1945.945945945946,544.5675675675676,0,1,0,val,/content/dentex_crops/val/train_248_27.png
train_253.png,2966,1316,14,1181.8181818181818,392.92929292929296,1282.828282828283,710.1010101010102,1,0,0,train,/content/dentex_crops/train/train_253_14.png
train_253.png,2966,1316,36,1755.5555555555557,689.89898989899,1983.8383838383838,980.8080808080808,1,0,0,train,/content/dentex_crops/train/train_253_36.png
train_253.png,2966,1316,45,1082.828282828283,718.1818181818182,1274.7474747474748,1039.3939393939395,0,1,0,train,/content/dentex_crops/train/train_253_45.png
train_293.png,2856,1316,16,979.0,317.0,1124.0,621.0,0,1,0,train,/content/dentex_crops/train/train_293_16.png
train_293.png,2856,1316,46,929.0,613.0,1139.0,936.0,1,0,0,train,/content/dentex_crops/train/train_293_46.png
train_293.png,2856,1316,36,1739.0,634.0,2004.0,970.0,1,0,0,train,/content/dentex_crops/train/train_293_36.png
train_293.png,2856,1316,18,780.0,272.0,910.0,573.0,0,1,0,train,/content/dentex_crops/train/train_293_18.png
train_293.png,2856,1316,26,1801.3513513513515,305.3783783783784,1983.7837837837837,632.4054054054054,0,0,1,train,/content/dentex_crops/train/train_293_26.png
train_484.png,2971,1316,16,1112.0,440.0,1265.0,708.0,1,0,0,test,/content/dentex_crops/test/train_484_16.png
train_484.png,2971,1316,27,1844.0,357.0,2001.0,689.0,1,0,0,test,/content/dentex_crops/test/train_484_27.png
train_484.png,2971,1316,17,981.0,392.0,1133.0,686.0,1,0,0,test,/content/dentex_crops/test/train_484_17.png
train_649.png,2922,1316,36,1804.0,720.0,2032.0,1029.0,1,0,0,test,/content/dentex_crops/test/train_649_36.png
train_649.png,2922,1316,25,1725.0,411.0,1826.0,724.0,1,0,0,test,/content/dentex_crops/test/train_649_25.png
train_649.png,2922,1316,34,1659.0,743.0,1766.0,1034.0,1,0,0,test,/content/dentex_crops/test/train_649_34.png
train_688.png,2864,1316,47,729.0,590.0,1021.0,889.0,1,0,0,train,/content/dentex_crops/train/train_688_47.png
train_688.png,2864,1316,37,1894.0,576.0,2139.0,902.0,1,0,0,train,/content/dentex_crops/train/train_688_37.png
train_688.png,2864,1316,25,1711.0,325.0,1872.0,649.0,1,0,0,train,/content/dentex_crops/train/train_688_25.png
train_688.png,2864,1316,16,929.0,315.0,1107.0,645.0,1,0,0,train,/content/dentex_crops/train/train_688_16.png
train_688.png,2864,1316,45,1051.0,666.0,1209.0,1020.0,1,0,0,train,/content/dentex_crops/train/train_688_45.png
train_612.png,2769,1316,15,981.0,276.40350877192975,1089.0,630.7894736842104,1,0,0,train,/content/dentex_crops/train/train_612_15.png
train_612.png,2769,1316,17,757.1754385964912,251.84210526315786,888.7543859649122,600.9649122807017,1,0,0,train,/content/dentex_crops/train/train_612_17.png
train_612.png,2769,1316,18,616.0,272.8947368421052,761.0,584.0,0,1,0,train,/content/dentex_crops/train/train_612_18.png
train_612.png,2769,1316,37,1764.19298245614,617.0,2067.7017543859647,972.8947368421052,1,0,0,train,/content/dentex_crops/train/train_612_37.png
train_612.png,2769,1316,47,704.5438596491227,634.298245614035,939.6315789473683,943.0701754385964,1,0,0,train,/content/dentex_crops/train/train_612_47.png
train_612.png,2769,1316,48,562.438596491228,602.7192982456139,790.5087719298244,862.3684210526314,1,0,0,train,/content/dentex_crops/train/train_612_48.png
train_257.png,2793,1316,27,1843.0,302.0,2016.0,604.0,1,0,0,train,/content/dentex_crops/train/train_257_27.png
train_257.png,2793,1316,36,1744.0,670.0,1992.0,1000.0,1,0,0,train,/content/dentex_crops/train/train_257_36.png
train_257.png,2793,1316,46,845.0,687.0,1120.0,1034.0,1,0,0,train,/content/dentex_crops/train/train_257_46.png
train_257.png,2793,1316,17,797.0,317.0,943.0,617.0,1,0,0,train,/content/dentex_crops/train/train_257_17.png
train_562.png,2868,1504,37,2046.0,730.0,2360.0,1067.0,1,0,0,train,/content/dentex_crops/train/train_562_37.png
train_562.png,2868,1504,36,1913.0,775.0,2200.0,1121.0,1,0,0,train,/content/dentex_crops/train/train_562_36.png
train_562.png,2868,1504,35,1812.0,802.0,2025.0,1136.0,0,1,0,train,/content/dentex_crops/train/train_562_35.png
train_562.png,2868,1504,46,852.0,795.0,1102.0,1145.0,1,0,0,train,/content/dentex_crops/train/train_562_46.png
train_562.png,2868,1504,47,682.0,749.0,960.0,1076.0,1,0,0,train,/content/dentex_crops/train/train_562_47.png
train_562.png,2868,1504,15,1041.0,377.0,1139.0,719.0,1,0,0,train,/content/dentex_crops/train/train_562_15.png
train_562.png,2868,1504,14,1132.0,377.0,1254.0,708.0,1,0,0,train,/content/dentex_crops/train/train_562_14.png
train_562.png,2868,1504,12,1292.0,348.0,1396.0,749.0,1,0,0,train,/content/dentex_crops/train/train_562_12.png
train_562.png,2868,1504,26,1913.0,304.0,2110.0,720.0,0,0,1,train,/content/dentex_crops/train/train_562_26.png
train_562.png,2868,1504,41,1468.8461538461538,829.1538461538462,1553.4615384615383,1106.076923076923,0,0,1,train,/content/dentex_crops/train/train_562_41.png
train_562.png,2868,1504,42,1343.8461538461538,779.1538461538461,1490.0,1129.1538461538462,0,0,1,train,/content/dentex_crops/train/train_562_42.png
train_631.png,2903,1316,17,825.3333333333334,445.3333333333333,960.0,765.3333333333334,1,0,0,train,/content/dentex_crops/train/train_631_17.png
train_624.png,1976,976,14,770.754716981132,317.92452830188677,841.5094339622641,521.6981132075472,1,0,0,val,/content/dentex_crops/val/train_624_14.png
train_624.png,1976,976,15,725.4716981132075,321.6981132075472,790.566037735849,516.0377358490566,1,0,0,val,/content/dentex_crops/val/train_624_15.png
train_624.png,1976,976,16,650.0,288.6792452830189,740.566037735849,509.4339622641509,1,0,0,val,/content/dentex_crops/val/train_624_16.png
train_624.png,1976,976,26,1146.6101694915255,252.54237288135596,1258.4745762711866,470.3389830508475,1,0,0,val,/content/dentex_crops/val/train_624_26.png
train_624.png,1976,976,36,1187.4406779661017,487.37288135593224,1334.0508474576272,708.5593220338983,1,0,0,val,/content/dentex_crops/val/train_624_36.png
train_624.png,1976,976,37,1249.6949152542375,451.6949152542373,1395.457627118644,655.0847457627119,1,0,0,val,/content/dentex_crops/val/train_624_37.png
train_624.png,1976,976,45,728.6610169491526,532.8983050847457,821.8813559322034,754.0847457627119,1,0,0,val,/content/dentex_crops/val/train_624_45.png
train_624.png,1976,976,46,606.2372881355933,511.8813559322034,760.4745762711865,723.7457627118645,1,0,0,val,/content/dentex_crops/val/train_624_46.png
train_314.png,2872,1504,47,769.0,864.0,972.0,1149.0,1,0,0,train,/content/dentex_crops/train/train_314_47.png
train_314.png,2872,1504,36,1883.0,910.0,2098.0,1199.0,1,0,0,train,/content/dentex_crops/train/train_314_36.png
train_600.png,2980,1316,45,1105.0,664.0,1312.0,966.0,0,0,1,train,/content/dentex_crops/train/train_600_45.png
train_150.png,2802,1316,46,903.0,637.0,1096.0,987.0,1,0,0,train,/content/dentex_crops/train/train_150_46.png
train_150.png,2802,1316,27,1965.0,318.0,2112.0,638.0,0,1,0,train,/content/dentex_crops/train/train_150_27.png
train_161.png,2674,1316,46,770.0,806.0,1010.0,1134.0,1,0,0,train,/content/dentex_crops/train/train_161_46.png
train_161.png,2674,1316,15,986.0,477.0,1105.0,782.0,1,0,0,train,/content/dentex_crops/train/train_161_15.png
train_161.png,2674,1316,37,1749.0,796.0,2015.0,1084.0,1,0,0,train,/content/dentex_crops/train/train_161_37.png
train_174.png,2890,1316,15,1041.7475728155339,489.32038834951453,1171.8446601941748,805.8252427184466,1,0,0,val,/content/dentex_crops/val/train_174_15.png
train_174.png,2890,1316,16,905.8252427184466,506.79611650485435,1092.2330097087379,823.3009708737864,1,0,0,val,/content/dentex_crops/val/train_174_16.png
train_174.png,2890,1316,27,1936.893203883495,502.9126213592233,2146.6019417475727,811.6504854368932,1,0,0,val,/content/dentex_crops/val/train_174_27.png
train_174.png,2890,1316,36,1808.7378640776699,792.2330097087379,1991.2621359223301,1124.2718446601941,1,0,0,val,/content/dentex_crops/val/train_174_36.png
train_151.png,2984,1316,35,1718.0,748.0,1908.0,1080.0,1,0,0,train,/content/dentex_crops/train/train_151_35.png
train_151.png,2984,1316,36,1791.0,713.0,2034.0,1013.0,1,0,0,train,/content/dentex_crops/train/train_151_36.png
train_151.png,2984,1316,28,1923.0,358.0,2088.0,650.0,0,1,0,train,/content/dentex_crops/train/train_151_28.png
train_151.png,2984,1316,27,1843.6893203883494,416.504854368932,1977.6699029126214,703.8834951456311,1,0,0,train,/content/dentex_crops/train/train_151_27.png
train_151.png,2984,1316,45,1140.0,760.0,1310.0,1059.0,0,1,0,train,/content/dentex_crops/train/train_151_45.png
train_151.png,2984,1316,44,1258.0,774.0,1355.0,1076.0,0,1,0,train,/content/dentex_crops/train/train_151_44.png
train_692.png,2806,1316,17,838.4,330.4,982.4,597.6,0,1,0,train,/content/dentex_crops/train/train_692_17.png
train_692.png,2806,1316,18,779.2,362.4,872.0,608.8,1,0,0,train,/content/dentex_crops/train/train_692_18.png
train_692.png,2806,1316,35,1626.0,637.0,1793.0,951.0,1,0,0,train,/content/dentex_crops/train/train_692_35.png
train_680.png,2798,1316,44,1122.0,682.0,1222.0,1006.0,1,0,0,train,/content/dentex_crops/train/train_680_44.png
train_680.png,2798,1316,18,781.0,262.0,933.0,602.0,0,1,0,train,/content/dentex_crops/train/train_680_18.png
train_680.png,2798,1316,27,1744.0,325.0,1906.0,691.0,1,0,0,train,/content/dentex_crops/train/train_680_27.png
train_680.png,2798,1316,45,1024.0,678.0,1138.0,1025.0,1,0,0,train,/content/dentex_crops/train/train_680_45.png
train_680.png,2798,1316,37,1824.0,674.0,2162.0,948.0,1,0,0,train,/content/dentex_crops/train/train_680_37.png
train_530.png,2828,1316,25,1688.5555555555557,318.1111111111111,1816.0,629.0,1,0,0,test,/content/dentex_crops/test/train_530_25.png
train_530.png,2828,1316,34,1624.0,657.0,1763.3333333333335,957.6666666666667,1,0,0,test,/content/dentex_crops/test/train_530_34.png
train_530.png,2828,1316,35,1718.2222222222224,646.0,1883.0,936.0,1,0,0,test,/content/dentex_crops/test/train_530_35.png
train_530.png,2828,1316,36,1823.3333333333335,610.0,2045.5555555555557,890.0,1,0,0,test,/content/dentex_crops/test/train_530_36.png
train_530.png,2828,1316,46,870.0,640.2222222222223,1126.0,941.0,1,0,0,test,/content/dentex_crops/test/train_530_46.png
train_530.png,2828,1316,47,761.0,594.0,980.0,870.0,1,0,0,test,/content/dentex_crops/test/train_530_47.png
train_632.png,2822,1316,16,930.4444444444445,464.1111111111111,1101.0,758.5555555555555,1,0,0,train,/content/dentex_crops/train/train_632_16.png
train_632.png,2822,1316,25,1723.5555555555557,481.2222222222223,1828.0,753.4444444444445,1,0,0,train,/content/dentex_crops/train/train_632_25.png
train_632.png,2822,1316,46,918.0,781.4444444444446,1144.0,1102.0,1,0,0,train,/content/dentex_crops/train/train_632_46.png
train_632.png,2822,1316,47,776.0,756.7777777777778,1008.0,1031.0,1,0,0,train,/content/dentex_crops/train/train_632_47.png
train_409.png,2868,1504,27,2044.0,467.0,2178.0,759.0,0,1,0,test,/content/dentex_crops/test/train_409_27.png
train_409.png,2868,1504,28,2167.0,478.0,2321.0,735.0,1,0,0,test,/content/dentex_crops/test/train_409_28.png
train_409.png,2868,1504,36,1863.0,773.0,2099.0,1074.0,0,1,0,test,/content/dentex_crops/test/train_409_36.png
train_409.png,2868,1504,17,753.0,452.0,922.0,768.0,1,0,0,test,/content/dentex_crops/test/train_409_17.png
train_409.png,2868,1504,26,1925.0,495.0,2078.0,778.0,0,1,0,test,/content/dentex_crops/test/train_409_26.png
train_121.png,2872,1504,38,2030.0,780.0,2304.0,1018.0,1,0,0,train,/content/dentex_crops/train/train_121_38.png
train_121.png,2872,1504,37,1883.0,843.0,2195.0,1112.0,1,0,0,train,/content/dentex_crops/train/train_121_37.png
train_121.png,2872,1504,28,2069.0,485.0,2264.0,769.0,0,1,0,train,/content/dentex_crops/train/train_121_28.png
train_121.png,2872,1504,27,1996.0,513.0,2129.0,804.0,1,0,0,train,/content/dentex_crops/train/train_121_27.png
train_121.png,2872,1504,26,1868.0,524.0,2021.0,843.0,1,0,0,train,/content/dentex_crops/train/train_121_26.png
train_121.png,2872,1504,12,1299.0,571.0,1432.0,885.0,1,0,0,train,/content/dentex_crops/train/train_121_12.png
train_121.png,2872,1504,11,1378.0,560.0,1495.0,902.0,1,0,0,train,/content/dentex_crops/train/train_121_11.png
train_64.png,2896,1316,36,1769.0,810.0,1973.0,1093.0,1,0,0,train,/content/dentex_crops/train/train_64_36.png
train_507.png,2926,1316,36,1745.0,697.0,1984.0,1017.0,0,1,0,test,/content/dentex_crops/test/train_507_36.png
train_507.png,2926,1316,12,1276.0,400.0,1385.0,736.0,1,0,0,test,/content/dentex_crops/test/train_507_12.png
train_507.png,2926,1316,11,1348.0,391.0,1464.0,735.0,1,0,0,test,/content/dentex_crops/test/train_507_11.png
train_507.png,2926,1316,21,1441.0,370.0,1550.0,722.0,1,0,0,test,/content/dentex_crops/test/train_507_21.png
train_507.png,2926,1316,22,1518.0,372.0,1615.0,716.0,1,0,0,test,/content/dentex_crops/test/train_507_22.png
train_507.png,2926,1316,46,975.3424657534247,714.5753424657535,1206.849315068493,1032.3835616438357,1,0,0,test,/content/dentex_crops/test/train_507_46.png
train_507.png,2926,1316,16,979.4520547945206,431.013698630137,1120.5479452054794,691.2876712328767,1,0,0,test,/content/dentex_crops/test/train_507_16.png
train_196.png,3076,1536,11,1443.0,513.0,1554.0,831.0,1,0,0,test,/content/dentex_crops/test/train_196_11.png
train_196.png,3076,1536,21,1539.0,508.0,1631.0,828.0,1,0,0,test,/content/dentex_crops/test/train_196_21.png
train_196.png,3076,1536,23,1662.0,474.0,1769.0,828.0,1,0,0,test,/content/dentex_crops/test/train_196_23.png
train_196.png,3076,1536,25,1777.0,518.0,1896.0,809.0,1,0,0,test,/content/dentex_crops/test/train_196_25.png
train_196.png,3076,1536,35,1767.6470588235293,889.7058823529411,1833.8235294117646,1039.705882352941,0,1,0,test,/content/dentex_crops/test/train_196_35.png
train_689.png,2751,1316,35,1625.581395348837,758.9147286821706,1760.4651162790697,1113.953488372093,0,1,0,train,/content/dentex_crops/train/train_689_35.png
train_689.png,2751,1316,37,1810.0,747.0,2023.2558139534883,1073.6434108527133,0,1,1,train,/content/dentex_crops/train/train_689_37.png
train_369.png,2966,1316,46,981.8867924528302,685.8490566037735,1178.1132075471698,1006.6037735849056,1,0,0,test,/content/dentex_crops/test/train_369_46.png
train_244.png,2548,1504,46,516.0,877.0,758.0,1178.0,0,1,0,val,/content/dentex_crops/val/train_244_46.png
train_244.png,2548,1504,37,1729.0,863.0,1933.0,1144.0,0,1,0,val,/content/dentex_crops/val/train_244_37.png
train_244.png,2548,1504,35,1485.0,905.0,1646.0,1217.0,1,0,0,val,/content/dentex_crops/val/train_244_35.png
train_244.png,2548,1504,36,1580.7027027027027,881.0,1825.7027027027027,1181.0,1,0,0,val,/content/dentex_crops/val/train_244_36.png
train_244.png,2548,1504,15,701.0,586.0,808.0,879.0,1,0,0,val,/content/dentex_crops/val/train_244_15.png
train_244.png,2548,1504,16,562.0,584.0,713.0,863.0,1,0,0,val,/content/dentex_crops/val/train_244_16.png
train_244.png,2548,1504,45,690.0,888.0,860.0,1208.0,1,0,0,val,/content/dentex_crops/val/train_244_45.png
train_244.png,2548,1504,12,967.0,572.0,1066.0,885.0,1,0,0,val,/content/dentex_crops/val/train_244_12.png
train_244.png,2548,1504,14,798.2608695652173,586.086956521739,904.3478260869564,885.2173913043478,1,0,0,val,/content/dentex_crops/val/train_244_14.png
train_94.png,2872,1504,46,903.0,941.0,1115.0,1247.0,1,0,0,test,/content/dentex_crops/test/train_94_46.png
train_94.png,2872,1504,37,1980.0,878.0,2236.0,1188.0,1,0,1,test,/content/dentex_crops/test/train_94_37.png
train_94.png,2872,1504,17,813.0,579.0,963.0,902.0,1,0,0,test,/content/dentex_crops/test/train_94_17.png
train_94.png,2872,1504,44,1057.0,939.0,1194.0,1286.0,1,0,0,test,/content/dentex_crops/test/train_94_44.png
train_94.png,2872,1504,27,2036.0,581.0,2190.0,866.0,1,0,0,test,/content/dentex_crops/test/train_94_27.png
train_488.png,2741,1316,45,1026.0,670.0,1140.0,962.0,1,0,0,train,/content/dentex_crops/train/train_488_45.png
train_488.png,2741,1316,25,1656.25,392.875,1765.625,542.875,0,1,0,train,/content/dentex_crops/train/train_488_25.png
train_401.png,2758,1316,16,873.0,459.0,1068.0,771.0,1,0,0,val,/content/dentex_crops/val/train_401_16.png
train_232.png,2986,1316,47,779.0,611.0,1068.0,905.0,1,0,0,train,/content/dentex_crops/train/train_232_47.png
train_232.png,2986,1316,27,2029.0,320.0,2182.0,640.0,1,0,0,train,/content/dentex_crops/train/train_232_27.png
train_629.png,2833,1316,47,803.0,717.0,992.0,989.0,1,0,0,val,/content/dentex_crops/val/train_629_47.png
train_629.png,2833,1316,35,1670.0,786.0,1797.0,1077.0,1,0,0,val,/content/dentex_crops/val/train_629_35.png
train_629.png,2833,1316,46,906.0,750.0,1133.0,1045.0,1,0,0,val,/content/dentex_crops/val/train_629_46.png
train_629.png,2833,1316,37,1861.0,765.0,2064.0,1025.0,1,0,0,val,/content/dentex_crops/val/train_629_37.png
train_605.png,2868,1504,16,826.0,579.0,978.0,860.0,1,0,0,train,/content/dentex_crops/train/train_605_16.png
train_605.png,2868,1504,47,550.0,834.0,818.0,1102.0,1,0,0,train,/content/dentex_crops/train/train_605_47.png
train_605.png,2868,1504,45,1007.0,852.0,1144.0,1175.0,1,0,0,train,/content/dentex_crops/train/train_605_45.png
train_605.png,2868,1504,44,1126.0,833.0,1250.0,1157.0,1,0,0,train,/content/dentex_crops/train/train_605_44.png
train_605.png,2868,1504,36,1931.0,814.0,2152.0,1134.0,0,1,1,train,/content/dentex_crops/train/train_605_36.png
train_605.png,2868,1504,37,2061.0,821.0,2287.0,1118.0,1,0,0,train,/content/dentex_crops/train/train_605_37.png
train_334.png,2872,1504,48,650.0,801.0,910.0,1078.0,0,1,0,train,/content/dentex_crops/train/train_334_48.png
train_334.png,2872,1504,47,811.0,846.0,1031.0,1133.0,1,0,0,train,/content/dentex_crops/train/train_334_47.png
train_334.png,2872,1504,17,793.0,535.0,976.0,853.0,0,1,0,train,/content/dentex_crops/train/train_334_17.png
train_334.png,2872,1504,16,928.0,552.0,1106.0,853.0,1,0,0,train,/content/dentex_crops/train/train_334_16.png
train_334.png,2872,1504,45,1120.0,823.0,1238.0,1128.0,1,0,0,train,/content/dentex_crops/train/train_334_45.png
train_334.png,2872,1504,44,1206.0,813.0,1295.0,1160.0,1,0,0,train,/content/dentex_crops/train/train_334_44.png
train_334.png,2872,1504,28,2060.0,603.0,2245.0,853.0,1,0,0,train,/content/dentex_crops/train/train_334_28.png
train_334.png,2872,1504,26,1904.0,551.0,2101.0,856.0,1,0,0,train,/content/dentex_crops/train/train_334_26.png
train_334.png,2872,1504,25,1815.0,555.0,1960.0,842.0,1,0,0,train,/content/dentex_crops/train/train_334_25.png
train_334.png,2872,1504,34,1671.0,818.0,1773.0,1170.0,1,0,0,train,/content/dentex_crops/train/train_334_34.png
train_334.png,2872,1504,15,1047.0,536.0,1178.0,841.0,1,0,0,train,/content/dentex_crops/train/train_334_15.png
train_334.png,2872,1504,14,1129.0,511.0,1262.0,819.0,1,0,0,train,/content/dentex_crops/train/train_334_14.png
train_116.png,3001,1316,27,1856.0,498.0,2023.0,778.0,1,0,0,train,/content/dentex_crops/train/train_116_27.png
train_639.png,2852,1316,14,1109.7272727272727,313.9090909090909,1206.090909090909,739.3636363636363,0,1,0,train,/content/dentex_crops/train/train_639_14.png
train_639.png,2852,1316,15,1044.2727272727273,317.5454545454545,1129.7272727272725,730.2727272727273,0,1,0,train,/content/dentex_crops/train/train_639_15.png
train_639.png,2852,1316,16,953.3636363636363,361.18181818181813,1071.5454545454545,704.8181818181818,1,0,0,train,/content/dentex_crops/train/train_639_16.png
train_639.png,2852,1316,17,840.6363636363635,381.18181818181813,962.4545454545454,668.4545454545454,1,0,0,train,/content/dentex_crops/train/train_639_17.png
train_639.png,2852,1316,24,1626.090909090909,359.36363636363626,1726.090909090909,742.9999999999999,0,1,0,train,/content/dentex_crops/train/train_639_24.png
train_639.png,2852,1316,37,1866.0,661.0,2095.181818181818,940.0,0,1,1,train,/content/dentex_crops/train/train_639_37.png
train_639.png,2852,1316,45,1045.2054794520548,739.7260273972603,1165.7534246575342,1052.054794520548,1,0,0,train,/content/dentex_crops/train/train_639_45.png
train_639.png,2852,1316,47,775.3424657534247,690.4109589041096,1012.3287671232877,957.5342465753425,0,1,0,train,/content/dentex_crops/train/train_639_47.png
train_639.png,2852,1316,48,669.8630136986302,642.4657534246576,915.068493150685,864.3835616438356,1,0,0,train,/content/dentex_crops/train/train_639_48.png
train_582.png,2977,1316,46,989.0,681.0,1149.0,859.0,0,1,0,train,/content/dentex_crops/train/train_582_46.png
train_582.png,2977,1316,16,917.0,413.0,1079.0,660.0,0,1,0,train,/content/dentex_crops/train/train_582_16.png
train_582.png,2977,1316,47,802.0,616.0,1036.0,860.0,1,0,0,train,/content/dentex_crops/train/train_582_47.png
train_582.png,2977,1316,36,1867.0,688.0,2044.0,907.0,0,1,0,train,/content/dentex_crops/train/train_582_36.png
train_582.png,2977,1316,37,1969.0,644.0,2181.0,903.0,0,1,0,train,/content/dentex_crops/train/train_582_37.png
train_582.png,2977,1316,38,2136.0,633.0,2310.0,864.0,1,0,0,train,/content/dentex_crops/train/train_582_38.png
train_582.png,2977,1316,26,1917.0,408.0,2081.0,675.0,1,0,0,train,/content/dentex_crops/train/train_582_26.png
train_259.png,2816,1316,17,868.0,297.53086419753083,995.358024691358,644.4444444444445,1,0,0,train,/content/dentex_crops/train/train_259_17.png
train_259.png,2816,1316,22,1465.6666666666665,402.0,1539.7407407407406,699.7654320987654,1,0,0,train,/content/dentex_crops/train/train_259_22.png
train_259.png,2816,1316,36,1754.2592592592591,621.4567901234567,1962.9012345679012,906.0,1,0,0,train,/content/dentex_crops/train/train_259_36.png
train_259.png,2816,1316,35,1654.0246913580245,656.0,1806.0,955.0,1,0,0,train,/content/dentex_crops/train/train_259_35.png
train_259.png,2816,1316,34,1580.2469135802469,665.4320987654321,1693.0,965.0,1,0,0,train,/content/dentex_crops/train/train_259_34.png
train_259.png,2816,1316,47,780.2469135802469,661.7283950617284,1050.6172839506173,898.7654320987654,1,0,0,train,/content/dentex_crops/train/train_259_47.png
train_442.png,2983,1316,27,1811.0,426.0,1947.0,714.0,1,0,0,train,/content/dentex_crops/train/train_442_27.png
train_122.png,2820,1316,16,806.0,365.44444444444446,982.3333333333334,707.1111111111112,0,1,0,train,/content/dentex_crops/train/train_122_16.png
train_478.png,2830,1316,23,1595.5714285714284,401.7857142857142,1740.2142857142856,757.142857142857,1,0,0,train,/content/dentex_crops/train/train_478_23.png
train_478.png,2830,1316,25,1774.1428571428569,423.21428571428567,1883.0714285714284,782.142857142857,1,0,0,train,/content/dentex_crops/train/train_478_25.png
train_478.png,2830,1316,27,2011.6428571428569,451.7857142857142,2156.285714285714,782.142857142857,1,0,0,train,/content/dentex_crops/train/train_478_27.png
train_478.png,2830,1316,28,2127.7142857142853,444.6428571428571,2240.2142857142853,778.5714285714284,1,0,0,train,/content/dentex_crops/train/train_478_28.png
train_478.png,2830,1316,36,1774.1428571428569,787.4999999999999,1988.4285714285713,1126.7857142857142,1,0,0,train,/content/dentex_crops/train/train_478_36.png
train_478.png,2830,1316,37,1925.3571428571427,789.642857142857,2136.0714285714284,1073.5714285714284,1,0,0,train,/content/dentex_crops/train/train_478_37.png
train_478.png,2830,1316,26,1854.0,471.0,2057.0,799.0,1,0,0,train,/content/dentex_crops/train/train_478_26.png
train_59.png,2862,1316,18,742.5742574257425,343.56435643564356,920.7920792079208,599.009900990099,1,0,0,train,/content/dentex_crops/train/train_59_18.png
train_59.png,2862,1316,28,1914.851485148515,324.7524752475247,2121.7821782178216,578.2178217821782,0,1,0,train,/content/dentex_crops/train/train_59_28.png
train_59.png,2862,1316,36,1740.0,648.0,1992.0,980.0,0,1,1,train,/content/dentex_crops/train/train_59_36.png
train_59.png,2862,1316,46,888.1188118811881,671.2871287128713,1093.069306930693,955.4455445544554,1,0,0,train,/content/dentex_crops/train/train_59_46.png
train_59.png,2862,1316,47,750.4950495049505,626.7326732673267,981.1881188118812,913.8613861386139,1,0,0,train,/content/dentex_crops/train/train_59_47.png
train_83.png,2872,1504,46,810.9090909090909,885.4545454545454,1072.7272727272727,1218.181818181818,1,0,0,test,/content/dentex_crops/test/train_83_46.png
train_83.png,2872,1504,15,1003.6363636363635,546.3636363636364,1113.6363636363635,848.1818181818181,0,1,0,test,/content/dentex_crops/test/train_83_15.png
train_83.png,2872,1504,37,2122.2727272727275,865.2892561983472,2363.595041322314,1183.4710743801654,1,0,0,test,/content/dentex_crops/test/train_83_37.png
train_83.png,2872,1504,12,1280.9917355371902,541.3223140495868,1412.396694214876,850.4132231404959,1,0,0,test,/content/dentex_crops/test/train_83_12.png
train_83.png,2872,1504,18,615.0,568.3333333333334,780.0,820.0,0,1,0,test,/content/dentex_crops/test/train_83_18.png
train_83.png,2872,1504,34,1749.0,891.0,1886.0,1214.0,0,1,0,test,/content/dentex_crops/test/train_83_34.png
train_83.png,2872,1504,23,1712.0,556.0,1833.0,880.0,1,0,0,test,/content/dentex_crops/test/train_83_23.png
train_349.png,2757,1316,16,831.081081081081,370.27027027027026,979.7297297297298,686.4864864864865,1,0,0,val,/content/dentex_crops/val/train_349_16.png
train_349.png,2757,1316,26,1793.805309734513,442.4778761061946,1914.159292035398,683.1858407079645,1,0,0,val,/content/dentex_crops/val/train_349_26.png
train_349.png,2757,1316,34,1577.87610619469,761.0619469026548,1680.5309734513273,1063.716814159292,0,1,0,val,/content/dentex_crops/val/train_349_34.png
train_349.png,2757,1316,35,1636.2831858407078,746.9026548672566,1770.7964601769909,1031.858407079646,1,0,0,val,/content/dentex_crops/val/train_349_35.png
train_349.png,2757,1316,36,1710.6194690265486,715.0442477876105,1945.0,1032.0,0,0,1,val,/content/dentex_crops/val/train_349_36.png
train_349.png,2757,1316,37,1830.9734513274334,693.8053097345132,2076.9911504424776,943.3628318584069,1,0,0,val,/content/dentex_crops/val/train_349_37.png
train_349.png,2757,1316,38,1946.017699115044,646.0176991150441,2153.097345132743,846.0176991150441,1,0,0,val,/content/dentex_crops/val/train_349_38.png
train_349.png,2757,1316,47,656.6371681415928,690.2654867256637,920.3539823008848,952.2123893805309,1,0,0,val,/content/dentex_crops/val/train_349_47.png
train_349.png,2757,1316,48,518.5840707964601,637.1681415929203,807.079646017699,851.3274336283185,1,0,0,val,/content/dentex_crops/val/train_349_48.png
train_626.png,2811,1316,18,613.7096774193549,389.0,766.9354838709678,695.9677419354839,1,0,0,train,/content/dentex_crops/train/train_626_18.png
train_626.png,2811,1316,26,1829.6451612903227,413.7096774193548,1987.7096774193549,718.5483870967741,1,0,0,train,/content/dentex_crops/train/train_626_26.png
train_626.png,2811,1316,28,2059.6774193548385,441.258064516129,2210.483870967742,679.1612903225806,0,1,0,train,/content/dentex_crops/train/train_626_28.png
train_74.png,2576,1504,46,664.0,857.0,894.0,1168.0,1,0,0,train,/content/dentex_crops/train/train_74_46.png
train_74.png,2576,1504,34,1311.0,912.0,1403.0,1198.0,1,0,0,train,/content/dentex_crops/train/train_74_34.png
train_74.png,2576,1504,47,509.0,825.0,763.0,1120.0,1,0,0,train,/content/dentex_crops/train/train_74_47.png
train_566.png,2856,1316,26,1781.0,550.0,1928.0,824.0,1,0,0,train,/content/dentex_crops/train/train_566_26.png
train_566.png,2856,1316,37,1897.0,791.0,2073.0,1052.0,1,0,0,train,/content/dentex_crops/train/train_566_37.png
train_566.png,2856,1316,12,1321.6216216216217,545.918918918919,1405.4054054054054,818.8918918918919,1,0,0,train,/content/dentex_crops/train/train_566_12.png
train_566.png,2856,1316,11,1375.6756756756756,537.8108108108108,1475.6756756756756,825.6486486486486,1,0,0,train,/content/dentex_crops/train/train_566_11.png
train_660.png,2939,1316,47,834.0,707.0,1033.0,996.0,1,0,0,train,/content/dentex_crops/train/train_660_47.png
train_526.png,2902,1316,15,1022.3300970873786,417.4757281553398,1131.0679611650485,757.2815533980582,1,0,0,val,/content/dentex_crops/val/train_526_15.png
train_526.png,2902,1316,16,911.6504854368932,444.6601941747573,1051.4563106796115,747.5728155339806,1,0,0,val,/content/dentex_crops/val/train_526_16.png
train_526.png,2902,1316,25,1750.4854368932038,411.6504854368932,1853.398058252427,751.4563106796116,1,0,0,val,/content/dentex_crops/val/train_526_25.png
train_526.png,2902,1316,35,1729.126213592233,765.0485436893204,1865.0485436893202,1087.378640776699,1,0,0,val,/content/dentex_crops/val/train_526_35.png
train_590.png,2954,1316,12,1245.698113207547,334.0188679245283,1351.3584905660377,691.0,0,1,0,train,/content/dentex_crops/train/train_590_12.png
train_590.png,2954,1316,13,1170.2264150943395,324.58490566037733,1281.5471698113206,696.2830188679245,1,0,0,train,/content/dentex_crops/train/train_590_13.png
train_590.png,2954,1316,16,889.0943396226414,388.7358490566038,1107.9622641509434,709.0,1,0,0,train,/content/dentex_crops/train/train_590_16.png
train_590.png,2954,1316,21,1428.7169811320755,307.60377358490564,1536.264150943396,683.0754716981131,1,0,0,train,/content/dentex_crops/train/train_590_21.png
train_590.png,2954,1316,22,1507.9622641509434,305.7169811320755,1617.3962264150944,673.6415094339623,1,0,0,train,/content/dentex_crops/train/train_590_22.png
train_590.png,2954,1316,48,741.9245283018868,694.0,955.132075471698,984.9622641509434,0,1,0,train,/content/dentex_crops/train/train_590_48.png
train_67.png,2872,1504,47,764.0,698.0,1004.0,979.0,0,1,1,val,/content/dentex_crops/val/train_67_47.png
train_67.png,2872,1504,46,843.0,765.0,1133.0,1072.0,1,0,1,val,/content/dentex_crops/val/train_67_46.png
train_67.png,2872,1504,45,1012.0,846.0,1204.0,1118.0,0,1,1,val,/content/dentex_crops/val/train_67_45.png
train_67.png,2872,1504,43,1245.0,840.0,1374.0,1155.0,1,0,0,val,/content/dentex_crops/val/train_67_43.png
train_67.png,2872,1504,34,1683.0,832.0,1891.0,1119.0,1,0,0,val,/content/dentex_crops/val/train_67_34.png
train_67.png,2872,1504,35,1760.0,799.0,1978.0,1085.0,1,0,0,val,/content/dentex_crops/val/train_67_35.png
train_67.png,2872,1504,36,1832.0,742.0,2152.0,1059.0,1,0,0,val,/content/dentex_crops/val/train_67_36.png
train_67.png,2872,1504,37,1979.0,672.0,2187.0,936.0,0,1,0,val,/content/dentex_crops/val/train_67_37.png
train_67.png,2872,1504,27,1994.6486486486488,421.64864864864865,2174.6486486486488,696.6486486486486,1,0,0,val,/content/dentex_crops/val/train_67_27.png
train_67.png,2872,1504,26,1856.0,445.0,2029.0,771.0,1,0,0,val,/content/dentex_crops/val/train_67_26.png
train_67.png,2872,1504,18,818.918918918919,458.1081081081081,920.2702702702703,716.2162162162163,0,1,0,val,/content/dentex_crops/val/train_67_18.png
train_321.png,2872,1504,26,1963.0,607.0,2103.0,882.0,0,1,0,val,/content/dentex_crops/val/train_321_26.png
train_321.png,2872,1504,37,2046.0,851.0,2274.0,1147.0,1,0,0,val,/content/dentex_crops/val/train_321_37.png
train_321.png,2872,1504,36,1904.0,876.0,2109.0,1188.0,1,0,0,val,/content/dentex_crops/val/train_321_36.png
train_321.png,2872,1504,46,883.0,858.0,1104.0,1161.0,1,0,0,val,/content/dentex_crops/val/train_321_46.png
train_321.png,2872,1504,47,717.0,833.0,969.0,1110.0,1,0,0,val,/content/dentex_crops/val/train_321_47.png
train_469.png,2979,1316,36,1776.0,723.0,2024.0,1000.0,0,0,1,train,/content/dentex_crops/train/train_469_36.png
train_320.png,2885,1316,17,895.2727272727273,358.4545454545454,1015.2727272727273,652.0,1,0,0,train,/content/dentex_crops/train/train_320_17.png
train_320.png,2885,1316,18,788.1818181818181,286.09090909090907,984.5454545454545,596.9999999999999,1,0,0,train,/content/dentex_crops/train/train_320_18.png
train_320.png,2885,1316,26,1795.272727272727,350.81818181818176,1935.272727272727,659.9090909090909,1,0,0,train,/content/dentex_crops/train/train_320_26.png
train_320.png,2885,1316,27,1895.4545454545453,303.9090909090909,2031.8181818181818,627.5454545454545,1,0,0,train,/content/dentex_crops/train/train_320_27.png
train_320.png,2885,1316,28,1987.9999999999998,302.9090909090909,2122.5454545454545,599.2727272727273,1,0,0,train,/content/dentex_crops/train/train_320_28.png
train_320.png,2885,1316,36,1746.3636363636363,664.8181818181818,2006.3636363636363,1013.9090909090908,1,0,0,train,/content/dentex_crops/train/train_320_36.png
train_396.png,2872,1504,26,1879.0,556.0,2044.0,886.0,1,0,0,train,/content/dentex_crops/train/train_396_26.png
train_396.png,2872,1504,27,2011.0,545.0,2173.0,869.0,1,0,0,train,/content/dentex_crops/train/train_396_27.png
train_396.png,2872,1504,25,1790.0,543.0,1915.0,890.0,1,0,0,train,/content/dentex_crops/train/train_396_25.png
train_396.png,2872,1504,36,1811.0,893.0,2024.0,1196.0,1,0,0,train,/content/dentex_crops/train/train_396_36.png
train_396.png,2872,1504,17,836.0,550.0,1023.0,857.0,1,0,0,train,/content/dentex_crops/train/train_396_17.png
train_396.png,2872,1504,15,1110.0,566.0,1227.0,890.0,1,0,0,train,/content/dentex_crops/train/train_396_15.png
train_396.png,2872,1504,46,972.0,892.0,1203.0,1189.0,1,0,0,train,/content/dentex_crops/train/train_396_46.png
train_20.png,2832,1316,46,921.0,762.0,1168.0,1088.0,1,0,0,train,/content/dentex_crops/train/train_20_46.png
train_20.png,2832,1316,36,1789.0,754.0,2022.0,1097.0,0,1,0,train,/content/dentex_crops/train/train_20_36.png
train_597.png,2723,1316,37,1752.0,708.0,1926.0,1006.0,1,0,0,train,/content/dentex_crops/train/train_597_37.png
train_597.png,2723,1316,36,1606.0,737.0,1832.0,1000.0,1,0,0,train,/content/dentex_crops/train/train_597_36.png
train_597.png,2723,1316,27,1822.340425531915,425.531914893617,1927.6595744680849,676.595744680851,0,1,0,train,/content/dentex_crops/train/train_597_27.png
train_535.png,2954,1316,46,981.0,685.0,1223.0,984.0,1,0,0,train,/content/dentex_crops/train/train_535_46.png
train_535.png,2954,1316,45,1122.0,751.0,1284.0,997.0,1,0,0,train,/content/dentex_crops/train/train_535_45.png
train_535.png,2954,1316,36,1851.0,684.0,2074.0,988.0,0,1,0,train,/content/dentex_crops/train/train_535_36.png
train_535.png,2954,1316,35,1790.0,728.0,1944.0,1019.0,0,1,0,train,/content/dentex_crops/train/train_535_35.png
train_535.png,2954,1316,26,1803.0,380.0,1945.0,667.0,1,0,0,train,/content/dentex_crops/train/train_535_26.png
train_535.png,2954,1316,44,1244.0,767.0,1338.0,1088.0,1,0,0,train,/content/dentex_crops/train/train_535_44.png
train_535.png,2954,1316,21,1482.0,439.0,1581.0,778.0,1,0,0,train,/content/dentex_crops/train/train_535_21.png
train_535.png,2954,1316,17,944.0,368.0,1113.0,657.0,1,0,0,train,/content/dentex_crops/train/train_535_17.png
train_215.png,2938,1316,17,881.896551724138,387.93103448275866,1018.9655172413794,673.2758620689656,1,0,0,train,/content/dentex_crops/train/train_215_17.png
train_215.png,2938,1316,36,1899.2125984251968,728.3464566929134,2155.11811023622,1064.5669291338584,1,0,0,train,/content/dentex_crops/train/train_215_36.png
train_215.png,2938,1316,46,814.1732283464567,706.2992125984252,1088.976377952756,1040.1574803149606,1,0,0,train,/content/dentex_crops/train/train_215_46.png
train_215.png,2938,1316,47,644.0944881889764,651.9685039370079,951.1811023622047,983.4645669291339,1,0,0,train,/content/dentex_crops/train/train_215_47.png
train_148.png,2872,1504,17,765.0,578.0,936.0,873.0,0,1,0,train,/content/dentex_crops/train/train_148_17.png
train_148.png,2872,1504,47,806.0,880.0,1001.0,1165.0,1,0,0,train,/content/dentex_crops/train/train_148_47.png
train_148.png,2872,1504,35,1787.0,954.0,1910.0,1154.0,0,1,0,train,/content/dentex_crops/train/train_148_35.png
train_148.png,2872,1504,45,1111.0,934.0,1209.0,1193.0,0,1,0,train,/content/dentex_crops/train/train_148_45.png
train_148.png,2872,1504,24,1762.0,586.0,1883.0,891.0,1,0,0,train,/content/dentex_crops/train/train_148_24.png
train_148.png,2872,1504,14,1134.0,620.0,1253.0,892.0,1,0,0,train,/content/dentex_crops/train/train_148_14.png
train_403.png,2512,1504,47,471.0,862.0,645.0,1243.0,1,0,0,train,/content/dentex_crops/train/train_403_47.png
train_403.png,2512,1504,35,1394.0,831.0,1530.0,1030.0,0,1,0,train,/content/dentex_crops/train/train_403_35.png
train_403.png,2512,1504,37,1652.0,780.0,1829.0,1114.0,1,0,0,train,/content/dentex_crops/train/train_403_37.png
train_403.png,2512,1504,45,761.0,838.0,888.0,1196.0,1,0,0,train,/content/dentex_crops/train/train_403_45.png
train_382.png,2820,1316,16,818.4444444444445,534.8888888888889,1000.0,808.0,1,0,0,test,/content/dentex_crops/test/train_382_16.png
train_382.png,2820,1316,33,1484.0,776.5555555555557,1581.0,1107.0,0,1,0,test,/content/dentex_crops/test/train_382_33.png
train_382.png,2820,1316,47,779.0,804.0,968.4444444444445,1119.0,1,0,0,test,/content/dentex_crops/test/train_382_47.png
train_50.png,2872,1504,36,1805.0,857.0,2034.0,1155.0,0,1,0,train,/content/dentex_crops/train/train_50_36.png
train_50.png,2872,1504,16,948.0,527.0,1122.0,837.0,1,0,0,train,/content/dentex_crops/train/train_50_16.png
train_50.png,2872,1504,45,1077.0,833.0,1205.0,1159.0,1,0,0,train,/content/dentex_crops/train/train_50_45.png
train_337.png,2872,1504,47,647.0,795.0,883.0,1050.0,1,0,0,test,/content/dentex_crops/test/train_337_47.png
train_337.png,2872,1504,37,2004.0,821.0,2290.0,1096.0,1,0,0,test,/content/dentex_crops/test/train_337_37.png
train_337.png,2872,1504,17,764.0,479.0,934.0,754.0,1,0,0,test,/content/dentex_crops/test/train_337_17.png
train_337.png,2872,1504,43,1100.0,857.0,1275.0,1169.0,1,0,0,test,/content/dentex_crops/test/train_337_43.png
train_406.png,2856,1316,47,774.0,646.0,1060.0,904.0,0,1,0,train,/content/dentex_crops/train/train_406_47.png
train_406.png,2856,1316,37,1853.0,653.0,2133.0,930.0,0,1,0,train,/content/dentex_crops/train/train_406_37.png
train_406.png,2856,1316,35,1626.0,742.0,1839.0,1013.0,0,1,1,train,/content/dentex_crops/train/train_406_35.png
train_406.png,2856,1316,36,1698.0,673.0,1964.0,939.0,0,1,0,train,/content/dentex_crops/train/train_406_36.png
train_406.png,2856,1316,48,649.0,581.0,920.0,805.0,0,1,0,train,/content/dentex_crops/train/train_406_48.png
train_24.png,2980,1316,26,1761.3333333333333,485.3333333333333,1890.6666666666667,810.6666666666666,1,0,0,train,/content/dentex_crops/train/train_24_26.png
train_552.png,1976,976,15,715.0858895705521,312.7239263803681,788.0,502.90797546012266,1,0,0,train,/content/dentex_crops/train/train_552_15.png
train_552.png,1976,976,26,1172.5868725868727,308.1081081081081,1261.0038610038612,495.75289575289577,1,0,0,train,/content/dentex_crops/train/train_552_26.png
train_552.png,1976,976,38,1297.3166023166025,454.984555984556,1474.92277992278,641.4710424710426,1,0,0,train,/content/dentex_crops/train/train_552_38.png
train_387.png,2731,1316,16,800.0,456.89655172413796,944.8275862068966,786.2068965517242,1,0,0,test,/content/dentex_crops/test/train_387_16.png
train_387.png,2731,1316,25,1648.2758620689656,451.72413793103453,1744.8275862068967,750.0,0,1,0,test,/content/dentex_crops/test/train_387_25.png
train_387.png,2731,1316,26,1718.9655172413795,437.93103448275866,1851.7241379310346,755.1724137931035,1,0,0,test,/content/dentex_crops/test/train_387_26.png
train_387.png,2731,1316,34,1551.7241379310346,770.6896551724138,1655.1724137931035,1103.448275862069,1,0,0,test,/content/dentex_crops/test/train_387_34.png
train_387.png,2731,1316,35,1636.2068965517242,775.8620689655173,1736.2068965517242,1103.448275862069,1,0,0,test,/content/dentex_crops/test/train_387_35.png
train_387.png,2731,1316,36,1705.0,767.0,1889.0,1085.0,0,1,1,test,/content/dentex_crops/test/train_387_36.png
train_387.png,2731,1316,37,1822.4137931034484,737.9310344827587,2031.034482758621,1036.2068965517242,0,1,0,test,/content/dentex_crops/test/train_387_37.png
train_387.png,2731,1316,47,720.6896551724138,784.4827586206898,987.9310344827587,1072.4137931034484,1,0,0,test,/content/dentex_crops/test/train_387_47.png
train_206.png,2917,1316,37,1953.0,734.0,2163.0,937.0,0,1,0,test,/content/dentex_crops/test/train_206_37.png
train_206.png,2917,1316,47,767.75,696.0,992.75,992.0,1,0,0,test,/content/dentex_crops/test/train_206_47.png
train_73.png,2900,1316,16,1041.304347826087,440.2173913043478,1163.0434782608695,746.7391304347826,1,0,0,train,/content/dentex_crops/train/train_73_16.png
train_73.png,2900,1316,17,940.2173913043478,425.0,1068.4782608695652,742.391304347826,0,1,0,train,/content/dentex_crops/train/train_73_17.png
train_100.png,2872,1504,23,1627.0,466.0,1723.0,868.0,1,0,0,train,/content/dentex_crops/train/train_100_23.png
train_100.png,2872,1504,22,1570.0,537.0,1644.0,861.0,1,0,0,train,/content/dentex_crops/train/train_100_22.png
train_100.png,2872,1504,46,987.0,838.0,1254.0,1148.0,1,0,0,train,/content/dentex_crops/train/train_100_46.png
train_100.png,2872,1504,16,1050.0,499.0,1215.0,834.0,1,0,0,train,/content/dentex_crops/train/train_100_16.png
train_100.png,2872,1504,26,1805.0,512.0,1973.0,825.0,1,0,0,train,/content/dentex_crops/train/train_100_26.png
train_100.png,2872,1504,36,1760.0,835.0,2120.0,1150.0,0,0,1,train,/content/dentex_crops/train/train_100_36.png
train_100.png,2872,1504,37,1862.0,801.0,2129.0,1071.0,1,0,0,train,/content/dentex_crops/train/train_100_37.png
train_100.png,2872,1504,43,1315.0,872.0,1465.0,1319.0,0,0,1,train,/content/dentex_crops/train/train_100_43.png
train_106.png,2990,1316,36,1793.0,717.0,2027.0,1031.0,1,0,0,train,/content/dentex_crops/train/train_106_36.png
train_594.png,2872,1504,16,997.0,553.0,1158.0,848.0,0,1,0,train,/content/dentex_crops/train/train_594_16.png
train_594.png,2872,1504,48,728.0,803.0,956.0,1042.0,1,0,0,train,/content/dentex_crops/train/train_594_48.png
train_594.png,2872,1504,28,2010.0,515.0,2192.0,793.0,0,1,0,train,/content/dentex_crops/train/train_594_28.png
train_459.png,2872,1316,35,1678.0,635.0,1882.0,1001.0,0,0,1,train,/content/dentex_crops/train/train_459_35.png
train_459.png,2872,1316,36,1740.0,602.0,2014.0,930.0,1,0,0,train,/content/dentex_crops/train/train_459_36.png
train_459.png,2872,1316,47,781.0,613.0,1079.0,899.0,1,0,0,train,/content/dentex_crops/train/train_459_47.png
train_459.png,2872,1316,18,798.0,285.0,979.0,584.0,1,0,0,train,/content/dentex_crops/train/train_459_18.png
train_459.png,2872,1316,26,1680.0,322.0,1829.0,621.0,1,0,0,train,/content/dentex_crops/train/train_459_26.png
train_459.png,2872,1316,28,1810.0,280.0,2034.0,548.0,1,0,0,train,/content/dentex_crops/train/train_459_28.png
train_459.png,2872,1316,17,891.0,319.0,1044.0,642.0,1,0,0,train,/content/dentex_crops/train/train_459_17.png
train_459.png,2872,1316,37,1870.0,552.0,2128.0,835.0,1,0,0,train,/content/dentex_crops/train/train_459_37.png
train_377.png,2973,1316,43,1282.0,774.0,1394.0,1066.0,1,0,0,train,/content/dentex_crops/train/train_377_43.png
train_377.png,2973,1316,14,1227.433628318584,480.5309734513274,1323.8938053097345,759.29203539823,1,0,0,train,/content/dentex_crops/train/train_377_14.png
train_164.png,2798,1316,16,917.0714285714284,251.78571428571422,1065.2857142857142,598.2142857142857,1,0,0,val,/content/dentex_crops/val/train_164_16.png
train_164.png,2798,1316,26,1699.2142857142856,248.21428571428567,1859.9285714285713,594.6428571428571,1,0,0,val,/content/dentex_crops/val/train_164_26.png
train_164.png,2798,1316,36,1744.5714285714284,655.0714285714284,1919.5714285714284,905.0714285714284,0,1,0,val,/content/dentex_crops/val/train_164_36.png
train_142.png,2993,1316,47,920.0,695.0,1155.0,954.0,1,0,0,test,/content/dentex_crops/test/train_142_47.png
train_2.png,2872,1504,17,795.0,582.0,960.0,895.0,1,0,0,train,/content/dentex_crops/train/train_2_17.png
train_2.png,2872,1504,36,1791.0,900.0,2042.0,1215.0,1,0,0,train,/content/dentex_crops/train/train_2_36.png
train_439.png,2872,1504,18,637.0,652.0,782.0,936.0,1,0,0,test,/content/dentex_crops/test/train_439_18.png
train_439.png,2872,1504,27,2133.0,600.0,2275.0,870.0,1,0,0,test,/content/dentex_crops/test/train_439_27.png
train_439.png,2872,1504,42,1344.0,843.0,1439.0,1115.0,1,0,0,test,/content/dentex_crops/test/train_439_42.png
train_439.png,2872,1504,22,1656.0,532.0,1777.0,830.0,1,0,0,test,/content/dentex_crops/test/train_439_22.png
train_638.png,2972,1316,26,1782.0,360.43396226415086,1898.9811320754716,694.3962264150942,1,0,0,train,/content/dentex_crops/train/train_638_26.png
train_638.png,2972,1316,28,1967.9056603773583,371.754716981132,2088.6603773584907,677.4150943396226,1,0,0,train,/content/dentex_crops/train/train_638_28.png
train_638.png,2972,1316,36,1745.264150943396,724.0,1933.943396226415,1077.4150943396226,1,0,0,train,/content/dentex_crops/train/train_638_36.png
train_638.png,2972,1316,37,1852.811320754717,700.0566037735848,2077.3396226415093,1001.943396226415,1,0,0,train,/content/dentex_crops/train/train_638_37.png
train_638.png,2972,1316,38,1967.9056603773583,649.1132075471697,2196.2075471698113,945.3396226415093,1,0,0,train,/content/dentex_crops/train/train_638_38.png
train_306.png,2954,1316,36,1757.0,541.0,2011.0,870.0,0,0,1,train,/content/dentex_crops/train/train_306_36.png
train_6.png,2835,1316,32,1460.0,723.0,1540.0,1029.0,1,0,0,train,/content/dentex_crops/train/train_6_32.png
train_6.png,2835,1316,31,1410.0,733.0,1473.0,1011.0,1,0,0,train,/content/dentex_crops/train/train_6_31.png
train_6.png,2835,1316,42,1317.0,712.0,1377.0,1005.0,1,0,0,train,/content/dentex_crops/train/train_6_42.png
train_6.png,2835,1316,41,1370.0,712.0,1430.0,1014.0,0,1,0,train,/content/dentex_crops/train/train_6_41.png
train_146.png,1976,976,18,484.5360824742268,271.1340206185567,581.4432989690722,498.96907216494844,1,0,0,test,/content/dentex_crops/test/train_146_18.png
train_146.png,1976,976,26,1211.377245508982,308.9820359281437,1300.0,521.556886227545,1,0,0,test,/content/dentex_crops/test/train_146_26.png
train_146.png,1976,976,33,1030.6666666666667,548.0,1097.3333333333333,782.0,1,0,0,test,/content/dentex_crops/test/train_146_33.png
train_146.png,1976,976,34,1070.0,538.0,1150.6666666666667,768.6666666666666,1,0,0,test,/content/dentex_crops/test/train_146_34.png
train_146.png,1976,976,37,1234.6666666666667,504.6666666666667,1416.0,690.0,1,0,0,test,/content/dentex_crops/test/train_146_37.png
train_146.png,1976,976,47,494.2857142857143,513.3333333333333,665.7142857142857,709.5238095238095,1,0,0,test,/content/dentex_crops/test/train_146_47.png
train_237.png,2884,1504,36,1937.0,853.0,2239.0,1169.0,1,0,0,train,/content/dentex_crops/train/train_237_36.png
train_237.png,2884,1504,16,838.0,553.0,1024.0,874.0,1,0,0,train,/content/dentex_crops/train/train_237_16.png
train_237.png,2884,1504,14,1076.0,605.0,1200.0,917.0,1,0,0,train,/content/dentex_crops/train/train_237_14.png
train_237.png,2884,1504,46,750.0,870.0,1063.0,1183.0,1,0,0,train,/content/dentex_crops/train/train_237_46.png
train_237.png,2884,1504,47,606.0,811.0,900.0,1116.0,1,0,0,train,/content/dentex_crops/train/train_237_47.png
train_652.png,2872,1504,45,1095.0,847.0,1210.0,1172.0,1,0,0,train,/content/dentex_crops/train/train_652_45.png
train_652.png,2872,1504,18,867.0,562.0,1027.0,840.0,1,0,0,train,/content/dentex_crops/train/train_652_18.png
train_652.png,2872,1504,17,988.0,581.0,1140.0,856.0,0,1,0,train,/content/dentex_crops/train/train_652_17.png
train_652.png,2872,1504,14,1182.0,561.0,1286.0,840.0,1,0,0,train,/content/dentex_crops/train/train_652_14.png
train_652.png,2872,1504,27,1977.0,586.0,2130.0,855.0,1,0,0,train,/content/dentex_crops/train/train_652_27.png
train_461.png,2833,1316,16,882.0,382.0,1048.0,697.0,1,0,0,train,/content/dentex_crops/train/train_461_16.png
train_461.png,2833,1316,27,1922.0,381.0,2075.777777777778,660.0,1,0,0,train,/content/dentex_crops/train/train_461_27.png
train_461.png,2833,1316,36,1707.0,698.8888888888889,1944.111111111111,973.8888888888889,1,0,0,train,/content/dentex_crops/train/train_461_36.png
train_461.png,2833,1316,47,779.6666666666667,682.1111111111112,976.0,979.0,0,1,0,train,/content/dentex_crops/train/train_461_47.png
train_461.png,2833,1316,24,1659.0,436.0,1744.0,648.0,0,1,0,train,/content/dentex_crops/train/train_461_24.png
train_473.png,2969,1316,37,1842.0,611.0,2110.0,910.0,1,0,0,val,/content/dentex_crops/val/train_473_37.png
train_473.png,2969,1316,48,725.0,524.0,1052.0,778.0,1,0,0,val,/content/dentex_crops/val/train_473_48.png
train_473.png,2969,1316,34,1643.0,729.0,1783.0,1029.0,1,0,0,val,/content/dentex_crops/val/train_473_34.png
train_473.png,2969,1316,28,1893.0555555555557,301.05555555555554,2000.0,571.8888888888889,0,1,0,val,/content/dentex_crops/val/train_473_28.png
train_381.png,2950,1316,45,1163.0,822.0,1269.0,1032.0,0,1,0,train,/content/dentex_crops/train/train_381_45.png
train_381.png,2950,1316,37,1835.0,662.0,2068.0,946.0,1,0,0,train,/content/dentex_crops/train/train_381_37.png
train_361.png,2799,1316,18,654.0,460.0,834.0,732.0,0,1,0,train,/content/dentex_crops/train/train_361_18.png
train_361.png,2799,1316,17,768.0,490.0,908.0,751.0,1,0,0,train,/content/dentex_crops/train/train_361_17.png
train_361.png,2799,1316,36,1728.0,814.0,1938.0,1123.0,1,0,0,train,/content/dentex_crops/train/train_361_36.png
train_361.png,2799,1316,14,1098.0,469.0,1230.0,776.0,1,0,0,train,/content/dentex_crops/train/train_361_14.png
train_651.png,2872,1504,46,880.0,865.0,1105.0,1195.0,0,1,0,train,/content/dentex_crops/train/train_651_46.png
train_651.png,2872,1504,16,898.0,538.0,1046.0,868.0,1,0,0,train,/content/dentex_crops/train/train_651_16.png
train_651.png,2872,1504,36,1898.0,856.0,2119.0,1172.0,0,1,0,train,/content/dentex_crops/train/train_651_36.png
train_651.png,2872,1504,26,1965.0,525.0,2119.0,852.0,1,0,0,train,/content/dentex_crops/train/train_651_26.png
train_691.png,2827,1316,37,1838.0,707.0,2035.0,944.0,1,0,0,train,/content/dentex_crops/train/train_691_37.png
train_691.png,2827,1316,36,1737.0,790.0,1937.0,1023.0,0,1,1,train,/content/dentex_crops/train/train_691_36.png
train_691.png,2827,1316,16,1006.2015503875969,545.7364341085271,1184.4961240310076,813.953488372093,1,0,0,train,/content/dentex_crops/train/train_691_16.png
train_691.png,2827,1316,27,1828.9473684210527,568.6842105263158,1919.7368421052631,781.8421052631579,1,0,0,train,/content/dentex_crops/train/train_691_27.png
train_351.png,2872,1504,48,634.0,884.0,889.0,1117.0,1,0,0,test,/content/dentex_crops/test/train_351_48.png
train_351.png,2872,1504,26,1832.0,601.0,2008.0,898.0,1,0,0,test,/content/dentex_crops/test/train_351_26.png
train_351.png,2872,1504,15,1089.0,608.0,1201.0,896.0,1,0,0,test,/content/dentex_crops/test/train_351_15.png
train_351.png,2872,1504,47,783.0,901.0,1032.0,1200.0,1,0,0,test,/content/dentex_crops/test/train_351_47.png
train_351.png,2872,1504,46,962.0,906.0,1165.0,1218.0,1,0,0,test,/content/dentex_crops/test/train_351_46.png
train_351.png,2872,1504,25,1733.0,556.0,1866.0,883.0,1,0,0,test,/content/dentex_crops/test/train_351_25.png
train_351.png,2872,1504,36,1819.0,894.0,2030.0,1219.0,1,0,0,test,/content/dentex_crops/test/train_351_36.png
train_351.png,2872,1504,37,1958.0,884.0,2173.0,1172.0,1,0,0,test,/content/dentex_crops/test/train_351_37.png
train_351.png,2872,1504,34,1655.0,888.0,1753.0,1204.0,1,0,0,test,/content/dentex_crops/test/train_351_34.png
train_76.png,2872,1504,37,1916.0,958.0,2119.0,1201.0,1,0,0,val,/content/dentex_crops/val/train_76_37.png
train_76.png,2872,1504,27,1946.0,690.0,2121.0,958.0,1,0,0,val,/content/dentex_crops/val/train_76_27.png
train_76.png,2872,1504,36,1762.0,942.0,2018.0,1247.0,0,0,1,val,/content/dentex_crops/val/train_76_36.png
train_236.png,2698,1316,16,896.3898305084746,398.0,1062.0,680.0,1,0,0,test,/content/dentex_crops/test/train_236_16.png
train_236.png,2698,1316,26,1709.0,410.9661016949153,1851.9322033898306,691.0,1,0,0,test,/content/dentex_crops/test/train_236_26.png
train_532.png,2868,1504,18,780.0,577.0,874.0,724.0,0,1,0,train,/content/dentex_crops/train/train_532_18.png
train_532.png,2868,1504,17,862.0,555.0,991.0,804.0,0,1,0,train,/content/dentex_crops/train/train_532_17.png
train_532.png,2868,1504,14,1164.0,560.0,1246.0,771.0,0,1,0,train,/content/dentex_crops/train/train_532_14.png
train_532.png,2868,1504,38,2098.0,788.0,2300.0,972.0,0,1,0,train,/content/dentex_crops/train/train_532_38.png
train_532.png,2868,1504,47,803.0,810.0,1009.0,1083.0,1,0,0,train,/content/dentex_crops/train/train_532_47.png
train_532.png,2868,1504,35,1722.0,836.0,1853.0,1151.0,1,0,0,train,/content/dentex_crops/train/train_532_35.png
train_226.png,2884,1504,47,633.0,730.0,922.0,1016.0,1,0,0,train,/content/dentex_crops/train/train_226_47.png
train_226.png,2884,1504,35,1720.0,830.0,1892.0,1169.0,1,0,0,train,/content/dentex_crops/train/train_226_35.png
train_226.png,2884,1504,34,1652.0,848.0,1780.0,1174.0,1,0,0,train,/content/dentex_crops/train/train_226_34.png
train_379.png,2820,1316,17,806.1728395061727,330.8641975308642,943.2098765432098,646.9135802469135,1,0,0,test,/content/dentex_crops/test/train_379_17.png
train_379.png,2820,1316,35,1635.8024691358023,749.3827160493827,1820.9876543209875,1070.3703703703702,1,0,0,test,/content/dentex_crops/test/train_379_35.png
train_379.png,2820,1316,37,1835.8024691358023,659.2592592592592,2112.3456790123455,949.3827160493827,1,0,0,test,/content/dentex_crops/test/train_379_37.png
train_379.png,2820,1316,44,1185.1851851851852,780.2469135802469,1279.0123456790122,1100.0,1,0,0,test,/content/dentex_crops/test/train_379_44.png
train_379.png,2820,1316,47,746.9135802469135,667.9012345679012,1011.1111111111111,998.7654320987654,1,0,0,test,/content/dentex_crops/test/train_379_47.png
train_486.png,2921,1316,28,2152.0,302.0,2282.0,591.0,1,0,0,val,/content/dentex_crops/val/train_486_28.png
train_486.png,2921,1316,38,2062.0,588.0,2346.0,870.0,1,0,0,val,/content/dentex_crops/val/train_486_38.png
train_132.png,2819,1316,43,1149.0,643.0,1290.0,975.0,1,0,0,test,/content/dentex_crops/test/train_132_43.png
train_132.png,2819,1316,36,1723.4242424242423,551.0,2019.4242424242423,881.0,1,0,0,test,/content/dentex_crops/test/train_132_36.png
train_239.png,2955,1316,16,938.3529411764705,240.94117647058818,1088.3529411764705,587.9999999999999,1,0,0,test,/content/dentex_crops/test/train_239_16.png
train_239.png,2955,1316,17,800.1176470588234,223.29411764705878,964.8235294117646,567.4117647058823,1,0,0,test,/content/dentex_crops/test/train_239_17.png
train_239.png,2955,1316,27,1970.705882352941,240.94117647058818,2173.6470588235293,576.235294117647,1,0,0,test,/content/dentex_crops/test/train_239_27.png
train_239.png,2955,1316,38,2016.705882352941,515.235294117647,2354.9411764705883,829.9411764705881,1,0,0,test,/content/dentex_crops/test/train_239_38.png
train_239.png,2955,1316,47,770.7058823529411,564.470588235294,1041.2941176470588,926.2352941176471,0,1,0,test,/content/dentex_crops/test/train_239_47.png
train_239.png,2955,1316,48,608.9411764705882,529.1764705882352,914.0,817.4117647058822,1,0,0,test,/content/dentex_crops/test/train_239_48.png
train_375.png,2872,1504,45,1123.0,810.0,1210.0,1082.0,0,1,0,train,/content/dentex_crops/train/train_375_45.png
train_375.png,2872,1504,14,1181.0,478.0,1247.0,747.0,1,0,0,train,/content/dentex_crops/train/train_375_14.png
train_375.png,2872,1504,44,1206.0,819.0,1281.0,1081.0,1,0,0,train,/content/dentex_crops/train/train_375_44.png
train_190.png,2863,1316,48,701.0,675.0,866.0,825.0,0,1,0,train,/content/dentex_crops/train/train_190_48.png
train_190.png,2863,1316,47,740.0,671.0,1044.0,980.0,0,1,0,train,/content/dentex_crops/train/train_190_47.png
train_190.png,2863,1316,34,1700.0,747.0,1780.0,960.0,0,1,0,train,/content/dentex_crops/train/train_190_34.png
train_190.png,2863,1316,37,1964.0,667.0,2169.0,931.0,1,0,0,train,/content/dentex_crops/train/train_190_37.png
train_190.png,2863,1316,36,1854.0,692.0,2062.0,999.0,1,0,0,train,/content/dentex_crops/train/train_190_36.png
train_190.png,2863,1316,35,1761.0,728.0,1874.0,1018.0,1,0,0,train,/content/dentex_crops/train/train_190_35.png
train_190.png,2863,1316,45,1101.969696969697,676.969696969697,1232.969696969697,980.969696969697,1,0,0,train,/content/dentex_crops/train/train_190_45.png
train_190.png,2863,1316,21,1486.0,391.0,1593.0,705.0,1,0,0,train,/content/dentex_crops/train/train_190_21.png
train_190.png,2863,1316,17,743.0,338.0,962.0,646.0,1,0,0,train,/content/dentex_crops/train/train_190_17.png
train_190.png,2863,1316,25,1818.0,379.0,1926.0,700.0,1,0,0,train,/content/dentex_crops/train/train_190_25.png
train_190.png,2863,1316,24,1736.0,394.0,1854.0,696.0,0,1,0,train,/content/dentex_crops/train/train_190_24.png
train_190.png,2863,1316,26,1907.5471698113206,422.2830188679245,2003.7735849056603,663.7924528301886,0,1,0,train,/content/dentex_crops/train/train_190_26.png
train_190.png,2863,1316,27,2000.0,450.58490566037733,2177.3584905660377,656.2452830188679,0,1,0,train,/content/dentex_crops/train/train_190_27.png
train_190.png,2863,1316,18,647.1698113207547,390.2075471698113,816.9811320754717,620.3962264150942,0,1,0,train,/content/dentex_crops/train/train_190_18.png
train_190.png,2863,1316,16,929.3333333333334,432.0,1042.6666666666667,576.0,0,1,0,train,/content/dentex_crops/train/train_190_16.png
train_697.png,2428,1504,26,1480.0,508.0,1643.0,853.0,1,0,0,train,/content/dentex_crops/train/train_697_26.png
train_697.png,2428,1504,35,1301.0,855.0,1482.0,1082.0,1,0,0,train,/content/dentex_crops/train/train_697_35.png
train_697.png,2428,1504,25,1392.0,505.0,1496.0,843.0,1,0,0,train,/content/dentex_crops/train/train_697_25.png
train_697.png,2428,1504,15,668.0,478.66666666666674,776.3333333333334,828.6666666666667,1,0,0,train,/content/dentex_crops/train/train_697_15.png
train_77.png,2872,1504,38,2097.0,733.0,2363.0,971.0,1,0,0,train,/content/dentex_crops/train/train_77_38.png
train_77.png,2872,1504,27,2042.0,506.0,2193.0,795.0,1,0,0,train,/content/dentex_crops/train/train_77_27.png
train_77.png,2872,1504,26,1882.0,509.0,2088.0,804.0,1,0,0,train,/content/dentex_crops/train/train_77_26.png
train_77.png,2872,1504,32,1513.0,778.0,1636.0,1082.0,0,0,1,train,/content/dentex_crops/train/train_77_32.png
train_77.png,2872,1504,16,972.0,544.0,1092.0,718.0,0,1,0,train,/content/dentex_crops/train/train_77_16.png
train_77.png,2872,1504,17,841.0,476.0,1014.0,767.0,1,0,0,train,/content/dentex_crops/train/train_77_17.png
train_77.png,2872,1504,33,1617.0,777.2307692307692,1722.7692307692307,1134.923076923077,0,0,1,train,/content/dentex_crops/train/train_77_33.png
train_168.png,2868,1504,32,1563.0,884.0,1676.0,1184.0,0,0,1,test,/content/dentex_crops/test/train_168_32.png
train_168.png,2868,1504,37,1977.0,859.0,2240.0,1173.0,1,0,0,test,/content/dentex_crops/test/train_168_37.png
train_168.png,2868,1504,36,1854.0,878.0,2071.0,1189.0,1,0,0,test,/content/dentex_crops/test/train_168_36.png
train_168.png,2868,1504,28,2032.0,533.0,2203.0,815.0,1,0,0,test,/content/dentex_crops/test/train_168_28.png
train_168.png,2868,1504,17,898.0,491.0,1058.0,812.0,1,0,0,test,/content/dentex_crops/test/train_168_17.png
train_168.png,2868,1504,46,988.0,859.0,1200.0,1181.0,1,0,0,test,/content/dentex_crops/test/train_168_46.png
train_168.png,2868,1504,43,1312.0,854.0,1423.0,1196.0,1,0,0,test,/content/dentex_crops/test/train_168_43.png
train_168.png,2868,1504,26,1842.0,531.0,2015.0,829.0,1,0,0,test,/content/dentex_crops/test/train_168_26.png
train_168.png,2868,1504,31,1510.9589041095892,902.7397260273973,1594.5205479452054,1169.86301369863,0,0,1,test,/content/dentex_crops/test/train_168_31.png
train_168.png,2868,1504,41,1473.972602739726,902.7397260273973,1531.5068493150686,1145.2054794520548,0,0,1,test,/content/dentex_crops/test/train_168_41.png
train_168.png,2868,1504,42,1416.4383561643835,900.0,1478.0821917808219,1139.7260273972604,0,0,1,test,/content/dentex_crops/test/train_168_42.png
train_425.png,2844,1316,38,1990.0714285714284,690.0714285714284,2165.0714285714284,974.0,1,0,0,train,/content/dentex_crops/train/train_425_38.png
train_425.png,2844,1316,47,741.0,738.2857142857142,984.7142857142857,1031.142857142857,0,1,0,train,/content/dentex_crops/train/train_425_47.png
train_425.png,2844,1316,48,623.9999999999999,700.7857142857142,818.6428571428571,997.2142857142856,1,0,0,train,/content/dentex_crops/train/train_425_48.png
train_414.png,2855,1316,37,1853.0,699.0,2102.0,949.0,1,0,0,train,/content/dentex_crops/train/train_414_37.png
train_414.png,2855,1316,27,1911.111111111111,467.8888888888889,2037.7777777777778,701.2222222222222,0,1,0,train,/content/dentex_crops/train/train_414_27.png
train_414.png,2855,1316,25,1749.0566037735848,486.43396226415086,1854.7169811320755,737.3773584905659,1,0,0,train,/content/dentex_crops/train/train_414_25.png
train_267.png,2858,1316,46,877.0,686.0,1082.0,969.0,0,1,1,train,/content/dentex_crops/train/train_267_46.png
train_267.png,2858,1316,26,1801.0,347.0,1938.0,672.0,0,1,0,train,/content/dentex_crops/train/train_267_26.png
train_267.png,2858,1316,12,1226.0,346.0,1341.0,687.0,0,1,0,train,/content/dentex_crops/train/train_267_12.png
train_448.png,2765,1316,16,858.3333333333334,382.25,1014.5833333333334,684.3333333333334,1,0,0,train,/content/dentex_crops/train/train_448_16.png
train_448.png,2765,1316,46,827.0833333333334,701.0,1066.6666666666667,1009.3333333333335,1,0,0,train,/content/dentex_crops/train/train_448_46.png
train_448.png,2765,1316,47,677.0833333333334,694.75,908.3333333333334,955.1666666666667,0,1,0,train,/content/dentex_crops/train/train_448_47.png
train_8.png,2872,1504,18,614.0,596.0,801.0,830.0,0,1,0,val,/content/dentex_crops/val/train_8_18.png
train_8.png,2872,1504,36,1925.0,805.0,2166.0,1158.0,1,0,0,val,/content/dentex_crops/val/train_8_36.png
train_8.png,2872,1504,37,2076.0,802.0,2308.0,1145.0,1,0,0,val,/content/dentex_crops/val/train_8_37.png
train_144.png,2868,1504,45,1141.0,905.0,1274.0,1210.0,1,0,0,val,/content/dentex_crops/val/train_144_45.png
train_144.png,2868,1504,44,1233.0,911.0,1331.0,1216.0,1,0,0,val,/content/dentex_crops/val/train_144_44.png
train_144.png,2868,1504,37,1899.0,867.0,2117.0,1124.0,1,0,0,val,/content/dentex_crops/val/train_144_37.png
train_144.png,2868,1504,26,1833.0,581.0,1989.0,869.0,1,0,0,val,/content/dentex_crops/val/train_144_26.png
train_144.png,2868,1504,24,1691.7755200774068,561.566037735849,1769.1340106434445,857.7924528301886,1,0,0,val,/content/dentex_crops/val/train_144_24.png
train_144.png,2868,1504,15,1100.0,584.2075471698113,1192.4528301886792,872.8867924528302,1,0,0,val,/content/dentex_crops/val/train_144_15.png
train_208.png,2868,1504,38,2085.0,755.0,2318.0,998.0,1,0,0,test,/content/dentex_crops/test/train_208_38.png
train_208.png,2868,1504,37,1971.0,818.0,2226.0,1103.0,1,0,0,test,/content/dentex_crops/test/train_208_37.png
train_208.png,2868,1504,34,1687.0,922.0,1826.0,1191.0,1,0,0,test,/content/dentex_crops/test/train_208_34.png
train_208.png,2868,1504,33,1613.0,916.0,1700.0,1245.0,1,0,0,test,/content/dentex_crops/test/train_208_33.png
train_96.png,2868,1504,24,1711.0,439.0,1827.0,760.0,1,0,0,val,/content/dentex_crops/val/train_96_24.png
train_96.png,2868,1504,46,895.0,761.0,1106.0,1077.0,1,0,0,val,/content/dentex_crops/val/train_96_46.png
train_503.png,2868,1504,18,688.0,473.0,921.0,758.0,0,1,0,train,/content/dentex_crops/train/train_503_18.png
train_503.png,2868,1504,16,963.0,486.0,1124.0,833.0,1,0,0,train,/content/dentex_crops/train/train_503_16.png
train_503.png,2868,1504,37,2050.0,743.0,2328.0,1076.0,1,0,0,train,/content/dentex_crops/train/train_503_37.png
train_503.png,2868,1504,46,875.0,825.0,1111.0,1169.0,1,0,1,train,/content/dentex_crops/train/train_503_46.png
train_503.png,2868,1504,25,1809.0,474.0,1920.0,849.0,1,0,0,train,/content/dentex_crops/train/train_503_25.png
train_503.png,2868,1504,24,1716.0,506.0,1836.0,855.0,1,0,0,train,/content/dentex_crops/train/train_503_24.png
train_282.png,2796,1316,46,884.0,761.0,1126.0,1053.0,1,0,0,val,/content/dentex_crops/val/train_282_46.png
train_282.png,2796,1316,17,797.0,461.0,990.0,707.0,1,0,0,val,/content/dentex_crops/val/train_282_17.png
train_282.png,2796,1316,16,930.0,486.0,1125.0,750.0,1,0,0,val,/content/dentex_crops/val/train_282_16.png
train_282.png,2796,1316,36,1627.0,764.0,1887.0,1059.0,1,0,0,val,/content/dentex_crops/val/train_282_36.png
train_282.png,2796,1316,26,1688.0,452.0,1891.0,737.0,1,0,0,val,/content/dentex_crops/val/train_282_26.png
train_282.png,2796,1316,14,1130.0,482.0,1272.0,762.0,1,0,0,val,/content/dentex_crops/val/train_282_14.png
train_99.png,2840,1316,18,764.9491525423729,541.6779661016949,922.0,802.6949152542373,1,0,0,train,/content/dentex_crops/train/train_99_18.png
train_99.png,2840,1316,23,1583.8983050847457,490.67796610169495,1675.4237288135594,794.0677966101696,1,0,0,train,/content/dentex_crops/train/train_99_23.png
train_99.png,2840,1316,36,1770.271186440678,752.6271186440679,2010.1016949152543,1077.2033898305085,1,0,0,train,/content/dentex_crops/train/train_99_36.png
train_99.png,2840,1316,48,623.8095238095237,763.2034632034632,837.6623376623377,993.0735930735931,1,0,0,train,/content/dentex_crops/train/train_99_48.png
train_48.png,2885,1316,46,919.0,667.0,1146.0,970.0,1,0,0,train,/content/dentex_crops/train/train_48_46.png
train_48.png,2885,1316,27,1920.0,380.0,2047.0,656.0,0,1,0,train,/content/dentex_crops/train/train_48_27.png
train_48.png,2885,1316,28,2010.0,395.0,2121.0,628.0,1,0,0,train,/content/dentex_crops/train/train_48_28.png
train_48.png,2885,1316,18,751.0,381.0,895.0,608.0,1,0,0,train,/content/dentex_crops/train/train_48_18.png
train_352.png,2812,1316,24,1639.0,382.0,1771.0,664.0,0,1,0,train,/content/dentex_crops/train/train_352_24.png
train_352.png,2812,1316,48,628.030303030303,565.060606060606,879.030303030303,832.060606060606,1,0,0,train,/content/dentex_crops/train/train_352_48.png
train_352.png,2812,1316,16,934.0,414.0,1096.0,674.0,1,0,0,train,/content/dentex_crops/train/train_352_16.png
train_411.png,2872,1504,18,943.0,522.0,1099.0,814.0,1,0,0,train,/content/dentex_crops/train/train_411_18.png
train_411.png,2872,1504,37,1775.0,812.0,2015.0,1116.0,1,0,0,train,/content/dentex_crops/train/train_411_37.png
train_512.png,2872,1504,46,1056.0,826.0,1222.0,1146.0,0,1,0,train,/content/dentex_crops/train/train_512_46.png
train_89.png,2931,1316,28,1970.0,396.0,2115.0,638.0,1,0,0,test,/content/dentex_crops/test/train_89_28.png
train_89.png,2931,1316,27,1857.0,423.0,2017.0,676.0,1,0,0,test,/content/dentex_crops/test/train_89_27.png
train_89.png,2931,1316,16,1078.409090909091,375.0,1204.5454545454545,594.3181818181819,0,1,0,test,/content/dentex_crops/test/train_89_16.png
train_89.png,2931,1316,15,1170.6349206349207,392.06349206349205,1251.5873015873017,655.5555555555555,1,0,0,test,/content/dentex_crops/test/train_89_15.png
train_579.png,2950,1316,47,884.0,627.0,1085.0,935.0,1,0,0,train,/content/dentex_crops/train/train_579_47.png
train_579.png,2950,1316,17,864.0,277.0,1005.0,619.0,1,0,0,train,/content/dentex_crops/train/train_579_17.png
train_119.png,2805,1316,26,1772.8571428571427,459.71428571428567,1899.6428571428569,743.642857142857,1,0,0,train,/content/dentex_crops/train/train_119_26.png
train_119.png,2805,1316,46,833.5714285714284,748.9999999999999,1085.3571428571427,1070.4285714285713,1,0,0,train,/content/dentex_crops/train/train_119_46.png
train_109.png,2872,1504,47,757.0,742.0,998.0,1087.0,1,0,0,train,/content/dentex_crops/train/train_109_47.png
train_109.png,2872,1504,35,1759.0,772.0,1953.0,1167.0,1,0,0,train,/content/dentex_crops/train/train_109_35.png
train_109.png,2872,1504,25,1753.0,450.0,1863.0,776.0,1,0,0,train,/content/dentex_crops/train/train_109_25.png
train_109.png,2872,1504,46,902.0,746.0,1179.0,1139.0,1,0,0,train,/content/dentex_crops/train/train_109_46.png
train_109.png,2872,1504,17,830.0,391.0,1003.0,737.0,1,0,0,train,/content/dentex_crops/train/train_109_17.png
train_109.png,2872,1504,16,990.0,370.0,1151.0,731.0,1,0,0,train,/content/dentex_crops/train/train_109_16.png
train_109.png,2872,1504,26,1912.0,391.0,2091.0,750.0,1,0,0,train,/content/dentex_crops/train/train_109_26.png
train_543.png,2892,1503,37,1923.1404958677685,900.0,2098.347107438017,1177.6859504132233,1,0,0,train,/content/dentex_crops/train/train_543_37.png
train_543.png,2892,1503,16,1000.0,572.0,1165.0,851.0,0,1,0,train,/content/dentex_crops/train/train_543_16.png
train_543.png,2892,1503,27,1939.0,605.0,2107.0,902.0,0,1,0,train,/content/dentex_crops/train/train_543_27.png
train_543.png,2892,1503,26,1796.0,602.0,1990.0,892.0,1,0,0,train,/content/dentex_crops/train/train_543_26.png
train_543.png,2892,1503,36,1757.0,879.0,1964.0,1192.0,1,0,0,train,/content/dentex_crops/train/train_543_36.png
train_492.png,2868,1504,37,2030.0,821.0,2315.0,1126.0,1,0,0,test,/content/dentex_crops/test/train_492_37.png
train_492.png,2868,1504,26,1907.0,509.0,2076.0,845.0,1,0,0,test,/content/dentex_crops/test/train_492_26.png
train_364.png,3076,1536,48,679.0,766.0,921.0,1030.0,1,0,0,train,/content/dentex_crops/train/train_364_48.png
train_364.png,3076,1536,25,1835.1063829787233,531.9148936170212,1955.31914893617,880.8510638297872,1,0,0,train,/content/dentex_crops/train/train_364_25.png
train_364.png,3076,1536,26,1932.978723404255,530.8510638297872,2097.872340425532,869.1489361702127,1,0,0,train,/content/dentex_crops/train/train_364_26.png
train_517.png,2872,1504,47,628.0,846.0,844.0,1205.0,0,1,0,train,/content/dentex_crops/train/train_517_47.png
train_517.png,2872,1504,37,2152.0661157024792,833.0578512396694,2367.7685950413224,1156.198347107438,1,0,0,train,/content/dentex_crops/train/train_517_37.png
train_517.png,2872,1504,21,1493.3884297520663,547.1074380165289,1626.4462809917356,904.9586776859504,1,0,0,train,/content/dentex_crops/train/train_517_21.png
train_517.png,2872,1504,11,1369.4214876033059,538.8429752066116,1500.8264462809918,912.3966942148761,1,0,0,train,/content/dentex_crops/train/train_517_11.png
train_517.png,2872,1504,35,1884.4444444444443,881.1111111111111,2081.111111111111,1204.4444444444443,1,0,0,train,/content/dentex_crops/train/train_517_35.png
train_517.png,2872,1504,36,1990.0,863.3333333333333,2261.111111111111,1204.4444444444443,1,0,0,train,/content/dentex_crops/train/train_517_36.png
train_310.png,2872,1504,22,1573.0,605.0,1641.0,911.0,1,0,0,test,/content/dentex_crops/test/train_310_22.png
train_310.png,2872,1504,46,917.3553719008265,882.6446280991736,1134.7107438016528,1220.6611570247935,1,0,0,test,/content/dentex_crops/test/train_310_46.png
train_310.png,2872,1504,14,1183.4710743801654,568.595041322314,1284.297520661157,884.297520661157,1,0,0,test,/content/dentex_crops/test/train_310_14.png
train_310.png,2872,1504,24,1687.6033057851241,595.8677685950413,1795.8677685950413,905.7851239669421,1,0,0,test,/content/dentex_crops/test/train_310_24.png
train_310.png,2872,1504,25,1761.1570247933885,589.2561983471074,1880.1652892561983,911.5702479338843,1,0,0,test,/content/dentex_crops/test/train_310_25.png
train_310.png,2872,1504,41,1413.0,922.0,1486.0,1194.0,1,0,0,test,/content/dentex_crops/test/train_310_41.png
train_147.png,2868,1504,38,2104.272727272727,750.8787878787878,2343.272727272727,1003.8787878787878,1,0,0,train,/content/dentex_crops/train/train_147_38.png
train_147.png,2868,1504,17,851.0,545.0,993.0,838.0,0,1,0,train,/content/dentex_crops/train/train_147_17.png
train_147.png,2868,1504,18,740.0,526.0,886.0,800.0,1,0,0,train,/content/dentex_crops/train/train_147_18.png
train_147.png,2868,1504,16,974.0,588.0,1120.0,868.0,1,0,0,train,/content/dentex_crops/train/train_147_16.png
train_147.png,2868,1504,15,1093.0,598.0,1206.0,878.0,1,0,0,train,/content/dentex_crops/train/train_147_15.png
train_81.png,2860,1316,26,1794.0,405.0,1944.0,681.0,1,0,0,train,/content/dentex_crops/train/train_81_26.png
train_81.png,2860,1316,44,1204.0540540540542,675.6486486486486,1293.2432432432433,913.4864864864865,1,0,0,train,/content/dentex_crops/train/train_81_44.png
train_28.png,2742,1316,27,1760.3174603174602,455.55555555555554,1907.936507936508,763.4920634920635,1,0,0,test,/content/dentex_crops/test/train_28_27.png
train_28.png,2742,1316,46,874.6031746031746,760.3174603174604,1080.952380952381,1080.952380952381,0,1,0,test,/content/dentex_crops/test/train_28_46.png
train_28.png,2742,1316,47,736.5079365079365,749.2063492063492,958.7301587301587,1039.6825396825398,1,0,0,test,/content/dentex_crops/test/train_28_47.png
train_91.png,2985,1316,37,1896.0,632.0,2153.0,891.0,1,0,0,train,/content/dentex_crops/train/train_91_37.png
train_91.png,2985,1316,16,1202.3255813953488,370.93023255813955,1288.3720930232557,608.1395348837209,0,1,0,train,/content/dentex_crops/train/train_91_16.png
train_91.png,2985,1316,44,1254.8387096774193,732.258064516129,1326.8817204301074,884.9462365591397,0,1,0,train,/content/dentex_crops/train/train_91_44.png
train_272.png,2868,1504,37,1841.0,728.0,2176.0,1049.0,0,1,1,train,/content/dentex_crops/train/train_272_37.png
train_272.png,2868,1504,28,2054.0,404.0,2176.0,592.0,0,1,0,train,/content/dentex_crops/train/train_272_28.png
train_272.png,2868,1504,47,883.0,739.0,1142.0,1030.0,1,0,0,train,/content/dentex_crops/train/train_272_47.png
train_272.png,2868,1504,25,1758.0,414.0,1861.0,753.0,1,0,0,train,/content/dentex_crops/train/train_272_25.png
train_272.png,2868,1504,45,1139.0,758.0,1239.0,1109.0,1,0,0,train,/content/dentex_crops/train/train_272_45.png
train_272.png,2868,1504,44,1228.0,773.0,1314.0,1108.0,1,0,0,train,/content/dentex_crops/train/train_272_44.png
train_272.png,2868,1504,27,1959.0,375.0,2107.0,695.0,1,0,0,train,/content/dentex_crops/train/train_272_27.png
train_272.png,2868,1504,38,1979.0,651.0,2266.0,931.0,1,0,0,train,/content/dentex_crops/train/train_272_38.png
train_296.png,2940,1316,37,1792.2222222222222,756.6666666666666,2043.3333333333333,1022.2222222222222,1,0,0,train,/content/dentex_crops/train/train_296_37.png
train_650.png,2872,1504,17,2100.0,496.0,2307.0,832.0,0,1,0,train,/content/dentex_crops/train/train_650_17.png
train_341.png,2842,1316,16,950.0,338.5416666666667,1118.75,688.5416666666667,1,0,0,test,/content/dentex_crops/test/train_341_16.png
train_341.png,2842,1316,25,1720.8333333333335,357.2916666666667,1827.0833333333335,692.7083333333334,1,0,0,test,/content/dentex_crops/test/train_341_25.png
train_341.png,2842,1316,26,1797.9166666666667,361.45833333333337,1950.0,671.875,1,0,0,test,/content/dentex_crops/test/train_341_26.png
train_341.png,2842,1316,36,1733.3333333333335,678.125,2033.3333333333335,998.9583333333334,1,0,0,test,/content/dentex_crops/test/train_341_36.png
train_341.png,2842,1316,47,702.0833333333334,667.7083333333334,966.6666666666667,951.0416666666667,1,0,0,test,/content/dentex_crops/test/train_341_47.png
train_472.png,3004,1316,46,1019.0,723.0,1279.0,1028.0,0,1,0,train,/content/dentex_crops/train/train_472_46.png
train_472.png,3004,1316,47,864.0,667.0,1183.0,949.0,1,0,0,train,/content/dentex_crops/train/train_472_47.png
train_472.png,3004,1316,34,1669.0,793.0,1773.0,1093.0,0,0,1,train,/content/dentex_crops/train/train_472_34.png
train_198.png,2969,1316,26,1749.0,548.0,1895.0,827.0,1,0,0,train,/content/dentex_crops/train/train_198_26.png
train_198.png,2969,1316,46,992.741935483871,818.5483870967741,1173.3870967741937,1096.774193548387,1,0,0,train,/content/dentex_crops/train/train_198_46.png
train_212.png,2882,1316,37,1911.0,671.4285714285713,2161.142857142857,957.0,0,1,0,val,/content/dentex_crops/val/train_212_37.png
train_212.png,2882,1316,46,918.8571428571428,697.0,1144.0,1006.0,1,1,0,val,/content/dentex_crops/val/train_212_46.png
train_560.png,2789,1316,16,850.0,396.0,1062.0,711.0,1,0,0,train,/content/dentex_crops/train/train_560_16.png
train_560.png,2789,1316,46,871.0,745.0,1072.0,1029.0,1,0,0,train,/content/dentex_crops/train/train_560_46.png
train_560.png,2789,1316,45,1037.0,734.0,1150.0,1050.0,1,0,0,train,/content/dentex_crops/train/train_560_45.png
train_295.png,2916,1316,18,810.0,477.0,1030.0,716.0,1,0,0,train,/content/dentex_crops/train/train_295_18.png
train_295.png,2916,1316,26,1833.0,523.0,1964.0,803.0,1,0,0,train,/content/dentex_crops/train/train_295_26.png
train_295.png,2916,1316,35,1725.0,840.0,1865.0,1120.0,1,0,0,train,/content/dentex_crops/train/train_295_35.png
train_203.png,2826,1316,46,860.7906976744187,759.953488372093,1118.9302325581396,1085.5348837209303,1,0,0,val,/content/dentex_crops/val/train_203_46.png
train_420.png,2884,1504,33,1633.0,854.0,1789.0,1221.0,0,0,1,train,/content/dentex_crops/train/train_420_33.png
train_420.png,2884,1504,44,1105.0,853.0,1269.0,1159.0,0,1,0,train,/content/dentex_crops/train/train_420_44.png
train_420.png,2884,1504,13,1171.0,498.0,1279.0,863.0,1,0,0,train,/content/dentex_crops/train/train_420_13.png
train_420.png,2884,1504,14,1094.0,540.0,1210.0,855.0,1,0,0,train,/content/dentex_crops/train/train_420_14.png
train_420.png,2884,1504,12,1251.0,531.0,1357.0,860.0,0,0,1,train,/content/dentex_crops/train/train_420_12.png
train_420.png,2884,1504,11,1310.0,516.0,1464.0,863.0,0,0,1,train,/content/dentex_crops/train/train_420_11.png
train_420.png,2884,1504,21,1441.0,520.0,1591.0,856.0,0,0,1,train,/content/dentex_crops/train/train_420_21.png
train_420.png,2884,1504,23,1641.0,484.0,1788.0,863.0,1,0,0,train,/content/dentex_crops/train/train_420_23.png
train_420.png,2884,1504,25,1805.0,561.0,1944.0,871.0,1,0,0,train,/content/dentex_crops/train/train_420_25.png
train_420.png,2884,1504,26,1924.0,549.0,2112.0,866.0,1,0,0,train,/content/dentex_crops/train/train_420_26.png
train_420.png,2884,1504,48,659.1836734693877,746.7755102040816,865.3061224489796,942.6938775510204,0,1,0,train,/content/dentex_crops/train/train_420_48.png
train_572.png,2927,1316,46,891.3703703703703,687.0,1154.0,993.0,1,1,1,train,/content/dentex_crops/train/train_572_46.png
train_572.png,2927,1316,17,786.0,336.0,929.0,616.0,1,0,0,train,/content/dentex_crops/train/train_572_17.png
train_572.png,2927,1316,28,1973.0,316.0,2132.0,659.0,1,0,0,train,/content/dentex_crops/train/train_572_28.png
train_157.png,2872,1504,26,1754.0,614.0,1943.0,917.0,1,0,0,train,/content/dentex_crops/train/train_157_26.png
train_445.png,2774,1316,28,2021.590909090909,453.40909090909093,2165.909090909091,744.3181818181819,1,0,0,train,/content/dentex_crops/train/train_445_28.png
train_445.png,2774,1316,36,1720.4545454545455,731.8181818181819,1935.2272727272727,1030.6818181818182,0,1,0,train,/content/dentex_crops/train/train_445_36.png
train_445.png,2774,1316,47,713.6363636363636,725.0,985.2272727272727,1003.4090909090909,0,1,0,train,/content/dentex_crops/train/train_445_47.png
train_445.png,2774,1316,18,664.0,366.0,820.0,691.0,1,0,0,train,/content/dentex_crops/train/train_445_18.png
train_445.png,2774,1316,27,1907.0,413.0,2054.0,733.0,1,0,0,train,/content/dentex_crops/train/train_445_27.png
train_445.png,2774,1316,45,1017.0,732.0,1136.0,1032.0,1,0,0,train,/content/dentex_crops/train/train_445_45.png
train_672.png,2903,1316,37,1794.0,725.0,2054.0,997.0,0,1,0,train,/content/dentex_crops/train/train_672_37.png
train_672.png,2903,1316,46,972.0,768.0,1206.0,1056.0,0,1,0,train,/content/dentex_crops/train/train_672_46.png
train_672.png,2903,1316,15,1161.0,485.0,1263.0,769.0,1,0,0,train,/content/dentex_crops/train/train_672_15.png
train_672.png,2903,1316,18,855.0,432.0,1018.0,720.0,0,1,0,train,/content/dentex_crops/train/train_672_18.png
train_672.png,2903,1316,36,1669.0,773.0,1914.0,1052.0,1,0,0,train,/content/dentex_crops/train/train_672_36.png
train_628.png,2845,1316,15,969.3333333333334,277.55555555555554,1066.5555555555557,663.6666666666667,1,0,0,test,/content/dentex_crops/test/train_628_15.png
train_628.png,2845,1316,35,1741.5555555555557,655.3333333333334,1844.3333333333335,985.8888888888889,0,1,0,test,/content/dentex_crops/test/train_628_35.png
train_628.png,2845,1316,36,1824.888888888889,655.3333333333334,2038.7777777777778,1002.5555555555557,0,1,0,test,/content/dentex_crops/test/train_628_36.png
train_628.png,2845,1316,44,1127.6666666666667,658.1111111111112,1236.0,1049.7777777777778,1,0,0,test,/content/dentex_crops/test/train_628_44.png
train_628.png,2845,1316,46,844.3333333333334,672.0,1105.4444444444446,1002.5555555555557,1,0,0,test,/content/dentex_crops/test/train_628_46.png
train_628.png,2845,1316,47,677.6666666666667,663.6666666666667,941.5555555555555,988.6666666666667,1,0,0,test,/content/dentex_crops/test/train_628_47.png
train_628.png,2845,1316,48,561.0,630.3333333333334,774.8888888888889,924.7777777777778,0,1,0,test,/content/dentex_crops/test/train_628_48.png
train_575.png,2556,1504,16,555.0,443.0,720.0,776.0,0,1,0,train,/content/dentex_crops/train/train_575_16.png
train_575.png,2556,1504,45,761.0,781.0,912.0,1140.0,1,0,0,train,/content/dentex_crops/train/train_575_45.png
train_575.png,2556,1504,38,1871.0,750.0,2095.0,994.0,1,0,0,train,/content/dentex_crops/train/train_575_38.png
train_575.png,2556,1504,46,651.0,822.0,819.0,968.0,0,1,0,train,/content/dentex_crops/train/train_575_46.png
train_575.png,2556,1504,36,1589.0,810.0,1755.0,998.0,0,1,0,train,/content/dentex_crops/train/train_575_36.png
train_575.png,2556,1504,26,1638.0,492.0,1758.0,662.0,0,1,0,train,/content/dentex_crops/train/train_575_26.png
train_575.png,2556,1504,25,1547.4358974358975,429.48717948717945,1653.8461538461538,710.2564102564103,1,0,0,train,/content/dentex_crops/train/train_575_25.png
train_554.png,2933,1316,47,863.0,584.0,1115.0,853.0,1,0,0,train,/content/dentex_crops/train/train_554_47.png
train_554.png,2933,1316,37,1845.0,545.0,2094.0,822.0,1,0,0,train,/content/dentex_crops/train/train_554_37.png
train_625.png,2756,1316,36,1713.0,892.0,1904.0,1140.0,0,1,1,test,/content/dentex_crops/test/train_625_36.png
train_625.png,2756,1316,16,963.0,543.0,1086.0,829.0,1,0,0,test,/content/dentex_crops/test/train_625_16.png
train_625.png,2756,1316,17,851.0,519.0,994.0,816.0,1,0,0,test,/content/dentex_crops/test/train_625_17.png
train_494.png,2612,1504,47,489.0,712.0,715.0,981.0,0,1,0,test,/content/dentex_crops/test/train_494_47.png
train_494.png,2612,1504,37,1779.0,751.0,2004.0,1038.0,1,0,0,test,/content/dentex_crops/test/train_494_37.png
train_494.png,2612,1504,31,1170.0,803.0,1320.0,1088.0,1,0,0,test,/content/dentex_crops/test/train_494_31.png
train_494.png,2612,1504,43,927.0,816.0,1109.0,1093.0,1,0,0,test,/content/dentex_crops/test/train_494_43.png
train_202.png,2977,1316,48,783.0,610.0,1047.0,838.0,0,1,0,train,/content/dentex_crops/train/train_202_48.png
train_202.png,2977,1316,18,892.0,359.0,1055.0,649.0,1,0,0,train,/content/dentex_crops/train/train_202_18.png
train_202.png,2977,1316,28,1925.0,385.0,2116.0,663.0,1,0,0,train,/content/dentex_crops/train/train_202_28.png
train_523.png,2942,1316,36,1803.0,598.0,2150.0,949.0,0,0,1,train,/content/dentex_crops/train/train_523_36.png
train_523.png,2942,1316,37,1962.0,554.0,2247.0,874.0,1,0,0,train,/content/dentex_crops/train/train_523_37.png
train_523.png,2942,1316,38,2109.0,468.0,2370.0,751.0,1,0,0,train,/content/dentex_crops/train/train_523_38.png
train_523.png,2942,1316,17,881.0,235.0,1055.0,561.0,1,0,0,train,/content/dentex_crops/train/train_523_17.png
train_523.png,2942,1316,15,1015.0,263.0,1181.0,601.0,0,0,1,train,/content/dentex_crops/train/train_523_15.png
train_523.png,2942,1316,14,1125.0,270.0,1255.0,623.0,0,1,0,train,/content/dentex_crops/train/train_523_14.png
train_523.png,2942,1316,28,2067.0,199.0,2251.0,520.0,1,0,0,train,/content/dentex_crops/train/train_523_28.png
train_523.png,2942,1316,26,1822.0,331.0,2002.0,569.0,0,1,0,train,/content/dentex_crops/train/train_523_26.png
train_640.png,2920,1316,46,830.0,708.0,1130.0,1004.0,0,1,1,train,/content/dentex_crops/train/train_640_46.png
train_640.png,2920,1316,37,1796.0,742.0,2080.0,1014.0,1,0,0,train,/content/dentex_crops/train/train_640_37.png
train_640.png,2920,1316,17,804.0,404.0,962.0,687.0,1,0,0,train,/content/dentex_crops/train/train_640_17.png
train_640.png,2920,1316,26,1828.0,470.0,1972.0,757.0,1,0,0,train,/content/dentex_crops/train/train_640_26.png
train_640.png,2920,1316,16,929.0,421.0,1108.0,720.0,1,0,0,train,/content/dentex_crops/train/train_640_16.png
train_595.png,2841,1316,46,912.6582278481012,749.367088607595,1136.7088607594935,1067.0886075949365,1,0,0,train,/content/dentex_crops/train/train_595_46.png
train_690.png,2750,1316,16,877.3103448275863,393.1379310344828,1042.8275862068965,717.2758620689656,1,0,0,train,/content/dentex_crops/train/train_690_16.png
train_690.png,2750,1316,37,1807.5471698113206,777.3584905660377,2019.811320754717,1055.6603773584905,1,0,0,train,/content/dentex_crops/train/train_690_37.png
train_659.png,2932,1316,48,753.0,611.0,1022.0,888.0,1,0,0,train,/content/dentex_crops/train/train_659_48.png
train_481.png,2480,1504,17,382.0,359.0,549.0,669.0,1,0,0,train,/content/dentex_crops/train/train_481_17.png
train_481.png,2480,1504,16,515.0,445.0,680.0,658.0,0,1,0,train,/content/dentex_crops/train/train_481_16.png
train_481.png,2480,1504,15,633.0,433.0,781.0,745.0,1,0,0,train,/content/dentex_crops/train/train_481_15.png
train_481.png,2480,1504,34,1420.0,748.0,1593.0,1061.0,0,1,0,train,/content/dentex_crops/train/train_481_34.png
train_481.png,2480,1504,36,1622.0,691.0,1873.0,976.0,1,0,0,train,/content/dentex_crops/train/train_481_36.png
train_481.png,2480,1504,48,219.83471074380165,604.1322314049587,451.23966942148763,847.9338842975206,1,0,0,train,/content/dentex_crops/train/train_481_48.png
train_481.png,2480,1504,14,733.8842975206612,475.20661157024796,859.504132231405,765.2892561983472,1,0,0,train,/content/dentex_crops/train/train_481_14.png
train_481.png,2480,1504,13,823.00826446281,371.9910168882501,965.9834710743803,739.7596119295724,1,0,0,train,/content/dentex_crops/train/train_481_13.png
train_481.png,2480,1504,27,1661.8181818181818,342.7272727272727,1819.090909090909,682.7272727272726,1,0,0,train,/content/dentex_crops/train/train_481_27.png
train_481.png,2480,1504,26,1535.4545454545453,419.99999999999994,1693.6363636363635,711.8181818181818,1,0,0,train,/content/dentex_crops/train/train_481_26.png
train_481.png,2480,1504,25,1419.9999999999998,418.18181818181813,1561.8181818181818,748.1818181818181,1,0,0,train,/content/dentex_crops/train/train_481_25.png
train_481.png,2480,1504,44,683.6363636363636,761.8181818181818,849.090909090909,1080.9090909090908,1,1,0,train,/content/dentex_crops/train/train_481_44.png
train_126.png,2858,1316,16,912.7906976744187,428.0,1080.2325581395348,776.7441860465117,1,0,0,train,/content/dentex_crops/train/train_126_16.png
train_126.png,2858,1316,18,695.3488372093024,490.0,876.7441860465117,739.5348837209302,1,0,0,train,/content/dentex_crops/train/train_126_18.png
train_126.png,2858,1316,48,731.3953488372093,788.3720930232558,889.5348837209302,1065.1162790697674,1,0,0,train,/content/dentex_crops/train/train_126_48.png
train_432.png,2868,1504,37,2009.0,876.0,2230.0,1118.0,1,0,0,val,/content/dentex_crops/val/train_432_37.png
train_432.png,2868,1504,26,1788.0,626.0,1950.0,929.0,0,1,0,val,/content/dentex_crops/val/train_432_26.png
train_432.png,2868,1504,16,1001.0,640.0,1172.0,915.0,1,0,0,val,/content/dentex_crops/val/train_432_16.png
train_262.png,2833,1316,36,1766.0,601.0,1988.0,896.0,0,1,0,train,/content/dentex_crops/train/train_262_36.png
train_262.png,2833,1316,34,1587.0,611.0,1689.0,943.0,1,0,0,train,/content/dentex_crops/train/train_262_34.png
train_149.png,2812,1316,46,891.0,779.0,1051.0,1081.0,1,0,0,val,/content/dentex_crops/val/train_149_46.png
train_443.png,2880,1504,45,1083.0,882.0,1203.0,1175.0,1,0,0,train,/content/dentex_crops/train/train_443_45.png
train_443.png,2880,1504,44,1175.0,876.0,1283.0,1172.0,1,0,0,train,/content/dentex_crops/train/train_443_44.png
train_443.png,2880,1504,34,1689.0,887.0,1798.0,1183.0,1,0,0,train,/content/dentex_crops/train/train_443_34.png
train_533.png,2964,1316,45,1026.0,706.0,1254.0,954.0,0,1,0,train,/content/dentex_crops/train/train_533_45.png
train_533.png,2964,1316,36,1800.875,623.0,2095.875,910.0,1,0,0,train,/content/dentex_crops/train/train_533_36.png
train_533.png,2964,1316,17,1004.0,344.0,1211.0,685.0,1,0,0,train,/content/dentex_crops/train/train_533_17.png
train_533.png,2964,1316,47,809.0,529.0,1090.0,754.0,1,0,0,train,/content/dentex_crops/train/train_533_47.png
train_433.png,2842,1316,37,2025.0,585.0303030303032,2229.0,848.0303030303032,1,0,0,test,/content/dentex_crops/test/train_433_37.png
train_433.png,2842,1316,36,1907.0,660.0,2148.0,938.0,1,0,0,test,/content/dentex_crops/test/train_433_36.png
train_433.png,2842,1316,44,1155.0,727.0,1267.0,1074.0,0,1,1,test,/content/dentex_crops/test/train_433_44.png
train_501.png,2824,1316,28,1911.0,297.0,2019.0,452.0,0,1,0,train,/content/dentex_crops/train/train_501_28.png
train_501.png,2824,1316,46,915.0,632.0,1193.0,889.0,1,0,0,train,/content/dentex_crops/train/train_501_46.png
train_371.png,2886,1316,46,961.0,727.0,1200.0,997.0,1,0,0,val,/content/dentex_crops/val/train_371_46.png
train_371.png,2886,1316,18,754.0,433.0,915.0,693.0,1,0,0,val,/content/dentex_crops/val/train_371_18.png
train_371.png,2886,1316,16,960.0,451.0,1127.0,726.0,1,0,0,val,/content/dentex_crops/val/train_371_16.png
train_371.png,2886,1316,28,1979.0,476.0,2138.0,726.0,0,1,0,val,/content/dentex_crops/val/train_371_28.png
train_270.png,2868,1504,25,1742.0,615.0,1870.0,916.0,1,0,0,train,/content/dentex_crops/train/train_270_25.png
train_270.png,2868,1504,17,877.0,633.0,1025.0,883.0,0,1,0,train,/content/dentex_crops/train/train_270_17.png
train_270.png,2868,1504,34,1659.0,928.0,1760.0,1252.0,1,0,0,train,/content/dentex_crops/train/train_270_34.png
train_18.png,2872,1504,47,741.0,775.0,974.0,1131.0,1,0,0,train,/content/dentex_crops/train/train_18_47.png
train_18.png,2872,1504,36,1859.0,794.0,2112.0,1185.0,1,0,0,train,/content/dentex_crops/train/train_18_36.png
train_18.png,2872,1504,37,1997.0,795.0,2244.0,1127.0,1,0,0,train,/content/dentex_crops/train/train_18_37.png
train_18.png,2872,1504,27,2042.0,495.0,2209.0,773.0,1,0,0,train,/content/dentex_crops/train/train_18_27.png
train_18.png,2872,1504,17,838.0,455.0,1011.0,788.0,1,0,0,train,/content/dentex_crops/train/train_18_17.png
train_18.png,2872,1504,16,990.0,460.0,1157.0,800.0,1,0,0,train,/content/dentex_crops/train/train_18_16.png
train_39.png,2612,1504,48,374.23809523809524,799.0,582.0,1095.0,0,1,1,train,/content/dentex_crops/train/train_39_48.png
train_39.png,2612,1504,36,1577.0,823.0,1798.0,1121.0,1,0,0,train,/content/dentex_crops/train/train_39_36.png
train_39.png,2612,1504,35,1482.0,834.0,1649.0,1132.0,1,0,0,train,/content/dentex_crops/train/train_39_35.png
train_504.png,2856,1316,22,1530.888888888889,426.3888888888889,1608.0,770.8333333333334,1,0,0,train,/content/dentex_crops/train/train_504_22.png
train_577.png,2732,1316,17,719.0,500.0,879.0,764.0,1,0,0,val,/content/dentex_crops/val/train_577_17.png
train_577.png,2732,1316,16,860.0,510.0,1004.0,801.0,1,0,0,val,/content/dentex_crops/val/train_577_16.png
train_339.png,2922,1316,36,1795.0,730.0,2124.0,1043.0,0,0,1,val,/content/dentex_crops/val/train_339_36.png
train_339.png,2922,1316,47,899.0,718.0,1208.0,991.0,1,0,0,val,/content/dentex_crops/val/train_339_47.png
train_339.png,2922,1316,26,1803.0,476.0,1964.0,774.0,1,0,0,val,/content/dentex_crops/val/train_339_26.png
train_644.png,2899,1316,48,690.0,603.0,927.0,828.0,1,0,0,train,/content/dentex_crops/train/train_644_48.png
train_644.png,2899,1316,13,1236.0,381.0,1344.0,701.0,0,1,0,train,/content/dentex_crops/train/train_644_13.png
train_644.png,2899,1316,35,1691.0,697.0,1894.0,954.0,1,0,0,train,/content/dentex_crops/train/train_644_35.png
train_644.png,2899,1316,17,732.0,357.0,1047.0,645.0,0,1,0,train,/content/dentex_crops/train/train_644_17.png
train_644.png,2899,1316,43,1247.0,680.0,1369.0,1027.0,1,0,0,train,/content/dentex_crops/train/train_644_43.png
train_184.png,2872,1504,16,963.0,512.0,1098.0,800.0,0,1,0,test,/content/dentex_crops/test/train_184_16.png
train_184.png,2872,1504,15,1088.0,524.0,1186.0,808.0,0,1,0,test,/content/dentex_crops/test/train_184_15.png
train_184.png,2872,1504,37,1973.0,758.0,2233.0,1053.0,1,0,0,test,/content/dentex_crops/test/train_184_37.png
train_167.png,2989,1316,34,1647.0,681.0,1738.0,964.0,1,0,0,test,/content/dentex_crops/test/train_167_34.png
train_72.png,2892,1503,47,852.0,823.0,1062.0,1085.0,1,0,0,train,/content/dentex_crops/train/train_72_47.png
train_192.png,2872,1504,46,1029.0,952.0,1258.0,1213.0,1,0,0,val,/content/dentex_crops/val/train_192_46.png
train_192.png,2872,1504,15,1205.0,697.0,1291.0,973.0,1,0,0,val,/content/dentex_crops/val/train_192_15.png
train_192.png,2872,1504,35,1684.0,968.0,1802.0,1214.0,1,0,0,val,/content/dentex_crops/val/train_192_35.png
train_192.png,2872,1504,36,1744.0,929.0,1963.0,1197.0,1,0,0,val,/content/dentex_crops/val/train_192_36.png
train_192.png,2872,1504,26,1735.0,671.0,1886.0,955.0,1,0,0,val,/content/dentex_crops/val/train_192_26.png
train_192.png,2872,1504,27,1849.0,667.0,2005.0,920.0,1,0,0,val,/content/dentex_crops/val/train_192_27.png
train_192.png,2872,1504,16,1088.0,650.0,1232.0,954.0,1,0,0,val,/content/dentex_crops/val/train_192_16.png
train_207.png,2796,1316,26,1750.0,235.22727272727272,1895.4545454545455,604.5454545454545,1,0,0,train,/content/dentex_crops/train/train_207_26.png
train_207.png,2796,1316,27,1893.1818181818182,279.54545454545456,2039.7727272727273,581.8181818181819,1,0,0,train,/content/dentex_crops/train/train_207_27.png
train_207.png,2796,1316,28,2020.4545454545455,286.3636363636364,2144.318181818182,556.8181818181819,1,0,0,train,/content/dentex_crops/train/train_207_28.png
train_207.png,2796,1316,48,565.9090909090909,575.0,822.7272727272727,843.1818181818181,1,0,0,train,/content/dentex_crops/train/train_207_48.png
train_516.png,2892,1316,27,2071.625,565.625,2319.625,819.625,1,0,0,train,/content/dentex_crops/train/train_516_27.png
train_598.png,2984,1316,47,831.0,594.0,1101.0,896.0,1,0,0,val,/content/dentex_crops/val/train_598_47.png
train_359.png,2986,1316,28,2037.0,373.0,2196.0,608.0,0,1,0,train,/content/dentex_crops/train/train_359_28.png
train_359.png,2986,1316,18,844.0,330.0,1009.0,604.0,0,1,0,train,/content/dentex_crops/train/train_359_18.png
train_359.png,2986,1316,26,1861.6279069767443,413.95348837209303,1976.7441860465117,677.9069767441861,1,0,0,train,/content/dentex_crops/train/train_359_26.png
train_359.png,2986,1316,16,1065.1162790697674,389.5348837209302,1208.139534883721,662.7906976744187,1,0,0,train,/content/dentex_crops/train/train_359_16.png
train_359.png,2986,1316,35,1739.5348837209303,697.6744186046511,1850.0,1017.4418604651163,1,0,0,train,/content/dentex_crops/train/train_359_35.png
train_359.png,2986,1316,36,1811.6279069767443,675.5813953488372,1994.1860465116279,980.232558139535,1,0,0,train,/content/dentex_crops/train/train_359_36.png
train_539.png,2768,1316,26,1768.0,431.0,1924.0,733.0,1,0,0,train,/content/dentex_crops/train/train_539_26.png
train_539.png,2768,1316,27,1887.0,413.0,2056.0,696.0,1,0,0,train,/content/dentex_crops/train/train_539_27.png
train_539.png,2768,1316,46,851.0,740.0,1135.0,1038.0,0,1,0,train,/content/dentex_crops/train/train_539_46.png
train_17.png,2872,1504,26,1805.0,616.0,2005.0,883.0,1,0,0,train,/content/dentex_crops/train/train_17_26.png
train_619.png,2830,1316,38,1963.8297872340424,677.6595744680851,2220.2127659574467,976.595744680851,0,1,0,train,/content/dentex_crops/train/train_619_38.png
train_619.png,2830,1316,34,1589.3617021276596,767.0212765957447,1712.7659574468084,1128.723404255319,1,0,0,train,/content/dentex_crops/train/train_619_34.png
train_619.png,2830,1316,48,715.9574468085106,739.3617021276596,914.8936170212766,1039.3617021276596,1,0,0,train,/content/dentex_crops/train/train_619_48.png
train_619.png,2830,1316,47,819.1489361702127,775.531914893617,1040.4255319148936,1115.9574468085107,1,0,0,train,/content/dentex_crops/train/train_619_47.png
train_619.png,2830,1316,44,1176.5957446808509,794.6808510638298,1268.0851063829787,1152.127659574468,1,0,0,train,/content/dentex_crops/train/train_619_44.png
train_678.png,2872,1504,44,1210.1449275362318,837.6811594202898,1295.6521739130433,1131.8840579710145,1,0,0,val,/content/dentex_crops/val/train_678_44.png
train_268.png,2657,1316,27,1783.084745762712,461.6440677966102,1962.7457627118645,753.1694915254237,1,0,0,train,/content/dentex_crops/train/train_268_27.png
train_268.png,2657,1316,46,784.7796610169491,766.0,1027.1525423728815,1098.9322033898306,1,0,0,train,/content/dentex_crops/train/train_268_46.png
train_268.png,2657,1316,47,639.0169491525425,735.0,886.4745762711865,1056.5593220338983,1,0,0,train,/content/dentex_crops/train/train_268_47.png
train_182.png,3003,1316,16,1007.6923076923076,430.7692307692308,1136.5384615384614,740.3846153846154,1,0,0,train,/content/dentex_crops/train/train_182_16.png
train_182.png,3003,1316,24,1636.5384615384614,440.38461538461536,1742.3076923076922,734.6153846153846,1,0,0,train,/content/dentex_crops/train/train_182_24.png
train_302.png,2828,1316,17,795.0,251.0,953.0,557.0,1,0,0,train,/content/dentex_crops/train/train_302_17.png
train_302.png,2828,1316,13,1176.0,289.0,1272.0,557.0,1,0,0,train,/content/dentex_crops/train/train_302_13.png
train_302.png,2828,1316,12,1247.0,292.0,1347.0,568.0,0,1,0,train,/content/dentex_crops/train/train_302_12.png
train_302.png,2828,1316,11,1319.969696969697,295.9393939393939,1420.969696969697,604.9393939393939,1,0,0,train,/content/dentex_crops/train/train_302_11.png
train_302.png,2828,1316,23,1553.0,221.0,1693.0,572.0,1,0,0,train,/content/dentex_crops/train/train_302_23.png
train_302.png,2828,1316,24,1647.0,277.0,1759.0,565.0,1,0,0,train,/content/dentex_crops/train/train_302_24.png
train_302.png,2828,1316,25,1728.0,267.0,1818.0,568.0,1,0,0,train,/content/dentex_crops/train/train_302_25.png
train_302.png,2828,1316,26,1795.0,261.0,1958.0,594.0,1,0,0,train,/content/dentex_crops/train/train_302_26.png
train_302.png,2828,1316,33,1570.0,594.0,1664.0,983.0,1,0,0,train,/content/dentex_crops/train/train_302_33.png
train_302.png,2828,1316,15,1021.0,246.0,1119.0,578.0,1,0,0,train,/content/dentex_crops/train/train_302_15.png
train_302.png,2828,1316,16,919.0,261.0,1059.0,585.0,1,0,0,train,/content/dentex_crops/train/train_302_16.png
train_426.png,2872,1504,18,976.0,446.0,1122.0,725.0,1,0,0,train,/content/dentex_crops/train/train_426_18.png
train_426.png,2872,1504,17,1086.0,461.0,1199.0,761.0,0,1,0,train,/content/dentex_crops/train/train_426_17.png
train_426.png,2872,1504,16,1168.0,454.0,1309.0,816.0,1,0,0,train,/content/dentex_crops/train/train_426_16.png
train_426.png,2872,1504,47,1022.0,761.0,1236.0,1019.0,1,0,0,train,/content/dentex_crops/train/train_426_47.png
train_661.png,2872,1504,16,1034.0,639.0,1169.0,947.0,1,0,0,val,/content/dentex_crops/val/train_661_16.png
train_70.png,2862,1316,44,1162.0,696.0,1254.0,967.0,1,0,0,train,/content/dentex_crops/train/train_70_44.png
train_345.png,2846,1316,27,1791.0,387.0,1945.0,701.0,1,0,0,test,/content/dentex_crops/test/train_345_27.png
train_345.png,2846,1316,16,898.0,398.0,1064.0,716.0,1,0,0,test,/content/dentex_crops/test/train_345_16.png
train_47.png,2819,1316,47,708.0,655.0,956.0,966.0,1,0,0,train,/content/dentex_crops/train/train_47_47.png
train_47.png,2819,1316,37,1903.0,644.0,2125.0,945.0,1,0,0,train,/content/dentex_crops/train/train_47_37.png
train_15.png,2904,1316,27,1800.0,364.0,1986.0,666.0,1,0,0,train,/content/dentex_crops/train/train_15_27.png
train_279.png,2885,1316,34,1608.0,764.0,1724.0,1068.0,1,0,0,test,/content/dentex_crops/test/train_279_34.png
train_279.png,2885,1316,35,1678.0,746.0,1826.0,1064.0,1,0,0,test,/content/dentex_crops/test/train_279_35.png
train_279.png,2885,1316,36,1768.0,712.0,1988.0,1042.0,1,0,0,test,/content/dentex_crops/test/train_279_36.png
train_279.png,2885,1316,37,1900.0,678.0,2140.0,988.0,1,0,0,test,/content/dentex_crops/test/train_279_37.png
train_279.png,2885,1316,17,769.6969696969696,418.1818181818182,898.4848484848485,671.2121212121211,1,0,0,test,/content/dentex_crops/test/train_279_17.png
train_201.png,2868,1504,47,651.0,819.0,897.0,1150.0,1,0,0,train,/content/dentex_crops/train/train_201_47.png
train_201.png,2868,1504,46,790.0,861.0,1048.0,1193.0,1,0,0,train,/content/dentex_crops/train/train_201_46.png
train_201.png,2868,1504,44,1065.0,909.0,1231.0,1231.0,0,1,0,train,/content/dentex_crops/train/train_201_44.png
train_201.png,2868,1504,43,1166.0,900.0,1326.0,1254.0,0,1,0,train,/content/dentex_crops/train/train_201_43.png
train_201.png,2868,1504,34,1721.0,881.0,1919.0,1220.0,0,1,0,train,/content/dentex_crops/train/train_201_34.png
train_201.png,2868,1504,33,1623.0,892.0,1794.0,1230.0,1,0,0,train,/content/dentex_crops/train/train_201_33.png
train_201.png,2868,1504,38,2216.0,719.0,2481.0,977.0,0,1,0,train,/content/dentex_crops/train/train_201_38.png
train_201.png,2868,1504,28,2201.0,438.0,2403.0,728.0,1,0,0,train,/content/dentex_crops/train/train_201_28.png
train_201.png,2868,1504,18,593.0,507.0,782.0,793.0,1,0,0,train,/content/dentex_crops/train/train_201_18.png
train_269.png,2612,1504,16,558.0,575.0,722.0,876.0,1,0,0,train,/content/dentex_crops/train/train_269_16.png
train_269.png,2612,1504,14,797.0,553.0,911.0,881.0,1,0,0,train,/content/dentex_crops/train/train_269_14.png
train_269.png,2612,1504,25,1579.0,573.0,1694.0,893.0,1,0,0,train,/content/dentex_crops/train/train_269_25.png
train_269.png,2612,1504,13,865.0,506.0,1002.0,900.0,1,0,0,train,/content/dentex_crops/train/train_269_13.png
train_269.png,2612,1504,44,878.0,883.0,994.0,1224.0,1,0,0,train,/content/dentex_crops/train/train_269_44.png
train_131.png,3003,1316,48,798.0,707.0,1040.0,970.0,1,0,0,train,/content/dentex_crops/train/train_131_48.png
train_131.png,3003,1316,47,922.0,757.0,1184.0,1071.0,1,0,0,train,/content/dentex_crops/train/train_131_47.png
train_131.png,3003,1316,38,2001.0,706.0,2233.0,935.0,1,0,0,train,/content/dentex_crops/train/train_131_38.png
train_43.png,2868,1504,37,1932.0,854.0,2203.0,1142.0,1,0,0,train,/content/dentex_crops/train/train_43_37.png
train_43.png,2868,1504,38,2057.0,798.0,2296.0,1053.0,1,0,0,train,/content/dentex_crops/train/train_43_38.png
train_43.png,2868,1504,16,956.0,546.0,1122.0,854.0,1,0,0,train,/content/dentex_crops/train/train_43_16.png
train_230.png,2951,1316,47,853.0,598.0,1101.0,901.0,1,0,0,train,/content/dentex_crops/train/train_230_47.png
train_653.png,2873,1316,34,1644.4444444444446,823.7777777777778,1727.7777777777778,1132.111111111111,1,0,0,train,/content/dentex_crops/train/train_653_34.png
train_653.png,2873,1316,35,1716.6666666666667,820.0,1829.0,1097.0,1,0,0,train,/content/dentex_crops/train/train_653_35.png
train_653.png,2873,1316,37,1874.0,771.0,2102.0,1012.6666666666667,1,0,0,train,/content/dentex_crops/train/train_653_37.png
train_653.png,2873,1316,38,1997.2222222222224,721.0,2191.666666666667,934.8888888888889,0,1,0,train,/content/dentex_crops/train/train_653_38.png
train_189.png,2580,1504,37,1663.0,848.0,1931.0,1148.0,1,0,0,train,/content/dentex_crops/train/train_189_37.png
train_189.png,2580,1504,44,873.0,889.0,972.0,1208.0,1,0,0,train,/content/dentex_crops/train/train_189_44.png
train_189.png,2580,1504,38,1814.0,811.0,2056.0,1092.0,1,0,0,train,/content/dentex_crops/train/train_189_38.png
train_189.png,2580,1504,18,485.0,571.0,618.0,817.0,1,0,0,train,/content/dentex_crops/train/train_189_18.png
train_75.png,2872,1504,26,1833.0,695.0,2013.0,959.0,1,0,0,test,/content/dentex_crops/test/train_75_26.png
train_75.png,2872,1504,21,1489.0,635.0,1586.0,965.0,0,0,1,test,/content/dentex_crops/test/train_75_21.png
train_75.png,2872,1504,16,985.0,663.0,1175.0,963.0,1,0,0,test,/content/dentex_crops/test/train_75_16.png
train_580.png,2804,1316,16,911.4583333333334,456.25,1057.2916666666667,752.0833333333334,1,0,0,train,/content/dentex_crops/train/train_580_16.png
train_580.png,2804,1316,17,776.0416666666667,445.83333333333337,963.5416666666667,735.4166666666667,1,0,0,train,/content/dentex_crops/train/train_580_17.png
train_580.png,2804,1316,22,1478.0,486.45833333333337,1565.0,776.0,1,0,0,train,/content/dentex_crops/train/train_580_22.png
train_580.png,2804,1316,26,1769.7916666666667,435.4166666666667,1912.5,738.5416666666667,1,0,0,train,/content/dentex_crops/train/train_580_26.png
train_580.png,2804,1316,36,1712.0,765.0,1971.0,1030.0,1,0,0,train,/content/dentex_crops/train/train_580_36.png
train_684.png,2694,1316,26,1723.0,455.0,1906.0,762.0,1,0,0,val,/content/dentex_crops/val/train_684_26.png
train_684.png,2694,1316,15,949.0,456.0,1050.0,731.0,1,0,0,val,/content/dentex_crops/val/train_684_15.png
train_684.png,2694,1316,14,1029.0,456.0,1123.0,740.0,1,0,0,val,/content/dentex_crops/val/train_684_14.png
train_316.png,2783,1316,16,911.0,327.7567567567568,1047.4324324324325,613.0,1,0,0,train,/content/dentex_crops/train/train_316_16.png
train_316.png,2783,1316,26,1739.162162162162,346.5675675675676,1883.0,624.9459459459459,1,0,0,train,/content/dentex_crops/train/train_316_26.png
train_316.png,2783,1316,35,1619.2432432432433,667.0,1743.0,979.0,0,1,0,train,/content/dentex_crops/train/train_316_35.png
train_316.png,2783,1316,36,1681.8108108108108,683.6216216216217,1878.0,985.0,1,0,0,train,/content/dentex_crops/train/train_316_36.png
train_550.png,2872,1504,46,791.0,805.0,1062.0,1099.0,1,0,0,train,/content/dentex_crops/train/train_550_46.png
train_550.png,2872,1504,34,1698.0,837.0,1877.0,1199.0,0,0,1,train,/content/dentex_crops/train/train_550_34.png
train_550.png,2872,1504,36,1888.0,812.0,2175.0,1175.0,1,0,0,train,/content/dentex_crops/train/train_550_36.png
train_550.png,2872,1504,37,2050.0,798.0,2336.0,1114.0,1,0,0,train,/content/dentex_crops/train/train_550_37.png
train_550.png,2872,1504,27,2108.0,461.0,2266.0,793.0,0,1,0,train,/content/dentex_crops/train/train_550_27.png
train_701.png,2906,1316,46,861.0,620.0,1094.0,914.0,1,0,0,train,/content/dentex_crops/train/train_701_46.png
train_701.png,2906,1316,34,1643.0,636.0,1747.0,945.0,0,1,0,train,/content/dentex_crops/train/train_701_34.png
train_701.png,2906,1316,17,870.0,302.0,1031.0,597.0,1,0,0,train,/content/dentex_crops/train/train_701_17.png
train_701.png,2906,1316,37,1841.0,611.0,2114.0,906.0,1,0,0,train,/content/dentex_crops/train/train_701_37.png
train_21.png,1976,976,48,467.0,483.0,638.75,664.0,1,0,0,train,/content/dentex_crops/train/train_21_48.png
train_165.png,2814,1316,47,765.8227848101266,741.7721518987341,1044.3037974683543,1037.9746835443038,1,0,0,train,/content/dentex_crops/train/train_165_47.png
train_165.png,2814,1316,48,621.5189873417721,689.873417721519,910.126582278481,958.2278481012657,1,0,0,train,/content/dentex_crops/train/train_165_48.png
train_333.png,2766,1316,38,1991.0,629.0,2182.0,903.0,1,0,0,train,/content/dentex_crops/train/train_333_38.png
train_333.png,2766,1316,37,1865.0,668.0,2057.0,946.0,1,0,0,train,/content/dentex_crops/train/train_333_37.png
train_333.png,2766,1316,14,1078.0,415.0,1177.0,719.0,1,0,0,train,/content/dentex_crops/train/train_333_14.png
train_333.png,2766,1316,26,1789.0,413.0,1925.0,701.0,1,0,0,train,/content/dentex_crops/train/train_333_26.png
train_419.png,2964,1316,47,820.0,692.0,1096.0,950.0,1,0,0,val,/content/dentex_crops/val/train_419_47.png
train_419.png,2964,1316,45,1134.0,757.0,1266.0,1126.0,0,1,0,val,/content/dentex_crops/val/train_419_45.png
train_419.png,2964,1316,37,1954.0,645.0,2193.0,894.0,1,0,0,val,/content/dentex_crops/val/train_419_37.png
train_419.png,2964,1316,36,1818.0,703.0,2057.0,998.0,1,0,0,val,/content/dentex_crops/val/train_419_36.png
train_537.png,2880,1504,15,991.0,465.0,1113.0,815.0,1,0,0,test,/content/dentex_crops/test/train_537_15.png
train_537.png,2880,1504,13,1158.0,450.0,1301.0,822.0,1,0,0,test,/content/dentex_crops/test/train_537_13.png
train_537.png,2880,1504,33,1647.0,829.0,1784.0,1168.0,1,0,0,test,/content/dentex_crops/test/train_537_33.png
train_63.png,3001,1316,47,916.0,624.0,1202.0,918.0,1,0,0,train,/content/dentex_crops/train/train_63_47.png
train_574.png,2872,1504,48,656.0,800.0,900.0,1044.0,1,0,0,train,/content/dentex_crops/train/train_574_48.png
train_55.png,2872,1504,26,1708.0,561.0,1917.0,882.0,0,0,1,train,/content/dentex_crops/train/train_55_26.png
train_55.png,2872,1504,16,1012.0,592.0,1199.0,896.0,0,0,1,train,/content/dentex_crops/train/train_55_16.png
train_55.png,2872,1504,17,945.0,620.0,1087.0,871.0,0,1,0,train,/content/dentex_crops/train/train_55_17.png
train_55.png,2872,1504,47,882.0,896.0,1096.0,1194.0,1,0,0,train,/content/dentex_crops/train/train_55_47.png
train_55.png,2872,1504,46,1023.0,927.0,1240.0,1221.0,1,0,0,train,/content/dentex_crops/train/train_55_46.png
train_55.png,2872,1504,45,1157.0,924.0,1333.0,1238.0,1,0,0,train,/content/dentex_crops/train/train_55_45.png
train_55.png,2872,1504,35,1634.0,908.0,1842.0,1211.0,1,0,0,train,/content/dentex_crops/train/train_55_35.png
train_55.png,2872,1504,36,1723.0,898.0,1984.0,1214.0,1,0,0,train,/content/dentex_crops/train/train_55_36.png
train_307.png,2893,1316,17,852.0,316.0,996.0,630.0,1,0,0,train,/content/dentex_crops/train/train_307_17.png
train_307.png,2893,1316,24,1644.0,294.0,1790.0,674.0,1,0,0,train,/content/dentex_crops/train/train_307_24.png
train_307.png,2893,1316,26,1798.148148148148,344.4444444444444,1940.7407407407406,677.7777777777777,1,0,0,train,/content/dentex_crops/train/train_307_26.png
train_307.png,2893,1316,47,768.5185185185185,625.9259259259259,1051.8518518518517,959.2592592592592,1,0,0,train,/content/dentex_crops/train/train_307_47.png
train_278.png,2922,1316,16,1035.0,299.0,1164.0,597.0,1,0,0,test,/content/dentex_crops/test/train_278_16.png
train_278.png,2922,1316,24,1682.0,302.0,1792.0,638.0,1,0,0,test,/content/dentex_crops/test/train_278_24.png
train_278.png,2922,1316,35,1732.0,625.0,1833.0,938.0,1,0,0,test,/content/dentex_crops/test/train_278_35.png
train_418.png,2840,1316,17,790.2912621359224,372.81553398058253,932.0388349514562,683.495145631068,1,0,0,val,/content/dentex_crops/val/train_418_17.png
train_418.png,2840,1316,27,1829.126213592233,385.43689320388347,2020.388349514563,689.3203883495146,1,0,0,val,/content/dentex_crops/val/train_418_27.png
train_418.png,2840,1316,35,1620.388349514563,693.2038834951456,1770.873786407767,1051.4563106796115,1,0,0,val,/content/dentex_crops/val/train_418_35.png
train_418.png,2840,1316,36,1717.4757281553398,694.1747572815534,1941.7475728155339,1059.2233009708737,1,0,0,val,/content/dentex_crops/val/train_418_36.png
train_418.png,2840,1316,38,1991.2621359223301,670.8737864077669,2197.0873786407765,999.0291262135922,1,0,0,val,/content/dentex_crops/val/train_418_38.png
train_418.png,2840,1316,45,1055.3398058252426,690.2912621359224,1176.6990291262136,1066.990291262136,1,0,0,val,/content/dentex_crops/val/train_418_45.png
train_418.png,2840,1316,46,878.6407766990291,688.3495145631068,1084.4660194174758,1023.3009708737864,1,0,0,val,/content/dentex_crops/val/train_418_46.png
train_418.png,2840,1316,47,810.6796116504854,680.5825242718446,964.0776699029126,1006.7961165048544,0,1,0,val,/content/dentex_crops/val/train_418_47.png
train_380.png,2884,1504,47,957.0,808.0,1159.0,1119.0,0,1,0,val,/content/dentex_crops/val/train_380_47.png
train_633.png,2973,1316,27,1897.0,470.0,2047.0,772.0,1,0,0,train,/content/dentex_crops/train/train_633_27.png
train_491.png,2936,1316,35,1744.5555555555554,732.9259259259259,1872.3333333333333,1082.9259259259259,1,0,0,val,/content/dentex_crops/val/train_491_35.png
train_491.png,2936,1316,36,1809.3703703703702,717.0,2031.5925925925924,1068.111111111111,0,1,0,val,/content/dentex_crops/val/train_491_36.png
train_354.png,3045,1350,46,996.0,764.0,1200.0,1084.0,1,0,0,train,/content/dentex_crops/train/train_354_46.png
train_354.png,3045,1350,16,1011.0,444.0,1161.0,749.0,1,0,0,train,/content/dentex_crops/train/train_354_16.png
train_520.png,2942,1316,21,1422.4814814814813,416.0,1507.6666666666665,713.7407407407406,1,0,0,val,/content/dentex_crops/val/train_520_21.png
train_163.png,2917,1316,38,1938.0,667.0,2170.0,892.0,1,0,0,val,/content/dentex_crops/val/train_163_38.png
train_242.png,2844,1316,16,863.0,593.4102564102564,1067.0,842.1282051282051,1,0,0,train,/content/dentex_crops/train/train_242_16.png
train_242.png,2844,1316,17,765.1025641025641,566.8205128205128,925.0,851.4358974358973,1,0,0,train,/content/dentex_crops/train/train_242_17.png
train_242.png,2844,1316,25,1741.3076923076922,541.0,1864.0,797.7692307692307,1,0,0,train,/content/dentex_crops/train/train_242_25.png
train_242.png,2844,1316,37,1871.051282051282,809.0,2063.0,1049.0,1,0,0,train,/content/dentex_crops/train/train_242_37.png
train_242.png,2844,1316,38,2002.2564102564102,786.0,2187.0,1008.2307692307693,1,0,0,train,/content/dentex_crops/train/train_242_38.png
train_242.png,2844,1316,47,751.0,824.8717948717948,957.0,1057.0,0,1,0,train,/content/dentex_crops/train/train_242_47.png
train_36.png,2544,1504,45,694.0,980.0,844.0,1256.0,1,0,0,train,/content/dentex_crops/train/train_36_45.png
train_36.png,2544,1504,17,486.0,674.0,644.0,929.0,1,0,0,train,/content/dentex_crops/train/train_36_17.png
train_36.png,2544,1504,37,1636.0,984.0,1849.0,1276.0,1,0,0,train,/content/dentex_crops/train/train_36_37.png
train_186.png,2891,1316,47,695.0,610.0,976.0,909.0,1,0,0,train,/content/dentex_crops/train/train_186_47.png
train_397.png,3002,1316,36,1767.0,705.0,2003.0,983.1764705882351,1,1,0,train,/content/dentex_crops/train/train_397_36.png
train_397.png,3002,1316,47,910.0,677.0,1151.0,921.4117647058822,1,0,0,train,/content/dentex_crops/train/train_397_47.png
train_397.png,3002,1316,17,985.0,395.0,1130.0,697.0,1,0,0,train,/content/dentex_crops/train/train_397_17.png
train_397.png,3002,1316,37,1889.0,651.0,2130.0,894.0,1,0,0,train,/content/dentex_crops/train/train_397_37.png
train_508.png,2872,1504,47,738.0,747.0,1029.0,1087.0,1,0,0,train,/content/dentex_crops/train/train_508_47.png
train_508.png,2872,1504,45,1054.0,795.0,1169.0,1180.0,0,1,0,train,/content/dentex_crops/train/train_508_45.png
train_508.png,2872,1504,38,2126.969696969697,731.030303030303,2377.969696969697,1042.030303030303,1,0,0,train,/content/dentex_crops/train/train_508_38.png
train_522.png,2925,1316,48,701.0,569.0,930.0,834.0,0,1,0,train,/content/dentex_crops/train/train_522_48.png
train_522.png,2925,1316,47,787.0,626.0,1067.0,947.0,0,1,0,train,/content/dentex_crops/train/train_522_47.png
train_522.png,2925,1316,17,901.0,288.0,1075.0,604.0,1,0,0,train,/content/dentex_crops/train/train_522_17.png
train_522.png,2925,1316,26,1785.0,338.0,1940.0,681.0,1,0,0,train,/content/dentex_crops/train/train_522_26.png
train_384.png,2872,1504,46,965.0,775.0,1196.0,1099.0,1,0,0,test,/content/dentex_crops/test/train_384_46.png
train_569.png,2868,1504,37,2086.0,824.0,2340.0,1172.0,1,0,0,train,/content/dentex_crops/train/train_569_37.png
train_569.png,2868,1504,47,742.0,816.0,925.0,1134.0,0,1,0,train,/content/dentex_crops/train/train_569_47.png
train_569.png,2868,1504,16,834.0,479.0,1019.0,821.0,0,1,0,train,/content/dentex_crops/train/train_569_16.png
train_553.png,2872,1504,36,1912.0,802.0,2157.0,1131.0,1,0,0,train,/content/dentex_crops/train/train_553_36.png
train_553.png,2872,1504,35,1749.0,807.0,1947.0,1135.0,1,0,0,train,/content/dentex_crops/train/train_553_35.png
train_553.png,2872,1504,46,806.0,808.0,1056.0,1164.0,0,0,1,train,/content/dentex_crops/train/train_553_46.png
train_140.png,2872,1504,47,637.0,854.0,923.0,1117.0,1,0,0,test,/content/dentex_crops/test/train_140_47.png
train_140.png,2872,1504,46,798.0,905.0,1058.0,1189.0,1,0,0,test,/content/dentex_crops/test/train_140_46.png
train_140.png,2872,1504,38,2147.0,871.0,2375.0,1123.0,1,0,0,test,/content/dentex_crops/test/train_140_38.png
train_140.png,2872,1504,35,1752.0,961.0,1958.0,1271.0,1,0,0,test,/content/dentex_crops/test/train_140_35.png
train_140.png,2872,1504,26,1930.0,605.0,2088.0,902.0,1,0,0,test,/content/dentex_crops/test/train_140_26.png
train_140.png,2872,1504,27,2071.0,628.0,2194.0,902.0,1,0,0,test,/content/dentex_crops/test/train_140_27.png
train_140.png,2872,1504,37,2004.0,910.0,2291.0,1188.0,1,0,0,test,/content/dentex_crops/test/train_140_37.png
train_140.png,2872,1504,36,1862.0,938.0,2143.0,1244.0,1,0,0,test,/content/dentex_crops/test/train_140_36.png
train_449.png,2872,1504,47,770.0,891.0,976.0,1186.0,1,0,0,train,/content/dentex_crops/train/train_449_47.png
train_449.png,2872,1504,46,892.0,918.0,1122.0,1198.0,1,0,0,train,/content/dentex_crops/train/train_449_46.png
train_449.png,2872,1504,26,1817.0,667.0,1985.0,929.0,1,0,0,train,/content/dentex_crops/train/train_449_26.png
train_547.png,2780,1316,48,556.0,539.0,796.0,790.0,1,0,0,train,/content/dentex_crops/train/train_547_48.png
train_547.png,2780,1316,47,704.0,564.0,945.0,861.0,1,0,0,train,/content/dentex_crops/train/train_547_47.png
train_284.png,2872,1504,46,841.0,870.0,1107.0,1180.0,1,0,0,train,/content/dentex_crops/train/train_284_46.png
train_284.png,2872,1504,36,1800.0,959.0,2013.0,1201.0,0,1,0,train,/content/dentex_crops/train/train_284_36.png
train_284.png,2872,1504,27,2085.0,538.0,2277.0,799.0,1,0,0,train,/content/dentex_crops/train/train_284_27.png
train_284.png,2872,1504,24,1779.0,622.0,1905.0,882.0,1,0,0,train,/content/dentex_crops/train/train_284_24.png
train_284.png,2872,1504,25,1896.0,596.0,2010.0,889.0,1,0,0,train,/content/dentex_crops/train/train_284_25.png
train_284.png,2872,1504,16,880.0,492.0,1066.0,811.0,1,0,0,train,/content/dentex_crops/train/train_284_16.png
train_222.png,2872,1504,18,770.0,450.0,915.0,749.0,0,1,0,train,/content/dentex_crops/train/train_222_18.png
train_222.png,2872,1504,26,1911.030303030303,490.9696969696969,2083.030303030303,786.9696969696969,1,0,0,train,/content/dentex_crops/train/train_222_26.png
train_222.png,2872,1504,36,1824.0,790.0,2075.0,1129.0,1,0,0,train,/content/dentex_crops/train/train_222_36.png
train_222.png,2872,1504,46,896.0,744.0,1161.0,1080.0,1,0,0,train,/content/dentex_crops/train/train_222_46.png
train_671.png,2892,1503,36,1851.0,822.0,2092.0,1158.0,0,1,0,train,/content/dentex_crops/train/train_671_36.png
train_671.png,2892,1503,47,778.0,740.0,1053.0,1061.0,1,0,0,train,/content/dentex_crops/train/train_671_47.png
train_671.png,2892,1503,16,985.0,458.0,1148.0,782.0,1,0,0,train,/content/dentex_crops/train/train_671_16.png
train_671.png,2892,1503,48,699.0,682.0,942.0,932.0,1,0,0,train,/content/dentex_crops/train/train_671_48.png
train_671.png,2892,1503,37,1959.0,781.0,2215.0,1109.0,1,0,0,train,/content/dentex_crops/train/train_671_37.png
train_114.png,2870,1316,36,1755.0,546.0,2011.0,826.0,1,0,0,train,/content/dentex_crops/train/train_114_36.png
train_318.png,2808,1316,34,1621.0,696.0,1705.0,1018.0,1,0,0,train,/content/dentex_crops/train/train_318_34.png
train_395.png,2872,1504,46,1018.0,771.0,1218.0,1093.0,0,0,1,test,/content/dentex_crops/test/train_395_46.png
train_567.png,2914,1316,27,1904.7619047619046,394.2857142857143,2040.952380952381,619.047619047619,1,0,0,train,/content/dentex_crops/train/train_567_27.png
train_567.png,2914,1316,17,911.4285714285714,387.6190476190476,1085.7142857142858,605.7142857142857,1,0,0,train,/content/dentex_crops/train/train_567_17.png
train_399.png,2868,1504,47,629.0,872.0,867.0,1146.0,1,0,0,train,/content/dentex_crops/train/train_399_47.png
train_390.png,2868,1504,16,1103.0,625.0,1270.0,904.0,1,0,0,train,/content/dentex_crops/train/train_390_16.png
train_390.png,2868,1504,27,1861.0,627.0,2002.0,877.0,0,1,0,train,/content/dentex_crops/train/train_390_27.png
train_390.png,2868,1504,37,1886.0,865.0,2087.0,1116.0,1,0,0,train,/content/dentex_crops/train/train_390_37.png
train_490.png,2744,1316,25,1627.0,478.0,1688.6666666666667,779.6666666666667,0,1,0,val,/content/dentex_crops/val/train_490_25.png
train_490.png,2744,1316,26,1683.6666666666667,474.66666666666674,1813.6666666666667,761.3333333333334,1,0,0,val,/content/dentex_crops/val/train_490_26.png
train_490.png,2744,1316,36,1683.6666666666667,761.3333333333334,1885.3333333333335,1099.6666666666667,0,1,0,val,/content/dentex_crops/val/train_490_36.png
train_490.png,2744,1316,45,1087.0,779.6666666666667,1237.0,1093.0,0,1,0,val,/content/dentex_crops/val/train_490_45.png
train_490.png,2744,1316,46,940.3333333333334,764.6666666666667,1145.3333333333335,1058.0,1,0,0,val,/content/dentex_crops/val/train_490_46.png
train_490.png,2744,1316,48,695.3333333333334,674.6666666666667,987.0,909.6666666666667,1,0,0,val,/content/dentex_crops/val/train_490_48.png
train_642.png,2879,1316,47,749.0,649.0,964.0,919.0,1,0,0,test,/content/dentex_crops/test/train_642_47.png
train_642.png,2879,1316,25,1781.0,400.0,1877.0,707.0,1,0,0,test,/content/dentex_crops/test/train_642_25.png
train_642.png,2879,1316,16,885.0,383.0,1033.0,676.0,1,0,0,test,/content/dentex_crops/test/train_642_16.png
train_587.png,2714,1316,17,692.0689655172414,348.3103448275863,887.0,672.4482758620691,1,0,0,train,/content/dentex_crops/train/train_587_17.png
train_587.png,2714,1316,18,595.5172413793103,398.3103448275863,755.8620689655173,674.1724137931035,0,1,0,train,/content/dentex_crops/train/train_587_18.png
train_587.png,2714,1316,24,1590.344827586207,315.55172413793105,1690.344827586207,613.8275862068966,0,1,0,train,/content/dentex_crops/train/train_587_24.png
train_587.png,2714,1316,25,1648.9655172413795,308.65517241379314,1776.5517241379312,608.6551724137931,1,0,0,train,/content/dentex_crops/train/train_587_25.png
train_587.png,2714,1316,26,1740.344827586207,308.65517241379314,1936.8965517241381,613.8275862068966,1,0,0,train,/content/dentex_crops/train/train_587_26.png
train_587.png,2714,1316,27,1880.0000000000002,296.58620689655174,2017.9310344827588,586.2413793103449,1,0,0,train,/content/dentex_crops/train/train_587_27.png
train_587.png,2714,1316,45,946.8620689655173,665.0689655172414,1047.0,978.8620689655172,1,0,0,train,/content/dentex_crops/train/train_587_45.png
train_587.png,2714,1316,46,798.9655172413794,655.2068965517242,969.6551724137931,979.344827586207,1,0,0,train,/content/dentex_crops/train/train_587_46.png
train_53.png,2884,1504,47,674.0,765.0,881.0,1053.0,1,0,0,val,/content/dentex_crops/val/train_53_47.png
train_53.png,2884,1504,46,812.0,802.0,1035.0,1103.0,1,0,0,val,/content/dentex_crops/val/train_53_46.png
train_53.png,2884,1504,17,658.0,477.0,818.0,765.0,1,0,0,val,/content/dentex_crops/val/train_53_17.png
train_53.png,2884,1504,16,793.0,486.0,958.0,794.0,1,0,0,val,/content/dentex_crops/val/train_53_16.png
train_53.png,2884,1504,36,1955.0,821.0,2197.0,1138.0,0,1,0,val,/content/dentex_crops/val/train_53_36.png
train_53.png,2884,1504,37,2120.0,784.0,2351.0,1086.0,1,0,0,val,/content/dentex_crops/val/train_53_37.png
train_427.png,2927,1316,15,1032.0754716981132,249.0566037735849,1141.509433962264,664.1509433962264,1,0,0,train,/content/dentex_crops/train/train_427_15.png
train_427.png,2927,1316,16,920.754716981132,294.33962264150944,1075.4716981132076,681.132075471698,1,0,0,train,/content/dentex_crops/train/train_427_16.png
train_427.png,2927,1316,46,896.6666666666666,663.3333333333334,1102.2222222222222,1035.5555555555554,1,0,0,train,/content/dentex_crops/train/train_427_46.png
train_641.png,2989,1316,47,952.0,734.0,1199.0,962.0,1,0,0,train,/content/dentex_crops/train/train_641_47.png
train_641.png,2989,1316,27,1847.0,492.0,1996.0,721.0,1,0,0,train,/content/dentex_crops/train/train_641_27.png
train_641.png,2989,1316,46,1082.0,749.0,1290.0,1027.0,1,0,0,train,/content/dentex_crops/train/train_641_46.png
train_667.png,2923,1316,46,979.0,679.0,1216.0,960.0,1,0,0,train,/content/dentex_crops/train/train_667_46.png
train_667.png,2923,1316,27,1879.0,381.0,2031.0,685.0,1,0,0,train,/content/dentex_crops/train/train_667_27.png
train_139.png,2831,1316,36,1710.0,642.0,1970.0,928.0,0,1,0,train,/content/dentex_crops/train/train_139_36.png
train_139.png,2831,1316,38,1986.0,550.0,2174.0,812.0,0,1,0,train,/content/dentex_crops/train/train_139_38.png
train_139.png,2831,1316,17,740.0,406.0,880.0,738.0,1,0,0,train,/content/dentex_crops/train/train_139_17.png
train_139.png,2831,1316,16,869.0,374.0,1013.0,718.0,1,0,0,train,/content/dentex_crops/train/train_139_16.png
train_139.png,2831,1316,18,652.0,404.0,788.0,642.0,0,1,0,train,/content/dentex_crops/train/train_139_18.png
train_256.png,2884,1504,36,1973.170731707317,913.0,2214.0,1221.0,1,0,0,train,/content/dentex_crops/train/train_256_36.png
train_256.png,2884,1504,14,1074.0,596.0,1199.0,914.0,1,0,0,train,/content/dentex_crops/train/train_256_14.png
train_256.png,2884,1504,26,1980.4878048780486,579.0,2157.0,889.0,1,0,0,train,/content/dentex_crops/train/train_256_26.png
train_256.png,2884,1504,22,1585.0,607.0,1727.0,937.0,1,0,0,train,/content/dentex_crops/train/train_256_22.png
train_256.png,2884,1504,15,985.3658536585365,606.0975609756097,1104.8780487804877,908.5365853658536,1,0,0,train,/content/dentex_crops/train/train_256_15.png
train_42.png,2828,1316,21,1394.0,407.0,1482.0,720.0,1,0,0,train,/content/dentex_crops/train/train_42_21.png
train_42.png,2828,1316,47,672.0,729.0,928.0,1003.0,1,0,0,train,/content/dentex_crops/train/train_42_47.png
train_42.png,2828,1316,46,823.0,753.0,1062.0,1069.0,1,0,0,train,/content/dentex_crops/train/train_42_46.png
train_42.png,2828,1316,45,1013.0,758.0,1145.0,1077.0,1,0,0,train,/content/dentex_crops/train/train_42_45.png
train_42.png,2828,1316,36,1774.0,743.0,2023.0,1052.0,1,0,0,train,/content/dentex_crops/train/train_42_36.png
train_42.png,2828,1316,25,1656.0,437.0,1784.0,754.0,1,0,0,train,/content/dentex_crops/train/train_42_25.png
train_42.png,2828,1316,16,871.0,457.0,1045.0,752.0,1,0,0,train,/content/dentex_crops/train/train_42_16.png
train_42.png,2828,1316,33,1564.0,730.0,1690.0,1061.0,1,0,0,train,/content/dentex_crops/train/train_42_33.png
train_23.png,2872,1504,26,1937.0,615.0,2095.0,901.0,1,0,0,train,/content/dentex_crops/train/train_23_26.png
train_23.png,2872,1504,16,918.0,630.0,1081.0,965.0,1,0,0,train,/content/dentex_crops/train/train_23_16.png
train_563.png,2907,1316,17,895.2380952380952,379.36507936507934,1085.7142857142858,701.5873015873016,1,0,0,train,/content/dentex_crops/train/train_563_17.png
train_563.png,2907,1316,36,1755.5555555555557,688.8888888888889,2001.5873015873017,1026.984126984127,1,0,0,train,/content/dentex_crops/train/train_563_36.png
train_563.png,2907,1316,46,950.7936507936508,711.1111111111111,1217.4603174603174,1055.5555555555557,1,0,0,train,/content/dentex_crops/train/train_563_46.png
train_97.png,2892,1504,28,2051.0,388.0,2205.0,689.0,1,0,0,train,/content/dentex_crops/train/train_97_28.png
train_97.png,2892,1504,38,2038.0,672.0,2310.0,969.0,0,1,1,train,/content/dentex_crops/train/train_97_38.png
train_97.png,2892,1504,36,1762.0,721.0,2023.0,1070.0,1,0,0,train,/content/dentex_crops/train/train_97_36.png
train_601.png,2795,1316,37,1819.0,678.0,2061.0,923.0,1,0,0,train,/content/dentex_crops/train/train_601_37.png
train_601.png,2795,1316,36,1669.0,724.0,1913.0,1018.0,1,0,0,train,/content/dentex_crops/train/train_601_36.png
train_601.png,2795,1316,27,1818.0,340.0,1954.0,668.0,1,0,0,train,/content/dentex_crops/train/train_601_27.png
train_601.png,2795,1316,25,1622.2222222222222,324.67287646928366,1724.074074074074,679.3025060989132,1,0,0,train,/content/dentex_crops/train/train_601_25.png
train_197.png,2872,1504,38,2177.0,832.0,2404.0,1161.0,1,0,0,val,/content/dentex_crops/val/train_197_38.png
train_197.png,2872,1504,47,788.0,856.0,943.0,1175.0,1,0,1,val,/content/dentex_crops/val/train_197_47.png
train_197.png,2872,1504,46,929.0,810.0,1103.0,1139.0,1,0,0,val,/content/dentex_crops/val/train_197_46.png
train_197.png,2872,1504,24,1788.0,438.0,1974.0,757.0,1,0,0,val,/content/dentex_crops/val/train_197_24.png
train_197.png,2872,1504,25,1891.0,498.0,2093.0,788.0,1,0,0,val,/content/dentex_crops/val/train_197_25.png
train_275.png,2872,1504,18,738.0,526.0,896.0,810.0,0,1,0,train,/content/dentex_crops/train/train_275_18.png
train_275.png,2872,1504,16,986.0,563.0,1134.0,874.0,0,1,0,train,/content/dentex_crops/train/train_275_16.png
train_275.png,2872,1504,25,1806.7567567567569,567.5675675675676,1901.3513513513515,877.0270270270271,0,0,1,train,/content/dentex_crops/train/train_275_25.png
train_275.png,2872,1504,22,1591.8918918918919,564.8648648648649,1674.3243243243244,893.2432432432432,0,0,1,train,/content/dentex_crops/train/train_275_22.png
train_422.png,2836,1316,36,1725.0,664.0,2058.0,898.0,1,0,0,train,/content/dentex_crops/train/train_422_36.png
train_422.png,2836,1316,25,1648.0,348.0,1767.0,684.0,1,0,0,train,/content/dentex_crops/train/train_422_25.png
train_422.png,2836,1316,43,1191.0,733.0,1282.0,1070.0,1,0,0,train,/content/dentex_crops/train/train_422_43.png
train_422.png,2836,1316,17,939.3846153846154,389.0,1039.3846153846152,606.3076923076923,0,1,0,train,/content/dentex_crops/train/train_422_17.png
train_422.png,2836,1316,18,833.6153846153846,371.6923076923076,964.3846153846154,610.1538461538461,0,1,0,train,/content/dentex_crops/train/train_422_18.png
train_378.png,2805,1316,48,710.0,694.0,963.0,913.0,1,0,0,train,/content/dentex_crops/train/train_378_48.png
train_378.png,2805,1316,35,1714.0,763.0,1855.0,1072.0,1,0,0,train,/content/dentex_crops/train/train_378_35.png
train_378.png,2805,1316,36,1806.0,741.0,2020.0,1010.0,0,1,0,train,/content/dentex_crops/train/train_378_36.png
train_378.png,2805,1316,34,1618.0,764.0,1741.0,1055.0,1,0,0,train,/content/dentex_crops/train/train_378_34.png
train_258.png,2872,1504,15,1133.0,424.0,1306.0,744.0,0,0,1,test,/content/dentex_crops/test/train_258_15.png
train_258.png,2872,1504,47,874.0,779.0,1075.0,1043.0,0,1,0,test,/content/dentex_crops/test/train_258_47.png
train_258.png,2872,1504,35,1681.0,817.0,1830.0,1134.0,0,1,0,test,/content/dentex_crops/test/train_258_35.png
train_258.png,2872,1504,36,1766.0,813.0,2003.0,1132.0,1,0,0,test,/content/dentex_crops/test/train_258_36.png
train_258.png,2872,1504,27,1930.0,493.0,2075.0,831.0,1,0,0,test,/content/dentex_crops/test/train_258_27.png
train_258.png,2872,1504,14,1243.0,419.0,1341.0,834.0,1,0,0,test,/content/dentex_crops/test/train_258_14.png
train_258.png,2872,1504,26,1769.0,470.0,1969.0,819.0,1,0,0,test,/content/dentex_crops/test/train_258_26.png
train_258.png,2872,1504,17,926.0,494.0,1092.0,807.0,1,0,0,test,/content/dentex_crops/test/train_258_17.png
train_258.png,2872,1504,16,1038.0,468.0,1224.0,800.0,1,0,0,test,/content/dentex_crops/test/train_258_16.png
train_616.png,2476,1504,48,144.0,742.0,422.0,1011.0,1,0,0,test,/content/dentex_crops/test/train_616_48.png
train_616.png,2476,1504,38,1789.0,788.0,2019.0,1066.0,1,0,0,test,/content/dentex_crops/test/train_616_38.png
train_616.png,2476,1504,47,298.0,815.0,560.0,1082.0,1,0,0,test,/content/dentex_crops/test/train_616_47.png
train_616.png,2476,1504,14,687.0,603.0,791.0,858.0,0,1,0,test,/content/dentex_crops/test/train_616_14.png
train_616.png,2476,1504,22,1187.0,613.0,1301.0,930.0,1,0,0,test,/content/dentex_crops/test/train_616_22.png
train_616.png,2476,1504,36,1491.0,843.0,1746.0,1129.0,1,0,0,test,/content/dentex_crops/test/train_616_36.png
train_647.png,2935,1316,12,1245.7037037037037,288.3703703703703,1358.6666666666665,671.7037037037037,1,0,0,val,/content/dentex_crops/val/train_647_12.png
train_647.png,2935,1316,16,894.0,405.0,1066.074074074074,632.7037037037037,0,1,0,val,/content/dentex_crops/val/train_647_16.png
train_647.png,2935,1316,25,1818.7777777777776,339.2222222222222,1922.4814814814813,672.5555555555555,1,0,0,val,/content/dentex_crops/val/train_647_25.png
train_647.png,2935,1316,32,1551.2592592592591,668.0,1636.4444444444443,1029.111111111111,1,0,0,val,/content/dentex_crops/val/train_647_32.png
train_647.png,2935,1316,33,1619.7777777777776,677.2592592592592,1699.4074074074074,1079.111111111111,0,1,0,val,/content/dentex_crops/val/train_647_33.png
train_647.png,2935,1316,34,1677.185185185185,701.3333333333333,1780.8888888888887,1058.7407407407406,0,1,0,val,/content/dentex_crops/val/train_647_34.png
train_647.png,2935,1316,35,1760.5185185185185,692.0,1854.9629629629628,1042.074074074074,1,0,0,val,/content/dentex_crops/val/train_647_35.png
train_647.png,2935,1316,37,1869.185185185185,656.0,2134.0,968.7037037037037,1,0,0,val,/content/dentex_crops/val/train_647_37.png
train_647.png,2935,1316,38,2001.2592592592591,617.0,2299.4074074074074,890.2222222222222,1,0,0,val,/content/dentex_crops/val/train_647_38.png
train_647.png,2935,1316,46,830.8888888888888,630.9629629629629,1047.5555555555554,951.3333333333333,1,0,0,val,/content/dentex_crops/val/train_647_46.png
train_178.png,2868,1504,18,647.0,551.0,780.0,852.0,1,0,0,train,/content/dentex_crops/train/train_178_18.png
train_178.png,2868,1504,24,1760.0,581.0,1891.0,902.0,1,0,0,train,/content/dentex_crops/train/train_178_24.png
train_178.png,2868,1504,28,2199.0,589.0,2339.0,897.0,1,0,0,train,/content/dentex_crops/train/train_178_28.png
train_178.png,2868,1504,17,771.6666666666667,560.0,910.0,865.0,1,0,0,train,/content/dentex_crops/train/train_178_17.png
train_350.png,2850,1316,37,1875.4545454545453,671.3636363636363,2150.0,946.0,1,0,0,train,/content/dentex_crops/train/train_350_37.png
train_350.png,2850,1316,47,791.0,650.3636363636363,1055.0,997.6363636363635,1,1,0,train,/content/dentex_crops/train/train_350_47.png
train_249.png,2868,1504,27,1938.0,476.0,2126.0,784.0,0,1,0,train,/content/dentex_crops/train/train_249_27.png
train_249.png,2868,1504,35,1717.0,851.0,1857.0,1192.0,0,1,0,train,/content/dentex_crops/train/train_249_35.png
train_249.png,2868,1504,36,1795.0,839.0,2051.0,1174.0,1,0,0,train,/content/dentex_crops/train/train_249_36.png
train_249.png,2868,1504,45,1063.0,893.0,1185.0,1118.0,1,0,0,train,/content/dentex_crops/train/train_249_45.png
train_249.png,2868,1504,12,1301.0,433.0,1405.0,747.0,1,0,0,train,/content/dentex_crops/train/train_249_12.png
train_249.png,2868,1504,11,1365.0,471.0,1461.0,808.0,1,0,0,train,/content/dentex_crops/train/train_249_11.png
train_249.png,2868,1504,25,1766.0,477.0,1880.0,805.0,1,0,0,train,/content/dentex_crops/train/train_249_25.png
train_235.png,2772,1316,11,1300.0,271.83333333333337,1408.3333333333335,605.1666666666667,1,0,0,val,/content/dentex_crops/val/train_235_11.png
train_235.png,2772,1316,14,1031.25,317.6666666666667,1175.0,638.5,1,0,0,val,/content/dentex_crops/val/train_235_14.png
train_235.png,2772,1316,15,945.8333333333334,326.0,1083.3333333333335,651.0,1,0,0,val,/content/dentex_crops/val/train_235_15.png
train_235.png,2772,1316,16,816.6666666666667,351.0,1010.4166666666667,678.0833333333334,1,0,0,val,/content/dentex_crops/val/train_235_16.png
train_235.png,2772,1316,26,1810.0,336.4166666666667,1981.25,653.0833333333334,1,0,0,val,/content/dentex_crops/val/train_235_26.png
train_235.png,2772,1316,27,1945.8333333333335,319.75,2068.75,653.0833333333334,1,0,0,val,/content/dentex_crops/val/train_235_27.png
train_235.png,2772,1316,34,1633.3333333333335,663.5,1731.25,1005.1666666666667,1,0,0,val,/content/dentex_crops/val/train_235_34.png
train_235.png,2772,1316,35,1718.75,669.75,1818.75,1032.25,1,0,0,val,/content/dentex_crops/val/train_235_35.png
train_235.png,2772,1316,47,704.1666666666667,698.9166666666667,883.3333333333334,1023.9166666666667,1,0,0,val,/content/dentex_crops/val/train_235_47.png
train_180.png,2616,1504,44,935.0,906.0,1079.0,1224.0,1,0,0,train,/content/dentex_crops/train/train_180_44.png
train_180.png,2616,1504,27,1740.0,549.0,1895.0,852.0,1,0,0,train,/content/dentex_crops/train/train_180_27.png
train_180.png,2616,1504,16,730.0,548.0,893.0,876.0,0,1,0,train,/content/dentex_crops/train/train_180_16.png
train_180.png,2616,1504,17,590.0,542.0,749.0,847.0,1,0,0,train,/content/dentex_crops/train/train_180_17.png
train_317.png,2802,1316,26,1836.046511627907,397.6744186046512,1982.5581395348838,730.232558139535,0,1,0,train,/content/dentex_crops/train/train_317_26.png
train_317.png,2802,1316,27,1956.9767441860465,368.60465116279073,2100.0,702.3255813953489,1,0,0,train,/content/dentex_crops/train/train_317_27.png
train_13.png,2935,1316,47,731.0,568.0,1094.0,817.0,1,0,0,train,/content/dentex_crops/train/train_13_47.png
train_13.png,2935,1316,37,1927.0,541.0,2214.0,848.0,1,0,0,train,/content/dentex_crops/train/train_13_37.png
train_13.png,2935,1316,16,937.0,341.0,1081.0,523.0,0,1,0,train,/content/dentex_crops/train/train_13_16.png
train_463.png,2824,1316,16,960.0,477.0,1104.0,754.0,0,1,0,train,/content/dentex_crops/train/train_463_16.png
train_463.png,2824,1316,27,1896.0,415.0,2058.0,698.0,1,0,0,train,/content/dentex_crops/train/train_463_27.png
train_463.png,2824,1316,25,1723.0,473.0,1833.0,758.0,1,0,0,train,/content/dentex_crops/train/train_463_25.png
train_463.png,2824,1316,24,1644.0,451.0,1764.0,776.0,1,0,0,train,/content/dentex_crops/train/train_463_24.png
train_463.png,2824,1316,47,807.0,672.0,1072.0,927.0,0,1,0,train,/content/dentex_crops/train/train_463_47.png
train_463.png,2824,1316,46,920.0,766.0,1171.0,1012.0,0,1,0,train,/content/dentex_crops/train/train_463_46.png
train_463.png,2824,1316,37,1842.0,777.0,2057.0,924.0,0,1,0,train,/content/dentex_crops/train/train_463_37.png
train_68.png,2964,1316,14,1206.0,209.0,1324.2830188679245,514.1509433962264,1,0,0,train,/content/dentex_crops/train/train_68_14.png
train_68.png,2964,1316,26,1818.509433962264,189.64150943396226,1956.245283018868,553.7924528301886,0,1,0,train,/content/dentex_crops/train/train_68_26.png
train_82.png,2872,1504,45,1117.0,949.0,1212.0,1179.0,0,1,1,train,/content/dentex_crops/train/train_82_45.png
train_82.png,2872,1504,46,939.0,900.0,1168.0,1191.0,1,0,0,train,/content/dentex_crops/train/train_82_46.png
train_82.png,2872,1504,26,1834.0,583.0,1996.0,852.0,1,0,0,train,/content/dentex_crops/train/train_82_26.png
train_82.png,2872,1504,27,1935.0,564.0,2103.0,833.0,1,0,0,train,/content/dentex_crops/train/train_82_27.png
train_360.png,2872,1504,28,2144.0,568.0,2277.0,846.0,0,1,0,train,/content/dentex_crops/train/train_360_28.png
train_360.png,2872,1504,17,819.0,496.0,958.0,854.0,1,0,0,train,/content/dentex_crops/train/train_360_17.png
train_360.png,2872,1504,18,707.0,546.0,837.0,848.0,1,0,0,train,/content/dentex_crops/train/train_360_18.png
train_360.png,2872,1504,41,1353.0,897.0,1430.0,1118.0,0,1,0,train,/content/dentex_crops/train/train_360_41.png
train_360.png,2872,1504,38,2083.0,887.0,2307.0,1182.0,1,0,0,train,/content/dentex_crops/train/train_360_38.png
train_360.png,2872,1504,27,2006.0,524.0,2207.0,838.0,1,0,0,train,/content/dentex_crops/train/train_360_27.png
train_589.png,2954,1316,46,906.0,583.0,1132.0,894.0,1,0,0,test,/content/dentex_crops/test/train_589_46.png
train_368.png,2967,1316,17,776.3636363636363,487.27272727272725,925.4545454545454,736.3636363636363,1,0,0,train,/content/dentex_crops/train/train_368_17.png
train_368.png,2967,1316,26,1918.181818181818,441.81818181818176,2052.7272727272725,738.1818181818181,1,0,0,train,/content/dentex_crops/train/train_368_26.png
train_368.png,2967,1316,27,2019.9999999999998,454.5454545454545,2192.7272727272725,721.8181818181818,1,0,0,train,/content/dentex_crops/train/train_368_27.png
train_368.png,2967,1316,37,1967.9090909090908,699.9090909090909,2206.090909090909,965.3636363636363,1,0,0,train,/content/dentex_crops/train/train_368_37.png
train_368.png,2967,1316,47,796.3636363636363,734.5454545454545,987.2727272727271,1009.090909090909,0,1,0,train,/content/dentex_crops/train/train_368_47.png
train_288.png,1976,976,16,617.5,296.25,707.5,505.0,1,0,0,train,/content/dentex_crops/train/train_288_16.png
train_288.png,1976,976,26,1195.0,262.5,1303.75,476.0,1,0,0,train,/content/dentex_crops/train/train_288_26.png
train_288.png,1976,976,46,565.0,523.75,750.0,752.5,1,0,0,train,/content/dentex_crops/train/train_288_46.png
train_46.png,2864,1316,27,1835.7272727272725,463.0,1950.272727272727,739.3636363636363,1,0,0,train,/content/dentex_crops/train/train_46_27.png
train_46.png,2864,1316,37,1842.9999999999998,755.7272727272726,2028.4545454545453,1057.5454545454545,1,0,0,train,/content/dentex_crops/train/train_46_37.png
train_34.png,2872,1504,37,2024.0,871.0,2318.0,1185.0,1,0,0,train,/content/dentex_crops/train/train_34_37.png
train_34.png,2872,1504,36,1871.0,917.0,2160.0,1241.0,1,0,0,train,/content/dentex_crops/train/train_34_36.png
train_34.png,2872,1504,46,865.0,908.0,1123.0,1239.0,1,0,0,train,/content/dentex_crops/train/train_34_46.png
train_34.png,2872,1504,47,684.0,866.0,985.0,1183.0,1,0,0,train,/content/dentex_crops/train/train_34_47.png
train_34.png,2872,1504,48,526.0,783.0,794.0,1180.0,0,0,1,train,/content/dentex_crops/train/train_34_48.png
train_34.png,2872,1504,17,825.0,554.0,990.0,900.0,1,0,0,train,/content/dentex_crops/train/train_34_17.png
train_34.png,2872,1504,11,1389.0,578.0,1513.0,925.0,1,0,0,train,/content/dentex_crops/train/train_34_11.png
train_34.png,2872,1504,21,1510.0,559.0,1632.0,929.0,1,0,0,train,/content/dentex_crops/train/train_34_21.png
train_34.png,2872,1504,26,1930.0,576.0,2104.0,914.0,1,0,0,train,/content/dentex_crops/train/train_34_26.png
train_34.png,2872,1504,27,2069.0,535.0,2226.0,874.0,1,0,0,train,/content/dentex_crops/train/train_34_27.png
train_34.png,2872,1504,28,2167.0,506.0,2352.0,842.0,1,0,0,train,/content/dentex_crops/train/train_34_28.png
train_298.png,2628,1504,48,309.0,833.0,527.0,1059.0,1,0,0,train,/content/dentex_crops/train/train_298_48.png
train_298.png,2628,1504,22,1395.0,638.0,1514.0,951.0,1,0,0,train,/content/dentex_crops/train/train_298_22.png
train_298.png,2628,1504,26,1759.0,625.0,1894.0,887.0,1,0,0,train,/content/dentex_crops/train/train_298_26.png
train_298.png,2628,1504,27,1888.0,601.0,2016.0,851.0,1,0,0,train,/content/dentex_crops/train/train_298_27.png
train_298.png,2628,1504,16,624.0,638.0,782.0,914.0,1,0,0,train,/content/dentex_crops/train/train_298_16.png
train_298.png,2628,1504,38,1973.0,801.0,2175.0,1015.0,1,0,0,train,/content/dentex_crops/train/train_298_38.png
train_298.png,2628,1504,43,1019.0,954.0,1125.0,1243.0,1,0,0,train,/content/dentex_crops/train/train_298_43.png
train_298.png,2628,1504,36,1683.0,879.0,1924.0,1153.0,1,0,0,train,/content/dentex_crops/train/train_298_36.png
train_342.png,2942,1316,32,1566.3703703703702,705.8888888888888,1646.0,1005.8888888888889,1,0,0,train,/content/dentex_crops/train/train_342_32.png
train_342.png,2942,1316,34,1701.5555555555554,715.148148148148,1818.2222222222222,1022.5555555555554,1,0,0,train,/content/dentex_crops/train/train_342_34.png
train_342.png,2942,1316,36,1823.7777777777776,661.4444444444443,2110.814814814815,992.9259259259259,0,1,0,train,/content/dentex_crops/train/train_342_36.png
train_342.png,2942,1316,45,1129.3333333333333,768.8518518518517,1233.037037037037,981.8148148148148,1,0,0,train,/content/dentex_crops/train/train_342_45.png
train_429.png,2854,1316,24,1646.938775510204,275.51020408163265,1776.1904761904761,645.578231292517,1,0,0,test,/content/dentex_crops/test/train_429_24.png
train_429.png,2854,1316,12,1214.1791044776119,263.4328358208955,1311.1940298507461,607.4626865671642,1,0,0,test,/content/dentex_crops/test/train_429_12.png
train_429.png,2854,1316,14,1047.7611940298507,262.6865671641791,1135.820895522388,628.3582089552239,1,0,0,test,/content/dentex_crops/test/train_429_14.png
train_429.png,2854,1316,17,750.7462686567163,231.34328358208953,891.044776119403,586.5671641791045,1,0,0,test,/content/dentex_crops/test/train_429_17.png
train_429.png,2854,1316,34,1591.8032786885246,668.032786885246,1686.8852459016393,1008.1967213114755,1,0,0,test,/content/dentex_crops/test/train_429_34.png
train_429.png,2854,1316,35,1668.032786885246,665.5737704918033,1789.344262295082,1000.0,1,0,0,test,/content/dentex_crops/test/train_429_35.png
train_429.png,2854,1316,36,1754.9180327868853,659.016393442623,1958.1967213114754,986.8852459016393,1,0,0,test,/content/dentex_crops/test/train_429_36.png
train_90.png,2868,1504,16,840.4109589041096,595.8904109589041,1028.0821917808219,864.3835616438356,1,0,0,train,/content/dentex_crops/train/train_90_16.png
train_90.png,2868,1504,26,1939.041095890411,579.4520547945206,2120.5479452054797,868.4931506849315,1,0,0,train,/content/dentex_crops/train/train_90_26.png
train_45.png,2838,1316,35,1649.398058252427,760.9902912621359,1797.0,1072.6407766990292,0,1,0,train,/content/dentex_crops/train/train_45_35.png
train_323.png,2868,1504,44,1214.0,828.0,1349.0,1161.0,0,0,1,train,/content/dentex_crops/train/train_323_44.png
train_444.png,2750,1316,36,1719.0,739.0,1964.0,1036.0,0,1,0,train,/content/dentex_crops/train/train_444_36.png
train_444.png,2750,1316,48,687.0,684.0,950.0,929.0,1,0,0,train,/content/dentex_crops/train/train_444_48.png
train_444.png,2750,1316,46,892.0,713.0,1143.0,991.0,1,0,0,train,/content/dentex_crops/train/train_444_46.png
train_444.png,2750,1316,25,1690.0,455.0,1791.0,751.0,1,0,0,train,/content/dentex_crops/train/train_444_25.png
train_525.png,2657,1316,46,762.0,535.0,1033.0,881.0,1,0,0,train,/content/dentex_crops/train/train_525_46.png
train_525.png,2657,1316,35,1621.0,566.0,1759.0,892.0,1,0,0,train,/content/dentex_crops/train/train_525_35.png
train_525.png,2657,1316,36,1689.0,529.0,1942.0,883.0,1,0,0,train,/content/dentex_crops/train/train_525_36.png
train_525.png,2657,1316,37,1831.0,514.0,2066.0,811.0,1,0,0,train,/content/dentex_crops/train/train_525_37.png
train_185.png,2894,1316,18,731.0,469.0,900.0,747.0,0,1,0,train,/content/dentex_crops/train/train_185_18.png
train_185.png,2894,1316,38,1972.0,753.0,2251.0,972.0,0,1,0,train,/content/dentex_crops/train/train_185_38.png
train_185.png,2894,1316,25,1737.0,428.0,1841.0,706.0,0,1,0,train,/content/dentex_crops/train/train_185_25.png
train_185.png,2894,1316,22,1511.0,435.0,1597.0,714.0,1,0,0,train,/content/dentex_crops/train/train_185_22.png
train_185.png,2894,1316,17,864.0,470.0,1019.0,760.0,0,1,0,train,/content/dentex_crops/train/train_185_17.png
train_185.png,2894,1316,16,968.0,461.0,1118.0,739.0,0,1,0,train,/content/dentex_crops/train/train_185_16.png
train_185.png,2894,1316,24,1680.0,398.0,1768.0,657.0,0,1,0,train,/content/dentex_crops/train/train_185_24.png
train_185.png,2894,1316,27,1959.0,487.0,2097.0,768.0,0,1,0,train,/content/dentex_crops/train/train_185_27.png
train_185.png,2894,1316,28,2061.0,476.0,2204.0,762.0,0,1,0,train,/content/dentex_crops/train/train_185_28.png
train_185.png,2894,1316,45,1065.0,745.0,1182.0,1061.0,1,0,0,train,/content/dentex_crops/train/train_185_45.png
train_185.png,2894,1316,47,754.0,762.0,997.0,1046.0,1,0,0,train,/content/dentex_crops/train/train_185_47.png
train_465.png,2928,1316,47,705.0,608.0,1036.0,933.0,0,1,0,train,/content/dentex_crops/train/train_465_47.png
train_465.png,2928,1316,27,1915.0,320.0,2044.0,643.0,1,0,0,train,/content/dentex_crops/train/train_465_27.png
train_465.png,2928,1316,37,1872.0,639.0,2143.0,921.0,1,0,0,train,/content/dentex_crops/train/train_465_37.png
train_465.png,2928,1316,25,1734.0,361.0,1821.0,668.0,1,0,0,train,/content/dentex_crops/train/train_465_25.png
train_335.png,2659,1316,24,1550.0,504.4347826086956,1672.0,840.0,1,0,0,train,/content/dentex_crops/train/train_335_24.png
train_335.png,2659,1316,25,1640.391304347826,482.4347826086956,1743.6521739130435,821.5652173913043,1,0,0,train,/content/dentex_crops/train/train_335_25.png
train_335.png,2659,1316,26,1728.0,483.695652173913,1885.8695652173913,797.8260869565217,0,1,0,train,/content/dentex_crops/train/train_335_26.png
train_335.png,2659,1316,27,1804.3478260869565,456.52173913043475,1966.3043478260868,692.391304347826,1,0,0,train,/content/dentex_crops/train/train_335_27.png
train_335.png,2659,1316,16,773.7391304347826,520.6521739130435,916.1304347826086,811.9565217391304,0,1,0,train,/content/dentex_crops/train/train_335_16.png
train_335.png,2659,1316,34,1517.6521739130435,836.8260869565217,1612.2173913043478,1125.9565217391305,1,0,0,train,/content/dentex_crops/train/train_335_34.png
train_335.png,2659,1316,46,728.2485875706215,814.6892655367232,980.7909604519774,1137.2881355932204,1,0,0,train,/content/dentex_crops/train/train_335_46.png
train_627.png,2670,1316,46,745.2380952380953,667.8571428571429,976.1904761904763,1015.4761904761905,1,0,0,test,/content/dentex_crops/test/train_627_46.png
train_227.png,2922,1316,36,1728.1428571428569,824.8571428571427,1960.0,1088.0,0,1,0,train,/content/dentex_crops/train/train_227_36.png
train_52.png,2836,1316,37,1859.0,654.0,2076.4444444444443,951.5555555555557,1,0,0,train,/content/dentex_crops/train/train_52_37.png
train_556.png,2727,1316,11,1246.344827586207,390.79310344827593,1370.4827586206898,758.0344827586207,1,0,0,val,/content/dentex_crops/val/train_556_11.png
train_556.png,2727,1316,24,1571.0344827586207,444.51724137931035,1683.103448275862,801.4137931034484,1,0,0,val,/content/dentex_crops/val/train_556_24.png
train_556.png,2727,1316,26,1723.8275862068967,531.0,1868.6551724137933,809.7586206896552,1,0,0,val,/content/dentex_crops/val/train_556_26.png
train_556.png,2727,1316,27,1834.2758620689656,471.9310344827587,1973.9310344827588,818.4827586206898,1,0,0,val,/content/dentex_crops/val/train_556_27.png
train_556.png,2727,1316,34,1541.7241379310346,770.0,1636.5517241379312,1132.448275862069,1,0,0,val,/content/dentex_crops/val/train_556_34.png
train_556.png,2727,1316,35,1612.0344827586207,793.7586206896552,1717.0,1112.7241379310346,1,0,0,val,/content/dentex_crops/val/train_556_35.png
train_556.png,2727,1316,38,1864.3793103448277,777.0,2091.9655172413795,1086.6206896551726,1,0,0,val,/content/dentex_crops/val/train_556_38.png
train_556.png,2727,1316,44,1091.7241379310346,735.896551724138,1184.8275862068967,1073.0,1,0,0,val,/content/dentex_crops/val/train_556_44.png
train_556.png,2727,1316,45,1008.9655172413794,747.9655172413794,1105.5172413793105,1075.5517241379312,1,0,0,val,/content/dentex_crops/val/train_556_45.png
train_556.png,2727,1316,47,764.1379310344828,773.8275862068966,922.7586206896552,1123.8275862068967,1,0,0,val,/content/dentex_crops/val/train_556_47.png
train_556.png,2727,1316,48,499.448275862069,785.5172413793105,796.0,990.689655172414,0,1,0,val,/content/dentex_crops/val/train_556_48.png
train_179.png,2838,1316,17,747.4444444444445,454.55555555555554,920.0,710.1111111111112,1,0,0,train,/content/dentex_crops/train/train_179_17.png
train_179.png,2838,1316,26,1815.0,422.0,1967.6666666666667,737.0,1,0,0,train,/content/dentex_crops/train/train_179_26.png
train_179.png,2838,1316,27,1940.111111111111,425.44444444444446,2106.0,711.5555555555555,1,0,0,train,/content/dentex_crops/train/train_179_27.png
train_179.png,2838,1316,36,1736.111111111111,725.3333333333334,1991.0,1020.0,1,0,0,train,/content/dentex_crops/train/train_179_36.png
train_329.png,2869,1316,37,1916.0,690.0,2159.0,971.0,1,0,0,test,/content/dentex_crops/test/train_329_37.png
train_329.png,2869,1316,26,1905.0,378.0,2051.0,708.0,1,0,0,test,/content/dentex_crops/test/train_329_26.png
train_558.png,2868,1504,37,2061.0,807.0,2286.0,1093.0,1,0,0,train,/content/dentex_crops/train/train_558_37.png
train_558.png,2868,1504,16,824.0,520.0,1000.0,838.0,1,0,0,train,/content/dentex_crops/train/train_558_16.png
train_479.png,2872,1504,42,1328.0,820.0,1419.0,1172.0,0,0,1,train,/content/dentex_crops/train/train_479_42.png
train_479.png,2872,1504,32,1540.0,818.0,1673.0,1171.0,0,0,1,train,/content/dentex_crops/train/train_479_32.png
train_479.png,2872,1504,36,1869.0,852.0,2074.0,1134.0,1,0,0,train,/content/dentex_crops/train/train_479_36.png
train_479.png,2872,1504,24,1788.0,515.0,1901.0,815.0,0,1,0,train,/content/dentex_crops/train/train_479_24.png
train_479.png,2872,1504,12,1258.0,511.0,1381.0,798.0,1,0,0,train,/content/dentex_crops/train/train_479_12.png
train_479.png,2872,1504,22,1613.0,519.0,1726.0,824.0,1,0,0,train,/content/dentex_crops/train/train_479_22.png
train_479.png,2872,1504,34,1709.0,831.0,1816.0,1153.0,1,0,0,train,/content/dentex_crops/train/train_479_34.png
train_479.png,2872,1504,28,2099.0,557.0,2245.0,831.0,1,0,0,train,/content/dentex_crops/train/train_479_28.png
train_479.png,2872,1504,14,1090.0,537.0,1230.0,853.0,1,0,0,train,/content/dentex_crops/train/train_479_14.png
train_607.png,2870,1316,46,928.0,603.0,1153.0,900.0,1,0,1,test,/content/dentex_crops/test/train_607_46.png
train_607.png,2870,1316,36,1736.0,640.0,1967.0,913.0,1,0,0,test,/content/dentex_crops/test/train_607_36.png
train_138.png,2753,1316,17,698.5294117647059,117.8235294117647,839.7058823529411,501.6470588235294,1,0,0,train,/content/dentex_crops/train/train_138_17.png
train_138.png,2753,1316,18,589.2941176470588,173.0,755.470588235294,468.1176470588235,1,0,0,train,/content/dentex_crops/train/train_138_18.png
train_138.png,2753,1316,26,1761.764705882353,127.94117647058823,1948.5294117647059,541.1764705882352,1,0,0,train,/content/dentex_crops/train/train_138_26.png
train_138.png,2753,1316,37,1883.8235294117646,519.1176470588235,2132.3529411764703,864.7058823529411,1,0,0,train,/content/dentex_crops/train/train_138_37.png
train_138.png,2753,1316,36,1738.2352941176468,554.4117647058823,1995.5882352941176,930.8823529411764,1,0,0,train,/content/dentex_crops/train/train_138_36.png
train_138.png,2753,1316,46,830.8823529411765,538.2352941176471,1100.0,854.0,0,1,0,train,/content/dentex_crops/train/train_138_46.png
train_668.png,2871,1316,16,945.4545454545454,444.15584415584414,1087.012987012987,727.2727272727273,1,0,0,train,/content/dentex_crops/train/train_668_16.png
train_668.png,2871,1316,25,1638.9610389610389,444.15584415584414,1757.1428571428569,723.3766233766233,0,1,0,train,/content/dentex_crops/train/train_668_25.png
train_668.png,2871,1316,26,1729.8701298701299,445.45454545454544,1879.2207792207791,725.974025974026,1,0,0,train,/content/dentex_crops/train/train_668_26.png
train_668.png,2871,1316,33,1511.6883116883116,751.9480519480519,1618.1818181818182,1025.974025974026,1,0,0,train,/content/dentex_crops/train/train_668_33.png
train_668.png,2871,1316,36,1740.983606557377,738.5245901639345,1954.9180327868853,1013.9344262295082,1,0,0,train,/content/dentex_crops/train/train_668_36.png
train_668.png,2871,1316,45,1072.1311475409836,748.360655737705,1186.8852459016393,994.2622950819672,1,0,0,train,/content/dentex_crops/train/train_668_45.png
train_668.png,2871,1316,46,867.2131147540983,751.6393442622951,1098.360655737705,1019.672131147541,1,0,0,train,/content/dentex_crops/train/train_668_46.png
train_194.png,2800,1316,16,930.8823529411764,535.2941176470588,1050.0,735.2941176470588,0,1,0,train,/content/dentex_crops/train/train_194_16.png
train_194.png,2800,1316,17,807.3529411764705,502.0,954.4117647058823,789.7058823529411,1,0,0,train,/content/dentex_crops/train/train_194_17.png
train_194.png,2800,1316,26,1767.6470588235293,479.0,1904.4117647058822,788.235294117647,1,0,0,train,/content/dentex_crops/train/train_194_26.png
train_194.png,2800,1316,38,2014.1176470588234,722.4117647058823,2170.0,983.0,1,0,0,train,/content/dentex_crops/train/train_194_38.png
train_194.png,2800,1316,35,1710.2941176470588,794.1176470588234,1830.8823529411764,1026.4705882352941,1,0,0,train,/content/dentex_crops/train/train_194_35.png
train_111.png,2806,1316,36,1749.0,761.0,1920.0,1060.0,1,0,0,val,/content/dentex_crops/val/train_111_36.png
train_33.png,3003,1316,27,1891.3396226415093,428.5283018867924,2028.132075471698,703.0566037735849,0,1,0,train,/content/dentex_crops/train/train_33_27.png
train_389.png,2873,1316,13,1212.7272727272725,296.3636363636363,1314.5454545454545,672.7272727272726,1,0,0,test,/content/dentex_crops/test/train_389_13.png
train_120.png,2875,1316,15,1031.6831683168316,349.5049504950495,1132.6732673267327,674.2574257425742,1,0,0,test,/content/dentex_crops/test/train_120_15.png
train_120.png,2875,1316,16,900.0,369.3069306930693,1055.4455445544554,668.3168316831683,1,0,0,test,/content/dentex_crops/test/train_120_16.png
train_120.png,2875,1316,26,1811.881188118812,339.6039603960396,1970.2970297029703,662.3762376237623,1,0,0,test,/content/dentex_crops/test/train_120_26.png
train_120.png,2875,1316,37,1866.4804469273743,643.5754189944134,2129.050279329609,962.5698324022346,1,0,0,test,/content/dentex_crops/test/train_120_37.png
train_238.png,2886,1316,47,845.0,783.0,1057.0,1020.0,0,0,1,test,/content/dentex_crops/test/train_238_47.png
train_224.png,2978,1316,36,1878.0,647.0,2133.0,942.0,1,0,0,train,/content/dentex_crops/train/train_224_36.png
train_224.png,2978,1316,35,1798.0,706.0,1943.0,975.0,1,0,0,train,/content/dentex_crops/train/train_224_35.png
train_224.png,2978,1316,26,1839.0,304.0,2011.0,609.0,1,0,0,train,/content/dentex_crops/train/train_224_26.png
train_224.png,2978,1316,45,1138.0,689.0,1283.0,996.0,1,0,0,train,/content/dentex_crops/train/train_224_45.png
train_675.png,2872,1504,28,2062.0,429.0,2311.0,762.0,1,0,0,train,/content/dentex_crops/train/train_675_28.png
train_675.png,2872,1504,26,1835.0,467.0,2017.0,810.0,1,0,0,train,/content/dentex_crops/train/train_675_26.png
train_193.png,2872,1504,45,1157.0,799.0,1246.0,1082.0,1,0,0,train,/content/dentex_crops/train/train_193_45.png
train_193.png,2872,1504,37,1812.0,766.0,2035.0,1033.0,0,1,0,train,/content/dentex_crops/train/train_193_37.png
train_193.png,2872,1504,27,1892.0,498.0,2038.0,779.0,0,1,0,train,/content/dentex_crops/train/train_193_27.png
train_193.png,2872,1504,18,866.2162162162163,568.918918918919,967.5675675675676,701.3513513513514,0,1,0,train,/content/dentex_crops/train/train_193_18.png
train_613.png,2802,1316,44,1146.0,796.0,1241.0,1110.0,1,0,0,train,/content/dentex_crops/train/train_613_44.png
train_613.png,2802,1316,12,1266.0,486.0,1343.0,783.0,1,0,0,train,/content/dentex_crops/train/train_613_12.png
train_338.png,2910,1316,26,1795.1428571428569,437.0,2004.0,741.8571428571428,1,0,0,test,/content/dentex_crops/test/train_338_26.png
train_338.png,2910,1316,45,1084.0,781.0,1237.0,1049.0,1,0,0,test,/content/dentex_crops/test/train_338_45.png
train_338.png,2910,1316,47,804.9999999999999,703.8571428571428,1052.0,978.0,1,0,0,test,/content/dentex_crops/test/train_338_47.png
train_657.png,2851,1316,27,1916.0,471.0,2043.0,771.0,1,0,0,train,/content/dentex_crops/train/train_657_27.png
train_657.png,2851,1316,35,1677.0,795.0,1793.0,1074.0,1,0,0,train,/content/dentex_crops/train/train_657_35.png
train_344.png,2850,1316,15,1042.0,418.0,1138.0,711.0,0,1,0,train,/content/dentex_crops/train/train_344_15.png
train_344.png,2850,1316,16,933.0,423.0,1062.0,707.0,1,0,0,train,/content/dentex_crops/train/train_344_16.png
train_344.png,2850,1316,27,1881.0,400.0,2025.0,653.0,1,0,0,train,/content/dentex_crops/train/train_344_27.png
train_599.png,2872,1504,18,658.0,454.0,815.0,810.0,1,0,0,train,/content/dentex_crops/train/train_599_18.png
train_599.png,2872,1504,47,775.0,815.0,986.0,1164.0,1,0,0,train,/content/dentex_crops/train/train_599_47.png
train_599.png,2872,1504,27,2035.0,498.0,2206.0,814.0,1,0,0,train,/content/dentex_crops/train/train_599_27.png
train_599.png,2872,1504,35,1735.0,831.0,1875.0,1214.0,1,0,0,train,/content/dentex_crops/train/train_599_35.png
train_599.png,2872,1504,15,1037.837837837838,408.1081081081081,1143.2432432432433,812.1621621621622,0,0,1,train,/content/dentex_crops/train/train_599_15.png
train_599.png,2872,1504,24,1693.2432432432433,409.4594594594595,1843.2432432432433,797.2972972972973,0,0,1,train,/content/dentex_crops/train/train_599_24.png
train_370.png,2948,1316,16,1002.7142857142856,438.57142857142856,1192.0,718.0,1,0,0,val,/content/dentex_crops/val/train_370_16.png
train_370.png,2948,1316,17,893.1428571428571,404.8571428571428,1088.0,699.0,1,0,0,val,/content/dentex_crops/val/train_370_17.png
train_370.png,2948,1316,18,804.8571428571428,384.2857142857142,1010.0,643.0,0,1,0,val,/content/dentex_crops/val/train_370_18.png
train_370.png,2948,1316,26,1851.2857142857142,474.2857142857142,1968.4285714285713,788.5714285714284,1,0,0,val,/content/dentex_crops/val/train_370_26.png
train_370.png,2948,1316,27,1959.0,479.9999999999999,2086.0,754.2857142857142,1,0,0,val,/content/dentex_crops/val/train_370_27.png
train_370.png,2948,1316,28,2024.9999999999998,463.0,2172.0,700.0,0,1,0,val,/content/dentex_crops/val/train_370_28.png
train_370.png,2948,1316,37,1921.7142857142856,749.0,2143.0,1024.0,1,0,0,val,/content/dentex_crops/val/train_370_37.png
train_370.png,2948,1316,48,652.0,595.7142857142857,920.2857142857142,839.0,1,0,0,val,/content/dentex_crops/val/train_370_48.png
val_15.png,2892,1316,46,987.0,619.0,1187.0,889.0,1,0,0,val,/content/dentex_crops/val/val_15_46.png
val_15.png,2892,1316,16,1007.0,315.0,1159.0,606.0,1,0,0,val,/content/dentex_crops/val/val_15_16.png
val_15.png,2892,1316,36,1804.0,635.0,2014.0,930.0,1,0,0,val,/content/dentex_crops/val/val_15_36.png
val_38.png,2942,1316,35,1671.0,757.0,1986.0,1152.0,0,0,1,test,/content/dentex_crops/test/val_38_35.png
val_33.png,2987,1316,17,1049.0,400.0,1175.0,673.0,0,1,0,train,/content/dentex_crops/train/val_33_17.png
val_33.png,2987,1316,16,1151.0,410.0,1261.0,681.0,1,0,0,train,/content/dentex_crops/train/val_33_16.png
val_33.png,2987,1316,34,1655.0,749.0,1768.0,1000.0,1,0,0,train,/content/dentex_crops/train/val_33_34.png
val_33.png,2987,1316,36,1757.7419354838707,696.8387096774193,1994.7419354838707,972.8387096774193,1,0,0,train,/content/dentex_crops/train/val_33_36.png
val_33.png,2987,1316,26,1774.0,425.0,1906.0,703.0,1,0,0,train,/content/dentex_crops/train/val_33_26.png
val_33.png,2987,1316,44,1239.240506329114,730.379746835443,1350.632911392405,1000.0,1,0,0,train,/content/dentex_crops/train/val_33_44.png
val_30.png,2872,1504,44,1236.0,907.0,1364.0,1192.0,0,0,1,train,/content/dentex_crops/train/val_30_44.png
val_30.png,2872,1504,34,1685.0,924.0,1777.0,1219.0,0,0,1,train,/content/dentex_crops/train/val_30_34.png
val_30.png,2872,1504,43,1310.0,965.0,1410.0,1216.0,1,0,0,train,/content/dentex_crops/train/val_30_43.png
val_30.png,2872,1504,33,1628.0,940.0,1697.0,1246.0,0,1,0,train,/content/dentex_crops/train/val_30_33.png
val_30.png,2872,1504,32,1553.0,914.0,1632.0,1207.0,0,1,0,train,/content/dentex_crops/train/val_30_32.png
val_5.png,2970,1316,27,1859.0,335.0,1992.0,607.0,1,0,0,train,/content/dentex_crops/train/val_5_27.png
val_5.png,2970,1316,36,1739.875,646.0,1952.875,947.0,1,0,0,train,/content/dentex_crops/train/val_5_36.png
val_21.png,2860,1316,17,856.060606060606,384.8484848484848,998.4848484848484,706.060606060606,1,0,0,train,/content/dentex_crops/train/val_21_17.png
val_21.png,2860,1316,18,765.1515151515151,393.93939393939394,896.9696969696969,692.4242424242424,0,1,0,train,/content/dentex_crops/train/val_21_18.png
val_21.png,2860,1316,37,1901.5151515151515,707.5757575757575,2128.7878787878785,1003.030303030303,1,0,0,train,/content/dentex_crops/train/val_21_37.png
val_21.png,2860,1316,46,944.9393939393939,738.8787878787879,1137.3636363636363,1043.4242424242423,1,0,0,train,/content/dentex_crops/train/val_21_46.png
val_39.png,2804,1504,14,977.0,477.0,1146.0,799.0,0,1,0,train,/content/dentex_crops/train/val_39_14.png
val_46.png,2883,1316,34,1643.7272727272725,774.7272727272726,1772.8181818181818,1069.2727272727273,1,0,0,train,/content/dentex_crops/train/val_46_34.png
val_46.png,2883,1316,36,1772.6363636363635,720.2727272727273,2002.0,1035.0,1,0,0,train,/content/dentex_crops/train/val_46_36.png
val_20.png,2967,1316,38,1973.0,664.0,2187.0,902.0,1,0,0,train,/content/dentex_crops/train/val_20_38.png
val_3.png,2872,1504,36,1796.969696969697,813.6363636363636,2007.5757575757575,1130.3030303030303,0,1,0,train,/content/dentex_crops/train/val_3_36.png
val_2.png,1976,976,16,654.3766578249337,316.18037135278513,735.8090185676392,509.0185676392573,1,0,0,test,/content/dentex_crops/test/val_2_16.png
val_2.png,1976,976,26,1163.8009049773757,321.71945701357464,1244.7963800904977,517.6470588235294,1,0,0,test,/content/dentex_crops/test/val_2_26.png
val_2.png,1976,976,28,1288.6877828054298,312.21719457013575,1381.9004524886877,478.28054298642536,1,0,0,test,/content/dentex_crops/test/val_2_28.png
val_2.png,1976,976,36,1129.5555555555557,527.5972222222223,1303.513888888889,745.6527777777778,1,0,0,test,/content/dentex_crops/test/val_2_36.png
val_2.png,1976,976,37,1209.0277777777778,505.90277777777777,1366.3194444444446,705.2083333333334,1,0,0,test,/content/dentex_crops/test/val_2_37.png
val_2.png,1976,976,46,602.7777777777778,522.5694444444445,774.3055555555555,726.7361111111111,1,0,0,test,/content/dentex_crops/test/val_2_46.png
val_2.png,1976,976,47,540.625,496.1805555555556,691.3194444444445,684.0277777777778,1,0,0,test,/content/dentex_crops/test/val_2_47.png
val_16.png,2870,1316,38,1957.0,671.0,2174.0,913.0,0,1,0,train,/content/dentex_crops/train/val_16_38.png
val_16.png,2870,1316,37,1855.0,677.0,2016.0,961.0,0,1,0,train,/content/dentex_crops/train/val_16_37.png
val_16.png,2870,1316,36,1730.0,699.0,1936.0,986.0,1,0,0,train,/content/dentex_crops/train/val_16_36.png
val_16.png,2870,1316,15,1109.0,391.0,1239.0,714.0,0,1,0,train,/content/dentex_crops/train/val_16_15.png
val_16.png,2870,1316,48,721.0,647.0,986.0,906.0,0,1,0,train,/content/dentex_crops/train/val_16_48.png
val_16.png,2870,1316,47,837.0,691.0,1111.0,994.0,1,0,0,train,/content/dentex_crops/train/val_16_47.png
val_25.png,3004,1316,47,911.0,781.0,1216.0,1033.0,1,0,0,train,/content/dentex_crops/train/val_25_47.png
val_25.png,3004,1316,34,1667.0,842.0,1766.0,1142.0,1,0,0,train,/content/dentex_crops/train/val_25_34.png
val_24.png,2745,1316,16,871.1081081081081,587.2972972972973,1019.0,876.4864864864865,1,0,0,train,/content/dentex_crops/train/val_24_16.png
val_24.png,2745,1316,17,764.4054054054054,552.972972972973,898.0,864.0,1,0,0,train,/content/dentex_crops/train/val_24_17.png
val_31.png,2872,1504,47,877.0,951.0,1097.0,1214.0,1,0,0,train,/content/dentex_crops/train/val_31_47.png
val_31.png,2872,1504,46,1015.0,982.0,1226.0,1265.0,1,0,0,train,/content/dentex_crops/train/val_31_46.png
val_31.png,2872,1504,16,1021.0,722.0,1166.0,980.0,1,0,0,train,/content/dentex_crops/train/val_31_16.png
val_31.png,2872,1504,36,1773.0,975.0,1984.0,1252.0,1,0,0,train,/content/dentex_crops/train/val_31_36.png
val_31.png,2872,1504,26,1827.0,692.0,1995.0,973.0,1,0,0,train,/content/dentex_crops/train/val_31_26.png
val_44.png,2744,1316,16,992.2222222222222,351.1111111111111,1136.6666666666667,654.4444444444445,1,0,0,val,/content/dentex_crops/val/val_44_16.png
val_44.png,2744,1316,22,1433.3333333333333,361.1111111111111,1522.2222222222222,707.7777777777777,1,0,0,val,/content/dentex_crops/val/val_44_22.png
val_44.png,2744,1316,37,1795.5555555555554,631.1111111111111,2080.0,907.7777777777777,1,0,0,val,/content/dentex_crops/val/val_44_37.png
val_44.png,2744,1316,47,785.5555555555555,621.1111111111111,1052.2222222222222,923.3333333333333,1,0,0,val,/content/dentex_crops/val/val_44_47.png
val_27.png,2872,1504,37,1996.0,882.0,2319.0,1191.0,1,0,0,train,/content/dentex_crops/train/val_27_37.png
val_27.png,2872,1504,17,861.0,587.0,1018.0,892.0,1,0,0,train,/content/dentex_crops/train/val_27_17.png
val_27.png,2872,1504,26,1945.0,589.0,2101.0,917.0,1,0,0,train,/content/dentex_crops/train/val_27_26.png
val_27.png,2872,1504,44,1178.0,921.0,1330.0,1253.0,1,0,0,train,/content/dentex_crops/train/val_27_44.png
val_41.png,2868,1504,46,914.0,913.0,1127.0,1159.0,0,1,0,train,/content/dentex_crops/train/val_41_46.png
val_41.png,2868,1504,38,2133.0,855.0,2375.0,1046.0,0,1,0,train,/content/dentex_crops/train/val_41_38.png
val_41.png,2868,1504,35,1795.0,893.0,1949.0,1210.0,1,0,0,train,/content/dentex_crops/train/val_41_35.png
val_41.png,2868,1504,37,1990.909090909091,871.900826446281,2270.0,1149.0,1,0,0,train,/content/dentex_crops/train/val_41_37.png
val_37.png,3000,1316,25,1776.0,443.0,1879.0,659.0,0,1,0,val,/content/dentex_crops/val/val_37_25.png
val_40.png,2797,1316,12,1219.6216216216217,399.0,1319.6216216216217,681.0,1,0,0,train,/content/dentex_crops/train/val_40_12.png
val_40.png,2797,1316,13,1151.3513513513515,377.0,1254.0540540540542,676.8648648648649,1,0,0,train,/content/dentex_crops/train/val_40_13.png
val_6.png,2930,1316,37,1805.0,794.0,2039.0,1054.0,1,0,0,test,/content/dentex_crops/test/val_6_37.png
val_18.png,3003,1316,46,897.1014492753623,619.0,1176.1014492753623,936.0,1,0,1,train,/content/dentex_crops/train/val_18_46.png
val_18.png,3003,1316,28,1952.173913043478,348.28985507246375,2111.5942028985505,564.231884057971,0,1,0,train,/content/dentex_crops/train/val_18_28.png
val_13.png,2967,1316,26,1842.0,491.9999999999999,2026.0,807.0,0,1,0,train,/content/dentex_crops/train/val_13_26.png
val_13.png,2967,1316,46,936.0,804.4705882352941,1147.0,1094.0,0,1,0,train,/content/dentex_crops/train/val_13_46.png
val_8.png,2822,1316,16,915.0,525.0,1048.3333333333335,778.3333333333334,1,0,0,train,/content/dentex_crops/train/val_8_16.png
val_8.png,2822,1316,28,1947.0,558.6666666666667,2074.3333333333335,790.3333333333334,1,0,0,train,/content/dentex_crops/train/val_8_28.png
val_8.png,2822,1316,36,1666.3333333333335,808.3333333333334,1859.6666666666667,1085.0,1,0,0,train,/content/dentex_crops/train/val_8_36.png
val_8.png,2822,1316,37,1800.0,783.3333333333334,1980.0,1058.3333333333335,1,0,0,train,/content/dentex_crops/train/val_8_37.png
val_49.png,2836,1316,15,1003.4090909090909,519.3181818181819,1123.8636363636363,748.8636363636364,1,0,0,train,/content/dentex_crops/train/val_49_15.png
val_49.png,2836,1316,16,878.4090909090909,462.5,1023.8636363636364,757.9545454545455,1,0,0,train,/content/dentex_crops/train/val_49_16.png
val_49.png,2836,1316,25,1694.0677966101696,560.1694915254237,1844.9152542372883,755.0847457627119,1,0,0,train,/content/dentex_crops/train/val_49_25.png
val_1.png,1976,976,16,611.0,292.0,710.75,489.5,1,0,0,train,/content/dentex_crops/train/val_1_16.png
val_1.png,1976,976,36,1150.75,478.25,1338.25,662.0,1,0,0,train,/content/dentex_crops/train/val_1_36.png
val_1.png,1976,976,47,474.5,472.0,648.25,669.5,1,0,0,train,/content/dentex_crops/train/val_1_47.png
val_43.png,2872,1504,17,754.0,529.0,894.0,810.0,1,0,0,train,/content/dentex_crops/train/val_43_17.png
val_43.png,2872,1504,16,875.0,511.0,1031.0,816.0,1,0,0,train,/content/dentex_crops/train/val_43_16.png
val_43.png,2872,1504,14,1093.0,521.0,1200.0,805.0,1,0,0,train,/content/dentex_crops/train/val_43_14.png
val_43.png,2872,1504,18,660.8108108108108,501.35135135135135,797.2972972972973,748.6486486486486,0,1,0,train,/content/dentex_crops/train/val_43_18.png
val_28.png,2872,1504,36,1786.0,951.3513513513514,2033.0,1280.0,0,1,1,val,/content/dentex_crops/val/val_28_36.png
val_28.png,2872,1504,16,996.0,658.0,1150.0,981.0,1,0,0,val,/content/dentex_crops/val/val_28_16.png
val_28.png,2872,1504,15,1127.0,668.0,1231.0,968.0,1,0,0,val,/content/dentex_crops/val/val_28_15.png
val_28.png,2872,1504,26,1760.0,631.0,1930.0,954.0,1,0,0,val,/content/dentex_crops/val/val_28_26.png
val_28.png,2872,1504,11,1376.0,640.0,1470.0,975.0,1,0,0,val,/content/dentex_crops/val/val_28_11.png
val_28.png,2872,1504,46,970.2702702702703,968.918918918919,1170.2702702702702,1220.2702702702702,0,0,1,val,/content/dentex_crops/val/val_28_46.png
val_19.png,2872,1504,37,1881.0,802.0,2208.0,1120.0,0,1,0,train,/content/dentex_crops/train/val_19_37.png
val_19.png,2872,1504,38,2019.0,772.0,2327.0,1070.0,0,0,1,train,/content/dentex_crops/train/val_19_38.png
val_14.png,2728,1316,25,1681.25,393.08333333333337,1797.9166666666667,718.0833333333334,1,0,0,train,/content/dentex_crops/train/val_14_25.png
val_14.png,2728,1316,36,1666.6666666666667,720.1666666666667,1885.4166666666667,1036.8333333333335,1,0,0,train,/content/dentex_crops/train/val_14_36.png
val_14.png,2728,1316,37,1787.0,678.5,2029.1666666666667,1011.8333333333335,0,1,1,train,/content/dentex_crops/train/val_14_37.png
val_32.png,2747,1316,47,715.0,612.0,910.0,903.0,1,0,0,train,/content/dentex_crops/train/val_32_47.png
val_32.png,2747,1316,26,1776.0,384.0,1945.0,649.0,0,1,0,train,/content/dentex_crops/train/val_32_26.png
val_32.png,2747,1316,27,1916.0,352.0,2052.0,634.0,1,0,0,train,/content/dentex_crops/train/val_32_27.png
val_32.png,2747,1316,15,980.0,355.0,1103.0,566.0,0,1,0,train,/content/dentex_crops/train/val_32_15.png
val_36.png,1976,976,16,603.5,290.5,701.0,525.0,1,0,0,test,/content/dentex_crops/test/val_36_16.png
val_36.png,1976,976,36,1095.75,522.0,1275.75,744.5,1,0,0,test,/content/dentex_crops/test/val_36_36.png
val_36.png,1976,976,37,1190.75,509.5,1370.75,733.25,1,0,0,test,/content/dentex_crops/test/val_36_37.png
val_36.png,1976,976,38,1287.0,489.5,1472.0,674.5,1,0,0,test,/content/dentex_crops/test/val_36_38.png
val_36.png,1976,976,48,504.5,489.5,658.25,709.5,1,0,0,test,/content/dentex_crops/test/val_36_48.png
val_47.png,2829,1316,28,2036.0,602.0,2181.0,848.0,1,0,0,train,/content/dentex_crops/train/val_47_28.png
val_47.png,2829,1316,46,835.0,844.0,990.0,1092.0,1,0,0,train,/content/dentex_crops/train/val_47_46.png
val_48.png,2846,1316,35,1725.7142857142856,721.9285714285713,1834.0,997.0,1,0,0,test,/content/dentex_crops/test/val_48_35.png
val_42.png,1976,976,17,537.3015873015873,245.23809523809524,650.0,458.73015873015873,1,0,0,train,/content/dentex_crops/train/val_42_17.png
val_42.png,1976,976,26,1185.0299401197606,213.77245508982037,1298.2035928143714,459.28143712574854,1,0,0,train,/content/dentex_crops/train/val_42_26.png
val_45.png,2884,1504,14,1146.0,544.0,1228.0,879.0,0,1,0,train,/content/dentex_crops/train/val_45_14.png
val_45.png,2884,1504,37,1976.0,827.0,2259.0,1113.0,1,0,0,train,/content/dentex_crops/train/val_45_37.png
val_45.png,2884,1504,46,896.0,859.0,1147.0,1182.0,1,0,0,train,/content/dentex_crops/train/val_45_46.png
val_45.png,2884,1504,45,1059.0,878.0,1228.0,1223.0,1,0,0,train,/content/dentex_crops/train/val_45_45.png
val_4.png,2794,1316,11,1300.7543859649122,443.8245614035087,1377.9473684210525,801.7192982456139,1,0,0,test,/content/dentex_crops/test/val_4_11.png
val_4.png,2794,1316,12,1246.3684210526314,445.5789473684209,1314.7894736842104,801.7192982456139,1,0,0,test,/content/dentex_crops/test/val_4_12.png
val_4.png,2794,1316,21,1356.8947368421052,422.7719298245613,1453.3859649122805,801.7192982456139,1,0,0,test,/content/dentex_crops/test/val_4_21.png
val_4.png,2794,1316,22,1398.9999999999998,438.56140350877183,1523.5614035087717,789.4385964912279,1,0,0,test,/content/dentex_crops/test/val_4_22.png
val_34.png,2959,1316,35,1714.0,628.0,1836.0,910.0,0,0,1,train,/content/dentex_crops/train/val_34_35.png
val_34.png,2959,1316,17,792.0,250.0,977.0,577.0,1,0,0,train,/content/dentex_crops/train/val_34_17.png
val_10.png,2874,1316,45,1031.0,782.0,1135.0,1091.0,1,0,0,train,/content/dentex_crops/train/val_10_45.png
val_10.png,2874,1316,35,1662.0,788.0,1831.0,1074.0,1,0,0,train,/content/dentex_crops/train/val_10_35.png
val_10.png,2874,1316,36,1747.0,763.0,1999.0,1037.0,1,0,0,train,/content/dentex_crops/train/val_10_36.png
val_10.png,2874,1316,16,968.0,467.0,1085.0,769.0,0,1,0,train,/content/dentex_crops/train/val_10_16.png
val_10.png,2874,1316,24,1616.0,458.0,1732.0,762.0,0,1,0,train,/content/dentex_crops/train/val_10_24.png
val_10.png,2874,1316,38,2007.0,716.0,2246.0,940.0,1,0,0,train,/content/dentex_crops/train/val_10_38.png
val_10.png,2874,1316,18,745.9459459459459,454.02702702702703,891.8918918918919,718.8918918918919,0,1,0,train,/content/dentex_crops/train/val_10_18.png
val_35.png,2978,1316,47,976.0,623.0,1223.0,868.0,1,0,0,train,/content/dentex_crops/train/val_35_47.png
val_35.png,2978,1316,46,1064.0,655.0,1309.0,962.0,1,0,0,train,/content/dentex_crops/train/val_35_46.png
val_35.png,2978,1316,38,2027.0,598.0,2228.0,828.0,1,0,0,train,/content/dentex_crops/train/val_35_38.png
val_11.png,2884,1504,21,1499.0,651.0,1590.0,898.0,0,1,0,test,/content/dentex_crops/test/val_11_21.png
val_11.png,2884,1504,11,1411.0,665.0,1495.0,917.0,0,1,0,test,/content/dentex_crops/test/val_11_11.png
val_11.png,2884,1504,12,1347.0,677.0,1412.0,896.0,0,1,0,test,/content/dentex_crops/test/val_11_12.png
val_12.png,2794,1316,18,727.0,430.0,925.0,701.0,1,0,0,val,/content/dentex_crops/val/val_12_18.png
val_12.png,2794,1316,17,857.0,483.0,1027.0,760.0,1,0,0,val,/content/dentex_crops/val/val_12_17.png
val_7.png,2959,1316,46,1014.0,801.0,1259.0,1135.0,1,0,0,train,/content/dentex_crops/train/val_7_46.png
val_22.png,2912,1316,15,1106.9259259259259,323.55555555555554,1212.4814814814813,673.5555555555555,1,0,0,train,/content/dentex_crops/train/val_22_15.png
val_22.png,2912,1316,16,999.0,365.0,1152.0,678.0,0,1,0,train,/content/dentex_crops/train/val_22_16.png
val_22.png,2912,1316,17,866.1851851851851,410.5925925925925,1025.4444444444443,643.9259259259259,1,0,0,train,/content/dentex_crops/train/val_22_17.png
val_22.png,2912,1316,27,1958.7777777777776,340.2222222222222,2108.0,597.6296296296296,1,0,0,train,/content/dentex_crops/train/val_22_27.png
val_0.png,2872,1504,47,748.0,805.0,1039.0,1046.0,0,1,0,train,/content/dentex_crops/train/val_0_47.png
val_0.png,2872,1504,37,2023.0,769.0,2285.0,1027.0,0,1,0,train,/content/dentex_crops/train/val_0_37.png
